State Name,Year,Month,Day of Week,Time of Day,Accident Severity,Number of Vehicles Involved,Vehicle Type Involved,Number of Casualties,Number of Fatalities,Weather Conditions,Road Type,Road Condition,Lighting Conditions,Traffic Control Presence,Speed Limit (km/h),Driver Age,Driver License Status,Alcohol Involvement,Accident Location Details
Jammu and Kashmir,2021,May,Monday,01:46,Serious,5,Cycle,11,4,Clear,National Highway,Wet,Dark,Signs,61,51,None,Yes,Curve
Uttar Pradesh,2018,January,Wednesday,21:30,Serious,5,Truck,12,4,Clear,Urban Road,Dry,Dusk,Signs,92,46,None,Yes,Straight Road
Chhattisgarh,2023,May,Wednesday,05:37,Serious,5,Pedestrian,16,5,Foggy,National Highway,Under Construction,Dawn,Signs,120,43,None,No,Bridge
Uttar Pradesh,2020,June,Saturday,00:31,Serious,3,Bus,40,5,Rainy,State Highway,Dry,Dark,Signals,76,42,Valid,Yes,Straight Road
Sikkim,2021,August,Thursday,11:21,Minor,5,Cycle,16,1,Clear,Urban Road,Wet,Dusk,Signs,115,34,None,No,Intersection
Meghalaya,2020,November,Tuesday,08:04,Serious,1,Truck,5,2,Stormy,Village Road,Dry,Daylight,Police Checkpost,48,28,Expired,Yes,Bridge
Sikkim,2021,October,Monday,18:55,Minor,2,Two-Wheeler,12,5,Clear,Urban Road,Under Construction,Dusk,Police Checkpost,111,37,None,No,Straight Road
Himachal Pradesh,2022,December,Wednesday,11:40,Minor,3,Truck,10,5,Clear,State Highway,Damaged,Dark,Police Checkpost,62,34,Valid,No,Curve
Rajasthan,2021,July,Saturday,08:26,Minor,3,Truck,7,1,Clear,Urban Road,Damaged,Dawn,Signs,35,34,Valid,No,Straight Road
Rajasthan,2018,August,Saturday,02:01,Fatal,2,Car,10,2,Clear,State Highway,Under Construction,Dark,Signs,110,44,None,Yes,Straight Road
Himachal Pradesh,2020,April,Thursday,22:25,Minor,5,Pedestrian,10,3,Foggy,National Highway,Dry,Dusk,Signals,35,32,None,No,Straight Road
Uttar Pradesh,2018,August,Tuesday,16:49,Serious,3,Bus,47,4,Clear,National Highway,Wet,Dusk,None,46,43,Valid,No,Curve
Assam,2021,September,Saturday,23:22,Minor,1,Cycle,3,3,Clear,Village Road,Under Construction,Daylight,Signs,46,53,None,No,Straight Road
Bihar,2020,June,Wednesday,06:47,Minor,5,Car,13,0,Clear,State Highway,Wet,Dusk,Signals,98,39,Valid,No,Bridge
Telangana,2021,August,Friday,18:57,Minor,3,Bus,54,3,Clear,National Highway,Wet,Dawn,Police Checkpost,47,45,Valid,No,Intersection
Arunachal Pradesh,2018,August,Friday,12:06,Minor,4,Cycle,10,5,Stormy,State Highway,Under Construction,Dusk,Signals,60,56,None,No,Curve
Andhra Pradesh,2019,October,Sunday,12:47,Minor,2,Cycle,8,4,Rainy,Village Road,Damaged,Dark,Signs,90,11,Valid,No,Curve
Karnataka,2023,October,Thursday,18:59,Minor,5,Car,15,2,Rainy,Village Road,Wet,Dark,Signs,114,23,Expired,No,Intersection
Sikkim,2023,November,Wednesday,10:51,Serious,3,Auto-Rickshaw,9,1,Rainy,National Highway,Under Construction,Dawn,Signs,80,38,Valid,Yes,Bridge
Chhattisgarh,2022,April,Saturday,06:39,Fatal,3,Car,8,5,Foggy,State Highway,Wet,Daylight,Signs,46,33,Valid,Yes,Straight Road
Madhya Pradesh,2018,June,Tuesday,08:10,Serious,5,Two-Wheeler,10,3,Rainy,Urban Road,Dry,Dusk,Signals,30,21,Expired,Yes,Bridge
Puducherry,2022,February,Wednesday,01:35,Serious,2,Car,7,3,Clear,Urban Road,Dry,Dusk,Signs,55,21,Valid,No,Straight Road
Uttar Pradesh,2022,July,Friday,18:51,Fatal,1,Two-Wheeler,3,4,Rainy,National Highway,Wet,Dawn,Signals,34,38,Expired,Yes,Bridge
Maharashtra,2022,December,Tuesday,13:34,Minor,3,Cycle,11,3,Clear,National Highway,Dry,Daylight,None,106,22,None,No,Intersection
Jammu and Kashmir,2022,February,Monday,03:29,Minor,1,Two-Wheeler,4,1,Snowy,Urban Road,Damaged,Dawn,Police Checkpost,31,37,None,No,Straight Road
Tamil Nadu,2018,August,Tuesday,11:10,Fatal,3,Auto-Rickshaw,13,2,Clear,National Highway,Wet,Daylight,Police Checkpost,92,50,None,Yes,Intersection
Madhya Pradesh,2019,April,Wednesday,15:58,Minor,2,Pedestrian,7,5,Clear,State Highway,Under Construction,Daylight,Police Checkpost,71,45,None,No,Straight Road
Madhya Pradesh,2023,August,Wednesday,00:54,Serious,1,Car,9,1,Clear,National Highway,Damaged,Dusk,None,90,29,Expired,No,Bridge
Chandigarh,2019,March,Friday,15:42,Minor,2,Bus,9,0,Clear,Village Road,Wet,Daylight,Signals,83,57,Expired,No,Curve
Uttar Pradesh,2018,May,Sunday,10:53,Fatal,3,Two-Wheeler,6,1,Foggy,National Highway,Under Construction,Dusk,None,33,64,Valid,Yes,Straight Road
Gujarat,2019,March,Thursday,15:01,Serious,2,Car,8,0,Clear,State Highway,Under Construction,Dawn,Signs,69,47,Valid,No,Bridge
Uttar Pradesh,2022,November,Tuesday,09:25,Minor,1,Bus,5,3,Clear,National Highway,Under Construction,Dark,Signals,53,39,Valid,No,Straight Road
Maharashtra,2020,July,Saturday,23:21,Serious,5,Bus,12,2,Clear,Urban Road,Damaged,Dawn,Signs,82,53,Valid,No,Curve
Odisha,2018,July,Thursday,12:01,Fatal,3,Auto-Rickshaw,9,2,Clear,State Highway,Damaged,Dark,Signs,79,66,Valid,Yes,Curve
Telangana,2023,August,Saturday,17:37,Serious,2,Pedestrian,5,3,Stormy,National Highway,Dry,Dawn,None,30,36,None,Yes,Bridge
West Bengal,2023,February,Sunday,11:02,Fatal,3,Cycle,13,5,Clear,Village Road,Damaged,Dark,None,106,49,Expired,Yes,Straight Road
Kerala,2019,January,Tuesday,16:03,Minor,2,Car,11,1,Foggy,State Highway,Damaged,Dawn,None,102,51,Expired,No,Bridge
Assam,2020,July,Thursday,19:18,Minor,2,Car,6,5,Clear,National Highway,Under Construction,Dawn,None,48,24,Expired,No,Curve
Nagaland,2018,June,Saturday,17:43,Minor,5,Truck,8,3,Clear,Urban Road,Under Construction,Dusk,Police Checkpost,32,49,Valid,No,Intersection
Meghalaya,2022,February,Monday,06:20,Minor,1,Truck,6,1,Rainy,Urban Road,Under Construction,Dusk,Signs,59,73,Valid,No,Straight Road
Chhattisgarh,2022,February,Wednesday,17:08,Minor,2,Truck,9,5,Rainy,National Highway,Under Construction,Daylight,None,88,46,Expired,No,Bridge
Gujarat,2022,July,Tuesday,20:19,Serious,5,Auto-Rickshaw,12,2,Clear,Village Road,Damaged,Dusk,Signs,83,45,Valid,No,Intersection
West Bengal,2020,April,Friday,07:58,Minor,2,Auto-Rickshaw,7,5,Clear,State Highway,Under Construction,Dawn,None,58,41,Valid,No,Bridge
West Bengal,2018,December,Sunday,07:46,Serious,5,Cycle,9,5,Rainy,Village Road,Damaged,Dark,Signals,30,75,Valid,Yes,Straight Road
Tripura,2022,February,Sunday,10:52,Minor,1,Truck,10,1,Clear,National Highway,Damaged,Dawn,Signs,104,25,Valid,No,Curve
Karnataka,2021,February,Wednesday,22:36,Fatal,3,Truck,12,5,Rainy,Urban Road,Under Construction,Dark,Police Checkpost,93,27,None,Yes,Intersection
West Bengal,2021,November,Friday,09:04,Minor,3,Auto-Rickshaw,10,4,Foggy,State Highway,Damaged,Dark,Signs,82,55,None,No,Intersection
Chhattisgarh,2020,January,Tuesday,19:34,Fatal,5,Cycle,14,2,Rainy,Village Road,Wet,Daylight,Signs,82,25,Valid,Yes,Curve
Himachal Pradesh,2019,October,Wednesday,05:00,Fatal,2,Car,12,5,Clear,Village Road,Under Construction,Daylight,Signs,108,42,None,Yes,Intersection
Gujarat,2023,May,Sunday,04:33,Minor,4,Auto-Rickshaw,7,4,Clear,National Highway,Dry,Dusk,None,41,19,Valid,No,Curve
Gujarat,2019,December,Wednesday,00:26,Serious,4,Two-Wheeler,9,5,Rainy,State Highway,Wet,Dusk,None,61,34,None,No,Intersection
Uttar Pradesh,2018,May,Thursday,18:57,Minor,2,Two-Wheeler,10,2,Clear,National Highway,Wet,Dusk,None,109,49,Valid,No,Bridge
Odisha,2022,August,Tuesday,22:43,Minor,4,Two-Wheeler,7,3,Clear,National Highway,Under Construction,Daylight,None,30,40,Expired,No,Curve
Uttarakhand,2022,May,Sunday,09:10,Fatal,5,Auto-Rickshaw,17,4,Clear,State Highway,Damaged,Dawn,Police Checkpost,114,36,None,Yes,Straight Road
Chhattisgarh,2021,April,Saturday,05:38,Serious,4,Pedestrian,10,4,Foggy,State Highway,Dry,Dusk,Signals,37,13,Valid,Yes,Intersection
Karnataka,2020,October,Thursday,20:21,Minor,2,Bus,58,5,Clear,State Highway,Under Construction,Dark,Signs,50,70,Expired,No,Straight Road
Uttarakhand,2022,February,Sunday,00:35,Serious,1,Car,8,1,Stormy,National Highway,Wet,Dark,Police Checkpost,89,53,None,No,Intersection
Arunachal Pradesh,2023,February,Friday,22:31,Fatal,2,Two-Wheeler,12,2,Rainy,State Highway,Under Construction,Daylight,Police Checkpost,117,46,None,Yes,Bridge
West Bengal,2022,November,Tuesday,00:24,Minor,5,Cycle,10,4,Rainy,State Highway,Wet,Dawn,Signs,45,57,None,No,Bridge
Chhattisgarh,2018,April,Monday,07:09,Fatal,3,Two-Wheeler,11,3,Foggy,State Highway,Dry,Dawn,None,70,63,Valid,Yes,Bridge
Haryana,2021,August,Sunday,08:33,Minor,1,Two-Wheeler,6,4,Rainy,State Highway,Dry,Dark,Signals,60,18,None,No,Intersection
Andhra Pradesh,2022,January,Monday,07:51,Serious,1,Pedestrian,12,0,Clear,National Highway,Dry,Dawn,None,95,57,Expired,No,Bridge
Assam,2023,June,Saturday,06:10,Minor,2,Bus,5,0,Clear,Urban Road,Dry,Dusk,Signals,31,43,Expired,No,Straight Road
Himachal Pradesh,2018,October,Saturday,10:06,Minor,1,Cycle,9,3,Clear,Village Road,Damaged,Dawn,None,85,47,Valid,No,Intersection
Odisha,2019,June,Thursday,21:56,Serious,5,Two-Wheeler,14,3,Clear,Village Road,Dry,Daylight,Police Checkpost,110,57,Valid,Yes,Curve
Telangana,2019,August,Saturday,10:54,Minor,3,Bus,10,2,Foggy,National Highway,Wet,Dawn,Signs,90,38,Valid,No,Intersection
Uttarakhand,2021,February,Thursday,20:23,Minor,1,Auto-Rickshaw,6,0,Clear,Urban Road,Wet,Dark,None,61,31,Expired,No,Straight Road
Goa,2018,February,Saturday,15:01,Fatal,3,Auto-Rickshaw,6,4,Clear,Village Road,Damaged,Dawn,None,35,40,None,Yes,Curve
Chandigarh,2023,August,Wednesday,17:55,Minor,4,Auto-Rickshaw,10,5,Rainy,Village Road,Damaged,Dusk,Police Checkpost,85,47,Valid,No,Straight Road
Assam,2023,April,Sunday,05:27,Minor,2,Pedestrian,10,0,Rainy,State Highway,Wet,Daylight,Signals,99,50,Valid,No,Intersection
Odisha,2018,May,Wednesday,00:29,Minor,3,Pedestrian,5,3,Clear,Urban Road,Wet,Dusk,None,30,40,None,No,Intersection
Mizoram,2018,June,Friday,16:53,Fatal,4,Truck,13,2,Clear,Village Road,Dry,Dark,None,97,44,None,Yes,Intersection
Gujarat,2023,March,Wednesday,13:40,Minor,3,Truck,12,3,Foggy,Urban Road,Wet,Dawn,Signs,105,43,Expired,No,Intersection
Meghalaya,2018,April,Tuesday,02:42,Serious,5,Auto-Rickshaw,13,2,Rainy,State Highway,Under Construction,Dawn,Signs,94,41,Expired,Yes,Straight Road
Karnataka,2019,October,Monday,05:10,Serious,4,Bus,8,2,Stormy,Village Road,Wet,Dark,None,44,56,None,Yes,Bridge
Uttarakhand,2020,April,Saturday,16:57,Fatal,3,Bus,10,2,Clear,State Highway,Wet,Dark,Police Checkpost,66,54,Expired,Yes,Straight Road
Delhi,2018,January,Tuesday,04:43,Fatal,5,Two-Wheeler,11,4,Rainy,State Highway,Under Construction,Dusk,None,77,30,None,Yes,Intersection
Jharkhand,2022,April,Thursday,00:43,Serious,4,Cycle,7,3,Clear,State Highway,Dry,Dark,Police Checkpost,38,13,None,Yes,Straight Road
Assam,2020,April,Saturday,19:42,Minor,1,Car,4,2,Clear,Village Road,Damaged,Dark,Signals,43,52,None,No,Straight Road
Jammu and Kashmir,2023,February,Saturday,09:18,Minor,1,Cycle,6,1,Clear,National Highway,Dry,Dusk,Signals,41,55,None,No,Bridge
Punjab,2018,April,Tuesday,15:40,Minor,5,Car,9,3,Clear,National Highway,Dry,Dark,Police Checkpost,30,30,None,No,Curve
Jammu and Kashmir,2023,December,Friday,17:12,Serious,5,Cycle,12,3,Rainy,Urban Road,Under Construction,Dark,Signals,68,36,Expired,Yes,Intersection
Gujarat,2018,August,Thursday,09:03,Serious,4,Pedestrian,10,0,Clear,National Highway,Dry,Dawn,Signals,74,29,Expired,No,Bridge
Maharashtra,2019,June,Monday,16:44,Fatal,2,Car,9,5,Clear,State Highway,Under Construction,Dawn,Signals,101,37,None,Yes,Bridge
Manipur,2020,May,Sunday,08:53,Fatal,5,Two-Wheeler,9,1,Clear,Urban Road,Wet,Daylight,Signals,33,48,Valid,Yes,Bridge
Maharashtra,2023,May,Wednesday,12:02,Minor,4,Two-Wheeler,10,1,Clear,Urban Road,Under Construction,Dusk,Signs,57,48,Expired,No,Straight Road
Chandigarh,2020,October,Wednesday,17:06,Fatal,1,Car,5,1,Rainy,Village Road,Damaged,Dusk,None,43,22,Expired,Yes,Curve
Madhya Pradesh,2022,July,Sunday,02:57,Fatal,1,Car,6,2,Clear,Urban Road,Dry,Dawn,Signs,81,41,Expired,Yes,Intersection
Bihar,2023,March,Monday,03:27,Minor,4,Bus,53,1,Clear,Village Road,Dry,Dusk,Signals,67,48,Expired,No,Bridge
Tripura,2022,February,Saturday,02:35,Serious,4,Cycle,12,0,Foggy,State Highway,Under Construction,Dusk,Signals,98,54,Expired,Yes,Curve
Madhya Pradesh,2018,October,Tuesday,11:17,Minor,2,Bus,8,3,Clear,Village Road,Under Construction,Daylight,Signs,73,56,Expired,No,Curve
Jharkhand,2021,November,Tuesday,23:18,Fatal,2,Bus,10,0,Clear,Village Road,Dry,Dusk,None,95,50,Expired,Yes,Intersection
Assam,2022,May,Saturday,12:31,Fatal,2,Bus,11,4,Rainy,Urban Road,Damaged,Dark,None,82,58,None,Yes,Bridge
Punjab,2018,August,Sunday,14:45,Minor,1,Cycle,7,1,Rainy,Village Road,Wet,Daylight,Signals,74,29,Expired,No,Curve
Nagaland,2018,July,Friday,09:17,Minor,3,Auto-Rickshaw,7,3,Stormy,Urban Road,Damaged,Dawn,Signs,47,43,Valid,No,Curve
Uttar Pradesh,2020,April,Saturday,01:29,Minor,4,Car,8,3,Clear,National Highway,Damaged,Daylight,None,36,36,Expired,No,Curve
Gujarat,2022,August,Sunday,12:26,Fatal,1,Two-Wheeler,5,3,Rainy,State Highway,Under Construction,Daylight,Signs,59,59,Expired,Yes,Bridge
Tripura,2020,August,Monday,16:40,Minor,5,Cycle,9,5,Rainy,National Highway,Dry,Dusk,Police Checkpost,37,20,Expired,No,Straight Road
Assam,2020,February,Saturday,12:07,Fatal,2,Car,11,2,Clear,Village Road,Damaged,Dusk,None,73,45,None,Yes,Curve
Karnataka,2020,December,Tuesday,12:46,Serious,2,Car,7,0,Foggy,Urban Road,Dry,Dusk,None,60,19,Expired,Yes,Straight Road
Telangana,2023,September,Sunday,13:12,Minor,1,Car,7,3,Clear,State Highway,Dry,Dawn,Signs,84,41,Expired,No,Bridge
Tripura,2020,December,Sunday,10:51,Minor,4,Auto-Rickshaw,12,4,Clear,State Highway,Dry,Daylight,Signs,100,49,None,No,Intersection
Andhra Pradesh,2019,August,Saturday,06:11,Serious,4,Cycle,12,3,Rainy,State Highway,Wet,Dusk,None,98,46,None,No,Intersection
Kerala,2022,April,Monday,05:20,Serious,3,Two-Wheeler,9,3,Clear,Urban Road,Under Construction,Dusk,None,86,47,Expired,Yes,Curve
Jammu and Kashmir,2019,March,Sunday,07:50,Fatal,1,Car,5,0,Clear,National Highway,Dry,Daylight,Police Checkpost,50,43,Expired,Yes,Bridge
Goa,2020,June,Sunday,15:50,Serious,1,Auto-Rickshaw,5,5,Clear,Village Road,Wet,Dark,Signals,49,76,Valid,Yes,Curve
Gujarat,2023,August,Wednesday,10:13,Minor,4,Pedestrian,13,4,Clear,Village Road,Wet,Daylight,Signs,102,54,Valid,No,Curve
Uttarakhand,2021,May,Thursday,05:29,Fatal,2,Bus,9,2,Foggy,Village Road,Damaged,Daylight,Signals,86,44,Valid,Yes,Straight Road
Meghalaya,2019,September,Friday,20:43,Minor,5,Bus,15,4,Clear,National Highway,Dry,Dusk,None,103,50,Expired,No,Straight Road
Manipur,2022,August,Saturday,11:22,Fatal,4,Car,6,4,Foggy,Village Road,Under Construction,Dark,Signals,41,21,Expired,Yes,Straight Road
Chhattisgarh,2020,October,Friday,18:43,Minor,4,Auto-Rickshaw,13,5,Clear,State Highway,Damaged,Dusk,Signs,111,57,Expired,No,Curve
Karnataka,2022,December,Tuesday,22:37,Minor,4,Auto-Rickshaw,12,4,Clear,Urban Road,Wet,Dusk,None,92,42,None,No,Intersection
Manipur,2021,June,Wednesday,03:40,Fatal,5,Pedestrian,10,5,Clear,Urban Road,Under Construction,Dark,Signals,32,59,Valid,Yes,Intersection
Jharkhand,2019,October,Wednesday,08:16,Serious,1,Auto-Rickshaw,6,5,Clear,National Highway,Under Construction,Dusk,Signs,50,31,None,No,Curve
Mizoram,2021,May,Monday,03:50,Fatal,3,Truck,10,5,Rainy,State Highway,Under Construction,Dusk,Signs,83,40,Expired,Yes,Intersection
Chandigarh,2018,October,Tuesday,18:24,Minor,5,Two-Wheeler,15,0,Clear,State Highway,Damaged,Dusk,None,120,36,Expired,No,Intersection
Punjab,2023,May,Friday,02:20,Fatal,3,Truck,12,0,Clear,National Highway,Dry,Dusk,Signs,66,42,None,Yes,Intersection
Tripura,2023,February,Wednesday,13:20,Minor,4,Auto-Rickshaw,10,1,Clear,Village Road,Dry,Dawn,Police Checkpost,69,22,None,No,Straight Road
Telangana,2020,June,Monday,03:19,Fatal,5,Two-Wheeler,13,1,Clear,Urban Road,Damaged,Dusk,None,73,56,None,Yes,Curve
Karnataka,2022,June,Sunday,17:25,Serious,3,Bus,10,4,Rainy,National Highway,Wet,Daylight,None,86,52,None,No,Curve
Madhya Pradesh,2023,July,Monday,21:40,Minor,4,Cycle,11,1,Rainy,State Highway,Wet,Dusk,None,81,15,Expired,No,Intersection
Chandigarh,2020,May,Sunday,17:09,Minor,2,Bus,6,0,Rainy,National Highway,Under Construction,Dark,None,61,45,Valid,No,Bridge
Tamil Nadu,2019,May,Friday,22:03,Minor,3,Bus,7,4,Clear,National Highway,Wet,Daylight,None,35,37,Valid,No,Intersection
Delhi,2019,April,Monday,16:44,Serious,5,Bus,12,3,Clear,State Highway,Under Construction,Daylight,None,77,46,Expired,No,Intersection
Chhattisgarh,2018,October,Wednesday,10:18,Minor,1,Bus,12,2,Rainy,Urban Road,Wet,Daylight,Police Checkpost,119,39,Expired,No,Bridge
Puducherry,2022,February,Wednesday,04:31,Minor,5,Cycle,8,5,Rainy,Urban Road,Under Construction,Dark,Police Checkpost,30,39,Valid,No,Bridge
West Bengal,2018,June,Saturday,20:12,Fatal,1,Bus,7,3,Rainy,State Highway,Under Construction,Dawn,Police Checkpost,88,37,Expired,Yes,Intersection
Tamil Nadu,2023,November,Thursday,21:27,Serious,5,Two-Wheeler,13,1,Rainy,Urban Road,Under Construction,Dawn,Signals,80,41,None,Yes,Intersection
Punjab,2019,May,Tuesday,22:18,Fatal,5,Pedestrian,10,4,Clear,Village Road,Wet,Dawn,Signs,49,36,Expired,Yes,Intersection
Karnataka,2020,May,Thursday,06:49,Serious,2,Cycle,10,2,Rainy,Urban Road,Wet,Daylight,Signs,96,52,Valid,Yes,Intersection
Nagaland,2020,November,Sunday,20:49,Fatal,3,Cycle,10,4,Foggy,National Highway,Dry,Daylight,Police Checkpost,79,50,Expired,Yes,Intersection
Maharashtra,2019,July,Monday,20:04,Fatal,3,Pedestrian,5,2,Clear,National Highway,Wet,Dark,Signals,35,24,Valid,Yes,Bridge
Meghalaya,2022,October,Thursday,04:47,Fatal,5,Bus,12,2,Clear,Urban Road,Damaged,Dawn,Police Checkpost,95,46,None,Yes,Curve
Karnataka,2023,June,Sunday,23:33,Serious,3,Two-Wheeler,6,3,Rainy,National Highway,Wet,Dark,Signals,31,55,Valid,No,Straight Road
Haryana,2023,August,Sunday,06:01,Minor,1,Cycle,9,0,Foggy,Urban Road,Dry,Dusk,Signs,70,41,None,No,Curve
Tamil Nadu,2018,January,Friday,22:19,Serious,1,Truck,7,1,Clear,State Highway,Damaged,Daylight,Signals,55,27,None,No,Straight Road
Sikkim,2022,September,Thursday,22:07,Minor,2,Car,11,5,Foggy,State Highway,Wet,Dark,None,107,50,Valid,No,Bridge
Bihar,2021,June,Tuesday,06:44,Minor,5,Car,9,4,Clear,State Highway,Under Construction,Dark,None,44,16,Valid,No,Curve
Odisha,2019,September,Friday,08:19,Serious,2,Two-Wheeler,9,4,Clear,Village Road,Damaged,Dark,Signals,68,62,Expired,Yes,Curve
Telangana,2019,July,Friday,20:20,Minor,1,Car,6,5,Clear,Urban Road,Wet,Dawn,Signs,53,31,Valid,No,Intersection
Andhra Pradesh,2021,December,Thursday,07:47,Serious,4,Bus,14,4,Clear,State Highway,Under Construction,Dawn,Police Checkpost,119,16,None,No,Curve
Chhattisgarh,2019,May,Friday,00:21,Minor,4,Auto-Rickshaw,10,2,Foggy,Village Road,Dry,Dusk,Police Checkpost,56,42,Valid,No,Intersection
Madhya Pradesh,2019,November,Thursday,10:31,Serious,1,Car,11,0,Rainy,State Highway,Dry,Daylight,Police Checkpost,117,53,Valid,No,Curve
Assam,2021,August,Sunday,23:25,Minor,2,Pedestrian,9,5,Rainy,State Highway,Under Construction,Daylight,None,52,23,Expired,No,Curve
Nagaland,2018,March,Monday,08:16,Fatal,1,Pedestrian,7,1,Clear,National Highway,Under Construction,Dark,None,53,29,None,Yes,Curve
Karnataka,2020,May,Monday,02:21,Fatal,1,Two-Wheeler,6,1,Rainy,Village Road,Wet,Daylight,Police Checkpost,54,7,Expired,Yes,Straight Road
Chandigarh,2021,September,Thursday,23:48,Fatal,3,Truck,14,3,Clear,Urban Road,Wet,Daylight,None,119,60,Expired,Yes,Bridge
Arunachal Pradesh,2018,June,Sunday,04:11,Fatal,4,Cycle,13,1,Rainy,National Highway,Under Construction,Daylight,Police Checkpost,101,50,Valid,Yes,Curve
Puducherry,2018,July,Friday,12:56,Minor,3,Truck,11,0,Clear,National Highway,Under Construction,Dark,Police Checkpost,86,25,Expired,No,Curve
Gujarat,2021,June,Saturday,06:52,Minor,5,Car,12,1,Stormy,National Highway,Under Construction,Dark,Signals,56,31,None,No,Bridge
Tamil Nadu,2022,April,Saturday,14:54,Serious,1,Truck,6,2,Clear,Urban Road,Under Construction,Dawn,Signs,69,48,Expired,Yes,Curve
Assam,2022,November,Saturday,07:50,Fatal,5,Two-Wheeler,11,2,Foggy,National Highway,Damaged,Daylight,None,54,31,None,Yes,Intersection
Jharkhand,2018,March,Saturday,02:29,Minor,3,Bus,7,0,Clear,State Highway,Damaged,Dark,Signals,38,53,None,No,Straight Road
Meghalaya,2020,February,Sunday,14:16,Minor,1,Cycle,4,5,Clear,State Highway,Under Construction,Dark,None,54,53,None,No,Bridge
Bihar,2019,March,Tuesday,20:20,Fatal,5,Car,12,1,Clear,National Highway,Dry,Daylight,Signals,67,38,Expired,Yes,Straight Road
Manipur,2020,April,Monday,21:52,Serious,1,Car,7,3,Clear,State Highway,Under Construction,Daylight,Police Checkpost,69,32,None,No,Intersection
Uttarakhand,2019,July,Wednesday,19:50,Minor,4,Bus,9,5,Clear,State Highway,Dry,Daylight,Police Checkpost,69,50,Expired,No,Curve
Delhi,2018,January,Saturday,20:38,Fatal,3,Pedestrian,10,0,Clear,National Highway,Damaged,Dusk,None,90,59,Valid,Yes,Intersection
Bihar,2019,March,Saturday,06:04,Minor,1,Two-Wheeler,4,1,Clear,Urban Road,Under Construction,Daylight,Signs,35,30,Valid,No,Intersection
Tripura,2019,September,Friday,07:15,Serious,1,Car,11,1,Rainy,National Highway,Under Construction,Dawn,Signs,118,57,Expired,No,Curve
Haryana,2023,September,Wednesday,02:36,Minor,2,Truck,7,0,Rainy,Urban Road,Dry,Dawn,None,75,39,None,No,Bridge
Telangana,2019,October,Thursday,20:47,Fatal,2,Pedestrian,13,2,Clear,Urban Road,Under Construction,Dawn,None,116,30,Expired,Yes,Curve
Rajasthan,2018,August,Saturday,14:14,Serious,3,Auto-Rickshaw,15,0,Stormy,Village Road,Dry,Dusk,Signals,120,44,Valid,Yes,Bridge
Puducherry,2019,December,Wednesday,15:21,Minor,1,Bus,59,1,Clear,National Highway,Dry,Dark,Signals,73,46,Valid,No,Curve
Puducherry,2023,July,Sunday,12:12,Minor,5,Cycle,8,0,Clear,State Highway,Wet,Dusk,Signs,40,28,None,No,Bridge
Madhya Pradesh,2019,August,Saturday,12:46,Minor,5,Two-Wheeler,10,3,Foggy,Village Road,Dry,Dusk,Signals,31,63,Valid,No,Bridge
Uttar Pradesh,2023,November,Friday,15:18,Minor,1,Car,4,4,Stormy,Village Road,Wet,Dark,Signals,45,35,Valid,No,Bridge
Assam,2019,May,Sunday,20:55,Minor,3,Truck,10,0,Rainy,National Highway,Under Construction,Dark,Signals,100,34,Expired,No,Bridge
Chandigarh,2019,August,Thursday,17:40,Fatal,3,Truck,8,0,Clear,Urban Road,Dry,Dusk,Police Checkpost,64,43,Valid,Yes,Curve
Himachal Pradesh,2023,December,Friday,05:36,Fatal,3,Auto-Rickshaw,11,1,Clear,Village Road,Under Construction,Dark,Signals,78,28,Valid,Yes,Curve
Sikkim,2021,September,Saturday,04:57,Minor,5,Pedestrian,12,0,Clear,Village Road,Under Construction,Dark,Signs,91,66,None,No,Bridge
Odisha,2020,December,Monday,02:24,Fatal,5,Truck,12,0,Clear,Village Road,Dry,Daylight,Signs,66,41,None,Yes,Straight Road
Tamil Nadu,2023,January,Sunday,04:46,Minor,2,Cycle,5,5,Clear,State Highway,Under Construction,Dark,None,34,28,None,No,Curve
Karnataka,2020,August,Monday,19:24,Serious,5,Cycle,12,1,Rainy,Urban Road,Damaged,Daylight,Signs,73,59,None,No,Intersection
Delhi,2018,October,Sunday,17:59,Minor,5,Bus,13,4,Rainy,National Highway,Dry,Dusk,Signs,67,45,Valid,No,Bridge
Madhya Pradesh,2023,September,Saturday,23:11,Fatal,4,Bus,14,0,Rainy,Village Road,Under Construction,Dark,None,108,33,Expired,Yes,Curve
Puducherry,2020,October,Tuesday,20:35,Minor,5,Pedestrian,11,1,Clear,National Highway,Damaged,Dark,Signs,65,22,Expired,No,Bridge
Kerala,2020,July,Saturday,13:27,Serious,4,Cycle,12,3,Rainy,National Highway,Dry,Daylight,None,78,46,None,Yes,Curve
Assam,2020,December,Saturday,03:48,Minor,2,Pedestrian,6,2,Clear,National Highway,Damaged,Daylight,Signs,49,33,Valid,No,Intersection
Delhi,2022,September,Thursday,09:15,Fatal,2,Two-Wheeler,11,0,Rainy,State Highway,Damaged,Dusk,Signs,87,51,None,Yes,Straight Road
Haryana,2020,March,Monday,20:24,Serious,2,Bus,11,4,Clear,Urban Road,Under Construction,Dusk,Signals,91,53,Expired,Yes,Curve
Punjab,2023,July,Saturday,10:14,Minor,5,Pedestrian,15,4,Clear,Urban Road,Wet,Dark,Signals,111,46,None,No,Intersection
Assam,2020,January,Sunday,23:22,Minor,5,Cycle,14,4,Clear,Urban Road,Damaged,Dark,Signs,99,28,Valid,No,Curve
Odisha,2023,May,Wednesday,06:14,Minor,5,Cycle,10,4,Foggy,National Highway,Damaged,Dusk,Police Checkpost,58,41,Valid,No,Straight Road
Chhattisgarh,2023,April,Tuesday,17:10,Minor,1,Auto-Rickshaw,11,5,Rainy,Urban Road,Dry,Daylight,Signs,117,28,None,No,Straight Road
Sikkim,2018,June,Saturday,05:53,Serious,2,Two-Wheeler,5,2,Rainy,State Highway,Wet,Dusk,Police Checkpost,40,60,Valid,Yes,Curve
Mizoram,2019,June,Monday,05:35,Fatal,4,Cycle,7,5,Clear,Urban Road,Under Construction,Daylight,Signs,35,37,Expired,Yes,Straight Road
West Bengal,2018,August,Thursday,03:40,Minor,1,Auto-Rickshaw,4,0,Stormy,Village Road,Under Construction,Daylight,Signals,48,53,Valid,No,Bridge
Bihar,2019,May,Sunday,05:19,Fatal,3,Truck,12,4,Clear,National Highway,Under Construction,Daylight,Signs,118,28,Valid,Yes,Straight Road
Tripura,2018,February,Wednesday,00:06,Serious,5,Cycle,10,4,Clear,National Highway,Damaged,Dark,Signals,53,45,None,Yes,Intersection
West Bengal,2021,July,Saturday,03:30,Minor,3,Auto-Rickshaw,8,2,Clear,State Highway,Under Construction,Dark,Signals,38,43,Expired,No,Intersection
Rajasthan,2023,December,Tuesday,22:00,Serious,5,Car,11,4,Rainy,Village Road,Wet,Dusk,Police Checkpost,62,38,Expired,Yes,Straight Road
Tripura,2018,April,Wednesday,20:12,Minor,1,Bus,8,3,Clear,National Highway,Damaged,Dawn,None,90,44,Expired,No,Curve
Bihar,2021,January,Sunday,20:17,Minor,3,Bus,6,3,Foggy,National Highway,Wet,Daylight,Signs,40,46,Expired,No,Intersection
Rajasthan,2022,February,Tuesday,12:25,Minor,4,Car,8,3,Clear,Urban Road,Under Construction,Dawn,None,51,52,None,No,Intersection
Jharkhand,2023,June,Tuesday,07:02,Serious,5,Two-Wheeler,12,0,Clear,State Highway,Wet,Dawn,None,83,32,Expired,No,Curve
Delhi,2023,October,Tuesday,22:37,Serious,3,Pedestrian,6,3,Clear,National Highway,Damaged,Daylight,Signs,55,34,Expired,Yes,Straight Road
Punjab,2018,June,Monday,00:54,Fatal,4,Car,14,3,Clear,Village Road,Wet,Dark,Signals,106,30,Valid,Yes,Intersection
Sikkim,2020,April,Saturday,04:09,Minor,5,Pedestrian,16,2,Foggy,State Highway,Under Construction,Dark,Police Checkpost,120,45,None,No,Bridge
Tamil Nadu,2018,May,Tuesday,12:58,Fatal,4,Pedestrian,15,2,Foggy,Urban Road,Under Construction,Dusk,None,117,36,Expired,Yes,Straight Road
Uttarakhand,2020,June,Monday,13:34,Serious,1,Auto-Rickshaw,7,0,Clear,Urban Road,Under Construction,Dawn,Police Checkpost,50,54,Expired,Yes,Curve
Himachal Pradesh,2020,November,Monday,03:03,Fatal,4,Bus,8,0,Rainy,National Highway,Damaged,Daylight,Police Checkpost,32,63,Valid,Yes,Intersection
Gujarat,2022,June,Wednesday,15:17,Serious,1,Cycle,3,1,Foggy,State Highway,Damaged,Dusk,Police Checkpost,32,36,Valid,Yes,Intersection
Uttar Pradesh,2018,October,Tuesday,19:42,Serious,2,Car,10,0,Clear,State Highway,Dry,Dusk,Signs,106,39,Expired,No,Curve
Madhya Pradesh,2020,August,Sunday,14:42,Minor,5,Two-Wheeler,9,1,Clear,Urban Road,Under Construction,Dawn,None,34,37,Valid,No,Straight Road
Karnataka,2019,January,Tuesday,12:21,Minor,3,Cycle,7,2,Clear,State Highway,Damaged,Dark,Police Checkpost,41,40,Expired,No,Curve
Manipur,2019,August,Friday,02:01,Minor,5,Truck,15,4,Clear,Urban Road,Wet,Daylight,Signs,120,59,Expired,No,Straight Road
Madhya Pradesh,2019,February,Thursday,08:19,Minor,2,Cycle,9,2,Clear,Village Road,Under Construction,Dusk,Signs,84,44,Valid,No,Curve
Uttarakhand,2021,November,Sunday,13:44,Fatal,4,Car,9,4,Rainy,State Highway,Under Construction,Daylight,None,49,36,None,Yes,Curve
Jammu and Kashmir,2021,October,Friday,11:52,Serious,1,Two-Wheeler,9,3,Snowy,Village Road,Under Construction,Dusk,Signals,79,45,Expired,No,Straight Road
Goa,2022,February,Friday,21:05,Minor,4,Two-Wheeler,13,4,Clear,Village Road,Wet,Daylight,Signals,95,28,None,No,Intersection
Uttarakhand,2021,May,Tuesday,00:41,Fatal,5,Cycle,16,2,Rainy,Urban Road,Damaged,Daylight,Police Checkpost,105,35,None,Yes,Straight Road
Chhattisgarh,2021,November,Friday,04:24,Fatal,1,Auto-Rickshaw,10,2,Clear,State Highway,Damaged,Daylight,Police Checkpost,111,29,Expired,Yes,Intersection
Maharashtra,2021,May,Thursday,13:53,Minor,2,Two-Wheeler,6,3,Clear,Urban Road,Wet,Daylight,Signals,75,38,None,No,Intersection
Maharashtra,2021,May,Monday,01:04,Serious,3,Two-Wheeler,8,0,Rainy,Urban Road,Damaged,Dark,None,50,13,Valid,Yes,Straight Road
Manipur,2022,October,Saturday,00:06,Serious,4,Bus,11,3,Clear,Urban Road,Dry,Dawn,Signs,98,31,Expired,No,Straight Road
Himachal Pradesh,2023,March,Tuesday,05:14,Minor,3,Two-Wheeler,11,3,Clear,Village Road,Damaged,Dark,Signs,93,36,Valid,No,Intersection
Delhi,2021,September,Thursday,20:15,Fatal,1,Truck,10,0,Stormy,National Highway,Damaged,Dusk,Signs,102,35,Expired,Yes,Straight Road
Nagaland,2021,January,Wednesday,14:19,Serious,1,Two-Wheeler,4,1,Clear,State Highway,Dry,Daylight,Signals,38,45,Valid,No,Intersection
Karnataka,2023,March,Friday,21:18,Serious,3,Two-Wheeler,13,3,Clear,Urban Road,Wet,Dark,Signs,118,74,Expired,Yes,Curve
Manipur,2022,May,Wednesday,17:08,Serious,5,Pedestrian,17,1,Clear,Village Road,Damaged,Daylight,Signals,120,43,Valid,Yes,Intersection
Meghalaya,2021,November,Saturday,22:53,Fatal,4,Auto-Rickshaw,12,4,Clear,National Highway,Damaged,Daylight,None,99,49,None,Yes,Straight Road
Telangana,2019,June,Wednesday,09:33,Serious,2,Truck,4,0,Clear,Urban Road,Damaged,Dawn,Signs,30,34,Valid,Yes,Straight Road
Arunachal Pradesh,2021,November,Monday,13:04,Fatal,5,Cycle,11,2,Rainy,Urban Road,Under Construction,Dawn,None,43,24,Expired,Yes,Curve
Goa,2019,August,Thursday,16:07,Serious,2,Car,8,5,Clear,Village Road,Damaged,Dark,Police Checkpost,62,40,Expired,No,Intersection
Punjab,2021,November,Saturday,19:19,Fatal,2,Truck,7,0,Clear,Urban Road,Under Construction,Dawn,Signs,67,24,Expired,Yes,Straight Road
Bihar,2023,April,Thursday,16:26,Serious,2,Car,8,4,Clear,State Highway,Dry,Dawn,None,54,51,Expired,No,Bridge
Goa,2021,May,Friday,11:16,Minor,1,Pedestrian,9,3,Rainy,National Highway,Wet,Daylight,Signals,97,30,Valid,No,Bridge
Haryana,2023,December,Wednesday,13:48,Serious,1,Cycle,7,4,Rainy,Village Road,Damaged,Daylight,Signs,68,50,Expired,No,Straight Road
Gujarat,2020,April,Sunday,17:25,Serious,2,Auto-Rickshaw,11,2,Foggy,State Highway,Damaged,Dusk,Signals,110,45,Expired,Yes,Bridge
Nagaland,2021,April,Wednesday,22:45,Minor,5,Auto-Rickshaw,8,0,Rainy,State Highway,Wet,Dark,Police Checkpost,35,31,Valid,No,Bridge
Manipur,2021,January,Wednesday,00:54,Fatal,2,Truck,6,3,Foggy,State Highway,Under Construction,Dark,None,42,30,None,Yes,Intersection
Kerala,2021,December,Friday,17:01,Minor,2,Two-Wheeler,9,4,Clear,National Highway,Dry,Daylight,None,100,47,None,No,Curve
Goa,2019,June,Wednesday,14:59,Minor,2,Cycle,11,4,Rainy,Urban Road,Dry,Dark,Police Checkpost,109,36,Expired,No,Straight Road
Sikkim,2021,August,Thursday,13:11,Fatal,1,Auto-Rickshaw,7,4,Clear,State Highway,Wet,Dusk,Police Checkpost,59,50,Expired,Yes,Straight Road
Puducherry,2023,December,Wednesday,21:33,Serious,3,Auto-Rickshaw,10,2,Clear,Village Road,Under Construction,Dark,Signs,86,31,Expired,No,Straight Road
Arunachal Pradesh,2019,December,Thursday,11:33,Serious,3,Pedestrian,8,0,Rainy,Village Road,Under Construction,Daylight,Signals,75,35,None,Yes,Curve
Uttar Pradesh,2021,April,Tuesday,21:09,Minor,2,Bus,5,2,Clear,Urban Road,Damaged,Dawn,Police Checkpost,49,19,None,No,Straight Road
Goa,2019,June,Monday,04:45,Serious,5,Pedestrian,14,1,Clear,State Highway,Under Construction,Dark,Signals,106,20,None,No,Straight Road
Jharkhand,2023,April,Monday,09:22,Minor,2,Two-Wheeler,12,5,Rainy,State Highway,Damaged,Dark,Signals,118,49,Valid,No,Bridge
West Bengal,2020,August,Thursday,13:42,Fatal,4,Auto-Rickshaw,14,4,Foggy,National Highway,Wet,Dawn,None,112,43,None,Yes,Bridge
Odisha,2018,November,Thursday,16:36,Minor,4,Auto-Rickshaw,12,3,Foggy,National Highway,Under Construction,Dark,Police Checkpost,88,30,None,No,Curve
Punjab,2020,January,Monday,08:09,Serious,5,Truck,13,4,Clear,State Highway,Wet,Dusk,None,85,38,Expired,Yes,Bridge
Jharkhand,2020,August,Monday,08:31,Serious,1,Pedestrian,2,2,Clear,State Highway,Wet,Daylight,Signals,46,35,Valid,Yes,Bridge
Bihar,2023,April,Tuesday,08:55,Fatal,5,Truck,11,4,Stormy,Urban Road,Wet,Dark,Signs,45,21,Valid,Yes,Straight Road
Nagaland,2019,March,Thursday,07:29,Minor,5,Auto-Rickshaw,11,5,Clear,National Highway,Damaged,Dark,Signals,62,52,None,No,Straight Road
Jharkhand,2023,February,Thursday,22:27,Serious,1,Car,7,1,Clear,Village Road,Dry,Daylight,Signs,65,32,Expired,Yes,Straight Road
Kerala,2022,October,Tuesday,00:07,Serious,4,Pedestrian,8,0,Clear,State Highway,Under Construction,Dawn,Signs,66,41,Valid,No,Curve
Sikkim,2021,January,Wednesday,00:00,Minor,4,Bus,12,3,Stormy,Village Road,Wet,Dusk,Police Checkpost,91,52,Expired,No,Bridge
Telangana,2022,September,Wednesday,16:38,Fatal,3,Two-Wheeler,7,1,Clear,National Highway,Dry,Daylight,Signs,46,40,Valid,Yes,Curve
Goa,2018,May,Tuesday,06:54,Fatal,1,Cycle,10,2,Rainy,National Highway,Wet,Dusk,Signs,119,29,None,Yes,Bridge
Karnataka,2019,March,Wednesday,17:11,Fatal,1,Auto-Rickshaw,6,3,Clear,Village Road,Wet,Dark,None,57,44,Valid,Yes,Intersection
West Bengal,2018,May,Friday,17:10,Minor,4,Car,13,2,Clear,Urban Road,Under Construction,Daylight,Signs,115,47,Valid,No,Intersection
Karnataka,2018,July,Sunday,23:46,Minor,5,Two-Wheeler,14,5,Clear,Village Road,Dry,Daylight,Signs,85,26,Valid,No,Bridge
Jammu and Kashmir,2022,January,Saturday,02:23,Minor,4,Two-Wheeler,12,5,Clear,National Highway,Under Construction,Dusk,Police Checkpost,103,47,Expired,No,Curve
Chandigarh,2021,November,Friday,14:20,Minor,1,Two-Wheeler,4,3,Clear,National Highway,Wet,Daylight,Police Checkpost,46,56,None,No,Bridge
Madhya Pradesh,2020,January,Sunday,20:05,Fatal,4,Two-Wheeler,11,5,Rainy,National Highway,Under Construction,Dawn,Signs,81,26,None,Yes,Straight Road
Odisha,2021,November,Friday,09:13,Minor,3,Two-Wheeler,7,4,Clear,Village Road,Damaged,Daylight,None,31,44,Expired,No,Bridge
Rajasthan,2022,August,Friday,10:34,Serious,3,Two-Wheeler,9,0,Clear,State Highway,Wet,Daylight,Signs,90,47,Valid,Yes,Bridge
Uttarakhand,2018,July,Friday,06:40,Fatal,5,Cycle,12,0,Clear,State Highway,Damaged,Dusk,Signs,61,23,Expired,Yes,Bridge
Uttarakhand,2022,August,Monday,23:32,Fatal,3,Auto-Rickshaw,9,3,Clear,Urban Road,Under Construction,Dark,Signs,66,48,Valid,Yes,Bridge
Kerala,2020,January,Thursday,19:54,Serious,3,Bus,6,3,Clear,National Highway,Dry,Dark,Police Checkpost,44,25,Expired,No,Intersection
Madhya Pradesh,2022,November,Wednesday,20:31,Serious,3,Pedestrian,10,3,Clear,Village Road,Under Construction,Daylight,Police Checkpost,69,58,None,Yes,Curve
Meghalaya,2022,March,Thursday,03:10,Minor,5,Pedestrian,15,3,Clear,State Highway,Wet,Daylight,None,98,61,None,No,Intersection
Himachal Pradesh,2020,June,Tuesday,01:08,Minor,5,Car,9,1,Clear,Village Road,Damaged,Dusk,None,37,30,Valid,No,Straight Road
Karnataka,2022,June,Friday,20:12,Fatal,4,Auto-Rickshaw,8,0,Clear,Village Road,Wet,Dawn,Signals,39,36,Expired,Yes,Straight Road
Goa,2019,May,Friday,12:00,Fatal,3,Two-Wheeler,11,2,Rainy,Village Road,Under Construction,Dawn,None,60,25,Valid,Yes,Intersection
Tamil Nadu,2019,October,Monday,18:40,Minor,5,Two-Wheeler,12,5,Clear,Urban Road,Damaged,Daylight,None,61,29,Valid,No,Bridge
Telangana,2020,June,Monday,08:07,Serious,3,Cycle,7,5,Stormy,National Highway,Under Construction,Dawn,Signals,54,32,Expired,Yes,Curve
Tripura,2020,January,Friday,06:37,Serious,5,Pedestrian,10,1,Rainy,National Highway,Damaged,Dusk,Police Checkpost,82,47,None,No,Intersection
West Bengal,2018,September,Friday,08:31,Serious,4,Truck,10,0,Clear,State Highway,Wet,Dusk,None,76,29,Expired,Yes,Bridge
Meghalaya,2021,March,Sunday,04:08,Minor,3,Bus,13,1,Rainy,National Highway,Damaged,Dawn,Signals,116,34,Valid,No,Curve
Telangana,2021,February,Friday,22:04,Minor,2,Two-Wheeler,6,3,Clear,National Highway,Dry,Daylight,Police Checkpost,60,48,Expired,No,Curve
West Bengal,2020,August,Saturday,06:27,Fatal,2,Car,11,4,Foggy,National Highway,Under Construction,Daylight,None,103,16,Expired,Yes,Intersection
Madhya Pradesh,2019,July,Sunday,17:12,Fatal,3,Bus,7,2,Clear,Urban Road,Dry,Daylight,None,32,28,None,Yes,Straight Road
Sikkim,2021,December,Friday,21:32,Fatal,5,Bus,15,4,Clear,National Highway,Wet,Dark,Signals,109,38,Expired,Yes,Straight Road
Goa,2019,November,Wednesday,14:26,Minor,1,Cycle,6,1,Stormy,Urban Road,Damaged,Dusk,Police Checkpost,62,31,None,No,Bridge
Chandigarh,2019,January,Thursday,23:05,Serious,2,Bus,6,3,Clear,Village Road,Dry,Dawn,Signals,46,45,None,Yes,Intersection
Jharkhand,2020,July,Wednesday,12:46,Serious,2,Two-Wheeler,8,2,Rainy,Urban Road,Under Construction,Dusk,Police Checkpost,70,25,Valid,No,Intersection
Uttarakhand,2022,January,Sunday,06:53,Serious,3,Bus,10,2,Rainy,Village Road,Damaged,Dawn,Police Checkpost,87,45,Expired,Yes,Bridge
Tamil Nadu,2021,October,Wednesday,08:38,Serious,3,Bus,9,4,Clear,State Highway,Damaged,Dusk,Signals,67,28,Expired,No,Bridge
Maharashtra,2022,February,Tuesday,00:14,Fatal,5,Car,15,1,Clear,Village Road,Wet,Dusk,None,105,36,Expired,Yes,Straight Road
Maharashtra,2019,February,Tuesday,13:31,Fatal,3,Bus,12,5,Rainy,Urban Road,Dry,Dark,None,120,43,Valid,Yes,Intersection
Andhra Pradesh,2022,October,Tuesday,09:38,Minor,1,Cycle,10,3,Clear,National Highway,Wet,Dusk,Signs,112,38,Expired,No,Curve
Delhi,2021,May,Sunday,04:51,Serious,3,Pedestrian,8,1,Stormy,Urban Road,Dry,Dark,Signs,54,40,None,Yes,Curve
Gujarat,2023,June,Thursday,04:39,Minor,2,Pedestrian,7,3,Clear,State Highway,Dry,Dark,None,40,48,Expired,No,Intersection
Andhra Pradesh,2020,December,Saturday,21:46,Minor,2,Cycle,6,4,Clear,Urban Road,Wet,Dawn,None,40,52,Expired,No,Straight Road
Rajasthan,2021,July,Monday,00:53,Minor,5,Two-Wheeler,13,0,Rainy,National Highway,Damaged,Dark,Signs,65,37,None,No,Bridge
Assam,2023,May,Tuesday,00:12,Serious,4,Truck,12,0,Foggy,Village Road,Under Construction,Daylight,None,103,37,Expired,Yes,Curve
Andhra Pradesh,2020,November,Friday,13:03,Serious,2,Pedestrian,5,1,Clear,National Highway,Under Construction,Dark,Signs,32,44,None,Yes,Intersection
Haryana,2022,February,Thursday,14:54,Fatal,5,Cycle,7,1,Clear,Village Road,Damaged,Dark,Signals,37,56,Valid,Yes,Bridge
Goa,2021,February,Monday,08:27,Fatal,4,Two-Wheeler,15,4,Foggy,Village Road,Dry,Dark,None,114,33,Valid,Yes,Intersection
Arunachal Pradesh,2018,December,Saturday,03:45,Fatal,5,Auto-Rickshaw,13,3,Clear,National Highway,Damaged,Dusk,None,72,57,Valid,Yes,Straight Road
Nagaland,2020,July,Sunday,14:58,Fatal,5,Cycle,12,5,Stormy,National Highway,Dry,Dark,Signals,80,56,Valid,Yes,Intersection
West Bengal,2023,May,Tuesday,13:36,Minor,5,Two-Wheeler,12,4,Foggy,Urban Road,Damaged,Dark,Signals,61,39,Expired,No,Intersection
Odisha,2019,March,Thursday,15:05,Minor,1,Car,8,0,Clear,State Highway,Dry,Dawn,Signs,90,28,Valid,No,Bridge
West Bengal,2023,February,Saturday,00:13,Fatal,1,Bus,5,4,Clear,State Highway,Dry,Daylight,Signs,71,40,Valid,Yes,Bridge
Jammu and Kashmir,2023,August,Sunday,14:59,Minor,2,Truck,10,4,Clear,National Highway,Under Construction,Dark,None,88,52,None,No,Intersection
Chhattisgarh,2018,April,Sunday,06:33,Fatal,1,Bus,8,2,Clear,State Highway,Dry,Dusk,Signals,68,45,Valid,Yes,Bridge
Punjab,2018,May,Saturday,07:00,Minor,1,Two-Wheeler,3,4,Clear,Village Road,Damaged,Dawn,Signs,42,33,Expired,No,Straight Road
Manipur,2019,October,Thursday,02:04,Minor,2,Cycle,8,5,Clear,Urban Road,Under Construction,Daylight,Signs,58,46,None,No,Curve
West Bengal,2018,September,Thursday,18:31,Minor,5,Truck,15,5,Clear,State Highway,Under Construction,Daylight,None,100,53,Valid,No,Curve
Manipur,2019,March,Wednesday,13:17,Minor,4,Pedestrian,15,3,Rainy,Urban Road,Under Construction,Daylight,None,111,39,None,No,Straight Road
Himachal Pradesh,2023,March,Sunday,15:02,Minor,1,Cycle,8,4,Clear,State Highway,Wet,Dusk,Signals,89,61,None,No,Curve
Delhi,2022,March,Sunday,17:14,Minor,4,Auto-Rickshaw,9,2,Foggy,National Highway,Dry,Daylight,None,61,39,None,No,Straight Road
Nagaland,2019,September,Thursday,09:24,Minor,2,Car,12,5,Foggy,State Highway,Wet,Dark,Police Checkpost,90,61,Valid,No,Intersection
Punjab,2019,September,Thursday,00:49,Fatal,3,Pedestrian,10,0,Clear,National Highway,Wet,Daylight,None,99,14,Expired,Yes,Intersection
Himachal Pradesh,2020,January,Tuesday,17:24,Fatal,4,Auto-Rickshaw,13,4,Clear,Urban Road,Dry,Dark,None,111,19,Valid,Yes,Intersection
Haryana,2023,January,Friday,00:26,Fatal,1,Bus,9,1,Clear,State Highway,Under Construction,Dusk,Signs,98,51,Valid,Yes,Intersection
Sikkim,2023,July,Friday,12:30,Minor,2,Cycle,6,0,Rainy,National Highway,Dry,Dark,None,37,37,None,No,Bridge
Mizoram,2021,January,Wednesday,15:27,Fatal,1,Cycle,7,5,Clear,State Highway,Dry,Dark,None,67,31,None,Yes,Intersection
Sikkim,2021,February,Saturday,10:12,Minor,5,Pedestrian,11,1,Foggy,Urban Road,Dry,Dark,Signs,78,16,None,No,Bridge
Sikkim,2020,August,Friday,08:34,Minor,4,Two-Wheeler,9,4,Rainy,National Highway,Wet,Dark,Police Checkpost,73,31,Expired,No,Curve
Telangana,2020,March,Wednesday,08:29,Serious,3,Cycle,7,1,Rainy,State Highway,Under Construction,Dusk,Police Checkpost,41,34,None,No,Bridge
Meghalaya,2019,February,Tuesday,17:02,Minor,5,Two-Wheeler,15,1,Clear,Village Road,Dry,Daylight,None,100,48,Expired,No,Intersection
Chhattisgarh,2022,July,Monday,19:58,Minor,3,Bus,8,0,Rainy,State Highway,Dry,Dark,Signs,54,43,Expired,No,Intersection
Gujarat,2022,December,Thursday,02:20,Minor,5,Cycle,14,1,Clear,Urban Road,Under Construction,Dark,Signs,84,52,None,No,Intersection
Jharkhand,2022,July,Thursday,14:18,Serious,4,Truck,14,1,Foggy,National Highway,Under Construction,Dawn,None,103,22,None,Yes,Straight Road
Chhattisgarh,2019,October,Saturday,08:59,Minor,3,Pedestrian,13,5,Rainy,Urban Road,Wet,Dusk,Signs,103,24,Expired,No,Curve
Nagaland,2019,September,Saturday,21:35,Minor,5,Auto-Rickshaw,13,4,Rainy,Urban Road,Dry,Dusk,Signals,97,47,Valid,No,Straight Road
Assam,2023,September,Saturday,23:25,Serious,1,Bus,5,3,Clear,National Highway,Under Construction,Daylight,Police Checkpost,60,41,Valid,Yes,Intersection
Tripura,2018,July,Thursday,12:28,Minor,5,Auto-Rickshaw,8,0,Clear,National Highway,Damaged,Dawn,None,38,72,None,No,Intersection
Bihar,2018,January,Thursday,14:33,Minor,4,Auto-Rickshaw,11,2,Foggy,State Highway,Under Construction,Dusk,Signals,56,53,Valid,No,Intersection
Goa,2022,August,Wednesday,14:42,Serious,2,Two-Wheeler,10,2,Clear,Urban Road,Under Construction,Daylight,None,100,49,Expired,No,Intersection
Assam,2020,June,Tuesday,00:49,Minor,2,Two-Wheeler,9,5,Clear,Urban Road,Wet,Dark,Signs,79,51,Expired,No,Bridge
Mizoram,2020,June,Tuesday,09:21,Fatal,4,Bus,14,4,Stormy,Village Road,Damaged,Dark,Police Checkpost,104,42,None,Yes,Intersection
Nagaland,2020,June,Sunday,13:47,Minor,1,Auto-Rickshaw,6,2,Clear,Village Road,Wet,Dusk,Signals,40,6,Expired,No,Bridge
West Bengal,2018,December,Sunday,11:33,Fatal,4,Car,9,5,Clear,Village Road,Under Construction,Daylight,Signs,49,55,Valid,Yes,Curve
Manipur,2022,August,Sunday,14:05,Fatal,3,Two-Wheeler,13,4,Clear,Urban Road,Damaged,Dawn,Signals,93,43,Expired,Yes,Intersection
Goa,2022,January,Sunday,01:23,Serious,4,Truck,11,1,Clear,National Highway,Damaged,Daylight,None,59,56,None,No,Straight Road
Maharashtra,2023,December,Sunday,15:36,Fatal,2,Cycle,6,2,Clear,Urban Road,Damaged,Daylight,Police Checkpost,46,60,Expired,Yes,Intersection
Goa,2020,January,Friday,04:11,Serious,5,Two-Wheeler,9,2,Clear,Urban Road,Wet,Daylight,Signs,49,32,Valid,Yes,Straight Road
Mizoram,2018,January,Tuesday,18:22,Serious,4,Pedestrian,10,5,Rainy,State Highway,Dry,Daylight,Police Checkpost,46,54,Expired,Yes,Curve
Sikkim,2019,April,Sunday,21:28,Fatal,2,Two-Wheeler,12,2,Rainy,State Highway,Under Construction,Daylight,Police Checkpost,109,44,Valid,Yes,Straight Road
Haryana,2019,January,Sunday,20:13,Fatal,3,Auto-Rickshaw,10,4,Clear,Village Road,Dry,Dark,None,96,44,None,Yes,Intersection
Tripura,2019,May,Friday,05:23,Serious,5,Pedestrian,9,0,Rainy,State Highway,Under Construction,Dawn,Police Checkpost,35,35,None,Yes,Bridge
Assam,2023,January,Tuesday,08:24,Fatal,2,Two-Wheeler,9,1,Rainy,Village Road,Under Construction,Dark,Signals,95,42,None,Yes,Bridge
Maharashtra,2022,July,Wednesday,05:39,Serious,5,Pedestrian,12,0,Clear,State Highway,Damaged,Daylight,Signals,75,47,Expired,Yes,Straight Road
Manipur,2021,February,Wednesday,23:09,Serious,3,Auto-Rickshaw,6,1,Rainy,National Highway,Damaged,Dawn,Signs,49,13,None,No,Bridge
Madhya Pradesh,2023,April,Tuesday,13:09,Fatal,2,Cycle,8,1,Rainy,Village Road,Dry,Dawn,Signals,65,70,None,Yes,Straight Road
Bihar,2018,December,Tuesday,14:40,Minor,2,Car,10,5,Rainy,National Highway,Damaged,Dusk,Signs,101,59,Expired,No,Curve
Kerala,2022,April,Saturday,08:40,Serious,5,Two-Wheeler,12,2,Clear,State Highway,Under Construction,Dawn,Police Checkpost,106,50,Valid,Yes,Bridge
Chandigarh,2022,August,Monday,20:07,Serious,2,Bus,11,1,Foggy,Urban Road,Under Construction,Dusk,None,101,55,Valid,Yes,Curve
Karnataka,2019,July,Saturday,14:12,Serious,4,Cycle,10,0,Stormy,State Highway,Dry,Dusk,Signals,68,21,None,Yes,Straight Road
Karnataka,2020,June,Friday,13:00,Minor,5,Bus,12,1,Clear,Village Road,Under Construction,Dusk,None,66,59,None,No,Straight Road
Puducherry,2019,November,Thursday,21:57,Serious,2,Car,12,2,Rainy,National Highway,Damaged,Dark,Police Checkpost,118,39,Valid,Yes,Bridge
Maharashtra,2020,February,Saturday,12:06,Minor,4,Truck,9,0,Clear,State Highway,Damaged,Dusk,Signals,71,43,Valid,No,Bridge
Goa,2021,March,Saturday,03:39,Serious,2,Bus,7,4,Clear,Village Road,Under Construction,Dark,Signals,30,42,Expired,No,Curve
Assam,2021,August,Sunday,07:34,Fatal,5,Bus,7,3,Rainy,Urban Road,Wet,Dawn,None,32,54,None,Yes,Intersection
Chandigarh,2020,May,Wednesday,16:58,Minor,2,Auto-Rickshaw,12,5,Clear,Village Road,Wet,Dusk,Police Checkpost,107,33,Expired,No,Bridge
Meghalaya,2021,May,Sunday,00:22,Serious,1,Cycle,9,2,Foggy,State Highway,Damaged,Dark,None,112,17,Valid,No,Intersection
Odisha,2023,January,Saturday,13:07,Minor,5,Truck,12,0,Clear,State Highway,Dry,Daylight,Signals,78,42,Expired,No,Curve
Nagaland,2019,September,Tuesday,19:05,Serious,1,Cycle,3,3,Rainy,Village Road,Wet,Dark,Police Checkpost,31,58,None,Yes,Bridge
Odisha,2020,October,Friday,14:37,Fatal,3,Bus,11,0,Clear,Urban Road,Under Construction,Dusk,Signals,104,56,None,Yes,Straight Road
Tamil Nadu,2021,May,Friday,14:10,Serious,5,Truck,12,4,Rainy,Urban Road,Under Construction,Daylight,Signals,72,41,None,Yes,Bridge
Goa,2020,September,Tuesday,17:31,Fatal,1,Cycle,10,5,Rainy,National Highway,Under Construction,Daylight,Police Checkpost,107,42,Expired,Yes,Straight Road
Manipur,2023,February,Thursday,22:05,Minor,1,Truck,6,3,Foggy,State Highway,Under Construction,Daylight,None,52,37,Expired,No,Curve
Delhi,2020,November,Saturday,20:51,Serious,4,Two-Wheeler,10,4,Clear,State Highway,Damaged,Dusk,Signals,57,50,None,Yes,Bridge
Sikkim,2018,June,Wednesday,01:05,Fatal,5,Two-Wheeler,16,2,Clear,National Highway,Dry,Dawn,Signs,105,56,None,Yes,Bridge
Karnataka,2021,September,Saturday,11:04,Fatal,4,Auto-Rickshaw,10,3,Clear,Village Road,Dry,Dark,Police Checkpost,56,39,Valid,Yes,Bridge
Maharashtra,2019,April,Wednesday,02:30,Minor,5,Pedestrian,15,4,Rainy,Village Road,Damaged,Daylight,None,99,27,Valid,No,Curve
Delhi,2018,December,Thursday,00:02,Serious,4,Bus,8,3,Clear,State Highway,Damaged,Daylight,None,48,32,None,Yes,Curve
Haryana,2019,April,Friday,23:24,Fatal,5,Two-Wheeler,10,3,Rainy,Urban Road,Damaged,Dawn,Signs,59,45,None,Yes,Bridge
Assam,2018,September,Friday,05:04,Minor,3,Truck,7,5,Clear,State Highway,Wet,Dark,Signs,51,43,Valid,No,Curve
Jharkhand,2019,December,Saturday,14:33,Minor,4,Cycle,15,1,Rainy,Village Road,Under Construction,Dark,Signals,115,56,Expired,No,Straight Road
Nagaland,2019,February,Monday,13:27,Minor,2,Bus,6,5,Clear,National Highway,Dry,Dark,Signals,46,36,Expired,No,Bridge
Delhi,2018,June,Thursday,03:42,Minor,2,Auto-Rickshaw,9,3,Rainy,Urban Road,Under Construction,Dusk,Signs,69,31,Valid,No,Curve
Maharashtra,2022,November,Wednesday,02:40,Fatal,4,Two-Wheeler,13,0,Clear,Urban Road,Under Construction,Dark,Signs,119,34,Valid,Yes,Straight Road
Himachal Pradesh,2019,July,Wednesday,06:56,Minor,5,Auto-Rickshaw,10,1,Rainy,National Highway,Dry,Daylight,Signs,60,38,Valid,No,Bridge
Gujarat,2019,January,Thursday,17:33,Minor,2,Truck,5,1,Clear,National Highway,Wet,Dark,Signs,46,41,Valid,No,Curve
Tamil Nadu,2018,November,Sunday,15:36,Fatal,1,Auto-Rickshaw,10,0,Clear,State Highway,Under Construction,Dawn,None,103,35,Expired,Yes,Straight Road
Assam,2020,May,Saturday,20:02,Fatal,4,Cycle,9,2,Clear,State Highway,Wet,Dawn,Signs,75,38,None,Yes,Bridge
Kerala,2019,October,Friday,12:24,Minor,5,Bus,13,4,Stormy,Urban Road,Dry,Dark,Signs,75,67,Expired,No,Intersection
Rajasthan,2020,May,Sunday,14:39,Fatal,3,Car,7,4,Rainy,National Highway,Damaged,Dark,None,56,46,None,Yes,Bridge
Andhra Pradesh,2020,February,Tuesday,18:24,Serious,3,Pedestrian,9,3,Stormy,Urban Road,Dry,Dusk,None,57,44,None,Yes,Bridge
Delhi,2018,January,Friday,13:21,Serious,5,Pedestrian,9,5,Foggy,State Highway,Damaged,Dark,None,45,33,Expired,Yes,Straight Road
Puducherry,2018,August,Sunday,10:45,Fatal,4,Auto-Rickshaw,11,0,Rainy,National Highway,Damaged,Dark,Police Checkpost,88,24,Valid,Yes,Intersection
Gujarat,2020,April,Monday,02:24,Fatal,1,Cycle,11,4,Rainy,Village Road,Dry,Dark,Signs,114,54,None,Yes,Curve
Uttarakhand,2023,July,Wednesday,10:24,Minor,1,Two-Wheeler,2,1,Clear,Urban Road,Damaged,Dusk,Signals,32,52,Valid,No,Curve
Odisha,2019,November,Friday,11:43,Minor,3,Car,12,5,Rainy,Urban Road,Under Construction,Dusk,Signals,105,20,None,No,Bridge
Delhi,2020,October,Tuesday,23:18,Serious,5,Two-Wheeler,14,1,Stormy,National Highway,Dry,Dark,Signs,112,31,Expired,No,Curve
Arunachal Pradesh,2023,December,Wednesday,10:34,Serious,2,Two-Wheeler,11,5,Rainy,Village Road,Damaged,Dark,Signs,102,31,Valid,Yes,Curve
Uttar Pradesh,2021,June,Monday,20:31,Serious,1,Cycle,8,2,Clear,Village Road,Dry,Dusk,Police Checkpost,87,34,Expired,No,Intersection
Chhattisgarh,2023,March,Monday,12:48,Fatal,3,Bus,11,3,Rainy,National Highway,Under Construction,Dawn,None,71,50,Valid,Yes,Bridge
Assam,2019,March,Thursday,22:42,Fatal,3,Truck,6,5,Clear,National Highway,Dry,Dark,Signs,47,49,Valid,Yes,Bridge
Manipur,2018,December,Thursday,22:52,Minor,2,Pedestrian,6,0,Rainy,Village Road,Under Construction,Dark,None,39,39,None,No,Bridge
Kerala,2023,August,Sunday,09:21,Fatal,4,Bus,6,1,Foggy,Urban Road,Wet,Daylight,Signs,37,41,Expired,Yes,Straight Road
Andhra Pradesh,2021,May,Saturday,15:12,Minor,1,Cycle,7,0,Rainy,State Highway,Dry,Daylight,Police Checkpost,86,53,Valid,No,Straight Road
Goa,2023,March,Saturday,01:12,Serious,4,Truck,10,2,Clear,National Highway,Wet,Dusk,Signs,65,29,Valid,Yes,Curve
Delhi,2021,June,Tuesday,15:28,Minor,3,Two-Wheeler,11,5,Clear,Village Road,Under Construction,Daylight,Signs,95,46,None,No,Intersection
Tamil Nadu,2023,February,Friday,13:19,Serious,5,Cycle,9,5,Clear,State Highway,Wet,Daylight,Police Checkpost,42,50,Valid,Yes,Bridge
Uttar Pradesh,2020,September,Monday,17:45,Serious,1,Pedestrian,7,5,Rainy,State Highway,Under Construction,Dawn,Police Checkpost,76,55,None,Yes,Intersection
Mizoram,2023,December,Monday,15:54,Minor,5,Pedestrian,9,0,Clear,State Highway,Under Construction,Dark,Police Checkpost,38,32,Valid,No,Straight Road
Tamil Nadu,2023,June,Saturday,09:34,Minor,5,Auto-Rickshaw,9,5,Clear,National Highway,Wet,Daylight,Signals,37,37,Valid,No,Bridge
Tripura,2023,May,Thursday,07:08,Minor,3,Auto-Rickshaw,6,3,Clear,National Highway,Wet,Dawn,Police Checkpost,36,38,Valid,No,Bridge
Odisha,2019,May,Saturday,19:44,Minor,1,Bus,10,3,Rainy,Urban Road,Damaged,Dusk,None,104,51,Valid,No,Bridge
Telangana,2021,May,Saturday,21:19,Fatal,1,Two-Wheeler,5,1,Clear,State Highway,Under Construction,Daylight,Signs,34,51,None,Yes,Straight Road
Meghalaya,2018,July,Friday,06:57,Minor,1,Bus,8,5,Clear,Village Road,Under Construction,Dusk,Police Checkpost,69,37,Valid,No,Bridge
Nagaland,2019,April,Sunday,16:46,Minor,3,Car,12,4,Clear,State Highway,Damaged,Daylight,Signs,105,43,None,No,Intersection
Karnataka,2020,September,Thursday,22:01,Fatal,5,Truck,12,3,Foggy,Urban Road,Dry,Dark,Signs,80,20,None,Yes,Intersection
Tripura,2019,March,Sunday,07:09,Fatal,2,Bus,8,0,Rainy,State Highway,Wet,Daylight,Signs,71,37,Valid,Yes,Curve
Jharkhand,2019,October,Wednesday,02:18,Serious,5,Two-Wheeler,12,5,Rainy,State Highway,Under Construction,Dusk,None,64,29,Expired,No,Bridge
Chhattisgarh,2022,April,Tuesday,08:58,Serious,4,Bus,16,2,Clear,National Highway,Damaged,Daylight,Signs,115,32,None,No,Curve
Uttarakhand,2019,June,Monday,16:15,Minor,3,Car,6,0,Clear,State Highway,Dry,Dusk,Signals,37,25,None,No,Curve
Goa,2023,September,Thursday,14:29,Minor,3,Bus,10,1,Foggy,State Highway,Damaged,Dawn,None,64,67,None,No,Straight Road
Andhra Pradesh,2019,November,Wednesday,05:52,Fatal,4,Cycle,14,3,Foggy,State Highway,Under Construction,Daylight,None,117,17,None,Yes,Straight Road
Arunachal Pradesh,2021,September,Sunday,18:22,Fatal,1,Bus,11,5,Clear,National Highway,Dry,Daylight,None,115,30,Valid,Yes,Intersection
Kerala,2020,May,Friday,03:47,Minor,4,Bus,13,4,Clear,Urban Road,Damaged,Dawn,Signs,110,45,Valid,No,Bridge
Rajasthan,2020,April,Tuesday,05:59,Minor,1,Two-Wheeler,4,3,Clear,Urban Road,Under Construction,Dark,Signals,36,46,None,No,Intersection
Mizoram,2021,May,Monday,15:15,Fatal,2,Pedestrian,5,4,Clear,Village Road,Under Construction,Dusk,Signs,49,43,Expired,Yes,Intersection
Meghalaya,2021,April,Sunday,20:40,Minor,5,Bus,13,4,Clear,Urban Road,Wet,Dark,Signs,70,54,Valid,No,Intersection
Tripura,2022,September,Tuesday,14:23,Fatal,3,Bus,11,2,Clear,Urban Road,Damaged,Daylight,Signs,101,37,None,Yes,Intersection
Rajasthan,2022,July,Sunday,10:02,Fatal,5,Auto-Rickshaw,11,1,Rainy,Urban Road,Dry,Daylight,None,55,53,None,Yes,Straight Road
Mizoram,2022,April,Thursday,05:46,Fatal,4,Cycle,6,5,Clear,State Highway,Dry,Dawn,None,32,45,None,Yes,Intersection
Chhattisgarh,2021,January,Sunday,00:31,Minor,3,Pedestrian,13,5,Rainy,Urban Road,Damaged,Dawn,Police Checkpost,107,42,None,No,Straight Road
Mizoram,2022,June,Sunday,19:47,Serious,4,Auto-Rickshaw,14,2,Rainy,Village Road,Damaged,Dark,Signs,101,46,None,Yes,Curve
Haryana,2020,July,Sunday,22:36,Minor,2,Two-Wheeler,7,3,Clear,Urban Road,Damaged,Dark,None,61,55,Valid,No,Bridge
Bihar,2021,March,Monday,17:14,Minor,2,Cycle,11,4,Rainy,National Highway,Damaged,Daylight,None,107,29,None,No,Intersection
West Bengal,2018,August,Thursday,21:29,Serious,4,Cycle,10,4,Clear,State Highway,Under Construction,Dawn,Signs,59,45,None,Yes,Straight Road
Jharkhand,2021,September,Sunday,20:49,Serious,2,Bus,9,3,Clear,State Highway,Under Construction,Dusk,Signs,62,51,None,No,Intersection
Jammu and Kashmir,2023,March,Friday,16:13,Fatal,4,Bus,12,4,Clear,State Highway,Dry,Dark,None,102,30,Valid,Yes,Curve
Arunachal Pradesh,2021,April,Tuesday,11:37,Minor,1,Auto-Rickshaw,3,1,Clear,National Highway,Under Construction,Dawn,Signs,33,33,Expired,No,Bridge
Odisha,2022,November,Wednesday,23:03,Minor,3,Car,6,5,Rainy,Village Road,Dry,Daylight,Signals,31,49,Expired,No,Curve
Meghalaya,2019,September,Monday,18:32,Minor,5,Bus,11,2,Clear,National Highway,Under Construction,Dusk,None,58,49,Valid,No,Straight Road
Chhattisgarh,2021,November,Wednesday,09:16,Minor,1,Cycle,8,2,Clear,Village Road,Dry,Daylight,Signals,99,54,Expired,No,Bridge
Jammu and Kashmir,2022,October,Sunday,16:42,Fatal,1,Two-Wheeler,8,5,Clear,Village Road,Dry,Daylight,Signals,88,23,None,Yes,Bridge
Meghalaya,2022,October,Thursday,00:51,Serious,3,Cycle,6,0,Clear,Village Road,Damaged,Dark,Signs,45,30,Expired,Yes,Straight Road
Himachal Pradesh,2023,July,Saturday,23:16,Fatal,1,Cycle,10,3,Clear,Village Road,Dry,Daylight,Signals,101,34,Expired,Yes,Curve
Andhra Pradesh,2019,May,Wednesday,21:23,Serious,2,Truck,9,0,Clear,National Highway,Damaged,Daylight,None,61,15,Expired,Yes,Straight Road
West Bengal,2020,March,Friday,23:04,Minor,3,Two-Wheeler,12,5,Clear,National Highway,Dry,Dusk,Police Checkpost,104,36,Expired,No,Bridge
Jharkhand,2020,December,Thursday,13:03,Minor,2,Car,12,4,Foggy,National Highway,Damaged,Dark,Signs,112,49,Valid,No,Curve
Chandigarh,2019,June,Saturday,21:18,Serious,3,Car,9,4,Rainy,National Highway,Wet,Dusk,Signs,80,31,Expired,No,Intersection
Jammu and Kashmir,2023,May,Saturday,23:01,Fatal,4,Bus,15,3,Rainy,National Highway,Dry,Dusk,None,116,49,Expired,Yes,Bridge
Telangana,2021,November,Monday,12:45,Minor,3,Cycle,8,4,Rainy,Village Road,Under Construction,Dark,None,72,54,None,No,Curve
Madhya Pradesh,2020,April,Tuesday,09:16,Fatal,4,Auto-Rickshaw,11,1,Rainy,State Highway,Damaged,Dark,Signals,59,35,Valid,Yes,Intersection
Mizoram,2022,October,Friday,11:30,Serious,2,Car,5,2,Rainy,Village Road,Wet,Dusk,Signs,40,40,Expired,Yes,Straight Road
Kerala,2022,July,Saturday,14:16,Fatal,5,Pedestrian,14,3,Clear,Village Road,Under Construction,Daylight,Signals,107,51,None,Yes,Bridge
Sikkim,2021,April,Saturday,01:24,Minor,1,Pedestrian,10,2,Rainy,Village Road,Wet,Dusk,Police Checkpost,101,28,Valid,No,Straight Road
Rajasthan,2020,February,Tuesday,04:58,Minor,1,Cycle,8,1,Rainy,National Highway,Dry,Dawn,Signs,79,51,Expired,No,Intersection
Punjab,2021,March,Thursday,22:06,Fatal,5,Truck,9,3,Clear,National Highway,Damaged,Daylight,None,50,24,Expired,Yes,Intersection
Chandigarh,2019,January,Monday,22:47,Fatal,5,Cycle,13,3,Foggy,State Highway,Under Construction,Dawn,Signs,89,28,None,Yes,Curve
Jammu and Kashmir,2021,June,Sunday,22:15,Fatal,4,Two-Wheeler,7,5,Clear,State Highway,Under Construction,Dusk,Police Checkpost,34,42,None,Yes,Curve
Haryana,2023,May,Wednesday,06:59,Minor,2,Auto-Rickshaw,4,4,Clear,National Highway,Damaged,Daylight,None,34,53,None,No,Curve
Nagaland,2021,May,Wednesday,15:49,Minor,5,Cycle,10,5,Rainy,National Highway,Wet,Dusk,None,59,68,Valid,No,Bridge
Manipur,2022,September,Monday,01:46,Minor,5,Auto-Rickshaw,10,2,Clear,National Highway,Under Construction,Dusk,Signs,32,37,Expired,No,Bridge
Sikkim,2021,June,Wednesday,10:18,Minor,2,Car,4,4,Clear,State Highway,Dry,Dark,Signals,37,51,None,No,Straight Road
Manipur,2018,September,Friday,12:45,Fatal,3,Pedestrian,13,0,Clear,Village Road,Dry,Dawn,Signals,120,50,Expired,Yes,Straight Road
Manipur,2021,October,Friday,22:19,Minor,2,Truck,11,2,Clear,National Highway,Wet,Dusk,None,92,38,Valid,No,Straight Road
Tripura,2022,November,Sunday,17:12,Fatal,5,Car,11,1,Rainy,National Highway,Wet,Dusk,Signals,77,33,Valid,Yes,Bridge
Haryana,2021,May,Sunday,03:16,Minor,3,Car,10,0,Clear,State Highway,Dry,Dawn,Signs,72,50,Valid,No,Curve
Chandigarh,2020,July,Tuesday,15:10,Minor,4,Car,11,3,Rainy,National Highway,Wet,Daylight,None,58,46,None,No,Straight Road
Puducherry,2020,November,Thursday,09:30,Fatal,4,Two-Wheeler,12,3,Clear,State Highway,Dry,Dark,None,70,17,Expired,Yes,Intersection
Karnataka,2020,February,Wednesday,09:44,Fatal,3,Auto-Rickshaw,10,4,Rainy,State Highway,Damaged,Dawn,Police Checkpost,97,29,Valid,Yes,Bridge
Assam,2018,September,Monday,14:15,Fatal,2,Cycle,11,1,Foggy,Urban Road,Wet,Dusk,Police Checkpost,118,32,None,Yes,Bridge
Karnataka,2020,December,Thursday,21:53,Fatal,4,Truck,9,3,Rainy,Urban Road,Under Construction,Dark,Signals,74,51,Expired,Yes,Straight Road
Himachal Pradesh,2020,May,Tuesday,20:03,Serious,2,Car,10,0,Snowy,National Highway,Under Construction,Dusk,Police Checkpost,100,36,Expired,No,Intersection
Delhi,2021,March,Thursday,14:16,Minor,2,Auto-Rickshaw,8,0,Clear,Village Road,Dry,Daylight,Signs,76,35,Valid,No,Intersection
Haryana,2022,May,Monday,20:56,Fatal,2,Bus,11,3,Clear,Urban Road,Wet,Dawn,None,98,66,Expired,Yes,Bridge
Jammu and Kashmir,2022,November,Tuesday,08:52,Minor,3,Bus,13,0,Clear,Urban Road,Damaged,Dark,Signals,99,45,None,No,Straight Road
Tripura,2018,April,Friday,21:57,Minor,4,Two-Wheeler,7,2,Rainy,Village Road,Damaged,Dawn,Signals,31,65,None,No,Bridge
Mizoram,2021,May,Monday,00:09,Minor,3,Cycle,11,5,Clear,State Highway,Wet,Dawn,Signals,108,42,Expired,No,Bridge
Haryana,2023,June,Monday,19:15,Serious,3,Auto-Rickshaw,7,1,Rainy,State Highway,Wet,Dusk,Signals,54,38,Expired,Yes,Straight Road
Jammu and Kashmir,2023,February,Wednesday,09:48,Minor,3,Truck,8,3,Snowy,Village Road,Wet,Dusk,Signs,61,71,Valid,No,Straight Road
Kerala,2021,June,Tuesday,10:38,Minor,4,Auto-Rickshaw,6,5,Rainy,Urban Road,Dry,Dark,Signs,31,27,None,No,Straight Road
Jharkhand,2021,September,Friday,02:46,Minor,2,Auto-Rickshaw,8,4,Clear,Urban Road,Wet,Dawn,None,67,52,Expired,No,Intersection
Jammu and Kashmir,2018,December,Saturday,17:17,Fatal,1,Two-Wheeler,9,4,Clear,State Highway,Dry,Dark,Signals,112,45,None,Yes,Straight Road
Jammu and Kashmir,2022,October,Wednesday,14:14,Serious,1,Truck,5,5,Clear,Village Road,Under Construction,Dusk,None,61,44,Valid,Yes,Curve
Nagaland,2020,June,Tuesday,18:22,Minor,1,Two-Wheeler,8,1,Rainy,National Highway,Dry,Dusk,Police Checkpost,91,27,Expired,No,Straight Road
Jammu and Kashmir,2020,September,Thursday,10:46,Minor,5,Pedestrian,16,2,Clear,State Highway,Wet,Dusk,Signals,111,68,Valid,No,Bridge
Rajasthan,2021,September,Friday,12:00,Serious,5,Two-Wheeler,15,0,Foggy,Urban Road,Dry,Dusk,None,102,68,Valid,Yes,Intersection
Kerala,2022,September,Monday,03:56,Serious,5,Pedestrian,11,0,Clear,Urban Road,Under Construction,Dawn,Signals,55,64,None,No,Straight Road
Jharkhand,2021,November,Friday,04:30,Fatal,1,Car,4,0,Stormy,State Highway,Under Construction,Dark,Police Checkpost,34,64,Expired,Yes,Bridge
Punjab,2022,March,Tuesday,20:13,Minor,4,Auto-Rickshaw,8,3,Rainy,Village Road,Damaged,Dawn,Signals,32,21,Expired,No,Curve
Uttar Pradesh,2021,December,Wednesday,14:20,Fatal,1,Truck,9,4,Rainy,National Highway,Damaged,Dusk,Police Checkpost,111,58,None,Yes,Bridge
Sikkim,2022,March,Monday,20:19,Serious,1,Two-Wheeler,11,1,Clear,Village Road,Under Construction,Daylight,None,118,44,None,No,Curve
Punjab,2021,June,Monday,01:03,Serious,2,Car,5,0,Foggy,State Highway,Wet,Dark,Police Checkpost,40,32,None,No,Straight Road
Maharashtra,2018,December,Monday,13:05,Serious,1,Bus,5,1,Clear,National Highway,Damaged,Daylight,Signs,55,26,None,Yes,Curve
Assam,2019,June,Friday,09:07,Fatal,3,Truck,9,2,Clear,Urban Road,Damaged,Dark,Signs,74,48,Valid,Yes,Intersection
Jammu and Kashmir,2018,August,Wednesday,07:02,Serious,4,Bus,8,2,Clear,National Highway,Wet,Daylight,None,45,37,Expired,No,Bridge
Sikkim,2022,January,Thursday,09:31,Minor,5,Pedestrian,10,3,Foggy,Village Road,Damaged,Dawn,Signs,59,22,Expired,No,Intersection
Uttar Pradesh,2022,April,Friday,05:38,Minor,4,Truck,13,5,Rainy,Village Road,Under Construction,Dawn,Police Checkpost,111,50,None,No,Bridge
Mizoram,2021,June,Wednesday,21:12,Fatal,3,Two-Wheeler,13,5,Clear,National Highway,Under Construction,Dawn,Signs,111,34,Expired,Yes,Intersection
Chhattisgarh,2020,October,Thursday,03:27,Serious,2,Auto-Rickshaw,4,2,Rainy,Urban Road,Under Construction,Dusk,Signals,40,56,Valid,Yes,Intersection
Manipur,2018,February,Saturday,18:33,Minor,5,Two-Wheeler,12,3,Clear,State Highway,Under Construction,Daylight,Signals,91,41,None,No,Straight Road
Goa,2020,September,Monday,21:00,Minor,2,Truck,7,1,Clear,Urban Road,Under Construction,Dark,Police Checkpost,72,55,Expired,No,Straight Road
Sikkim,2021,October,Monday,13:22,Serious,2,Pedestrian,8,2,Clear,National Highway,Wet,Daylight,Police Checkpost,51,34,None,Yes,Bridge
Jharkhand,2023,September,Thursday,17:41,Fatal,3,Car,12,4,Clear,Urban Road,Wet,Dawn,Signals,102,30,Valid,Yes,Curve
Bihar,2023,August,Wednesday,19:58,Serious,3,Truck,7,3,Clear,National Highway,Dry,Dark,None,30,40,Valid,Yes,Curve
Chhattisgarh,2018,October,Monday,00:02,Minor,2,Auto-Rickshaw,11,0,Rainy,National Highway,Under Construction,Dusk,Signs,112,81,Valid,No,Intersection
Uttarakhand,2020,August,Sunday,04:35,Minor,2,Bus,8,1,Rainy,State Highway,Dry,Dawn,Signs,53,68,Valid,No,Bridge
Meghalaya,2023,February,Friday,20:36,Fatal,4,Pedestrian,8,3,Rainy,State Highway,Dry,Dawn,Signs,45,23,Valid,Yes,Intersection
Maharashtra,2020,April,Tuesday,02:05,Minor,2,Pedestrian,10,4,Rainy,Village Road,Wet,Dark,Signs,106,54,Expired,No,Straight Road
Kerala,2021,May,Thursday,08:14,Serious,4,Two-Wheeler,10,0,Clear,State Highway,Under Construction,Dusk,Police Checkpost,76,49,Valid,Yes,Curve
Kerala,2023,December,Monday,22:10,Minor,1,Cycle,6,4,Stormy,National Highway,Damaged,Dusk,Signs,76,23,Valid,No,Curve
Assam,2019,December,Monday,14:00,Fatal,5,Auto-Rickshaw,12,3,Clear,Village Road,Damaged,Dawn,Signs,81,29,Valid,Yes,Straight Road
Andhra Pradesh,2022,April,Saturday,05:08,Minor,2,Truck,9,3,Clear,State Highway,Damaged,Daylight,Signs,51,45,None,No,Bridge
Maharashtra,2019,July,Tuesday,15:05,Minor,1,Truck,4,4,Rainy,National Highway,Under Construction,Dawn,None,32,34,None,No,Curve
Gujarat,2023,January,Monday,21:28,Minor,2,Two-Wheeler,10,5,Clear,State Highway,Under Construction,Daylight,Signs,91,43,None,No,Bridge
Arunachal Pradesh,2023,March,Tuesday,17:37,Minor,3,Bus,10,2,Rainy,National Highway,Dry,Daylight,Signs,82,24,Expired,No,Bridge
Mizoram,2022,March,Friday,04:27,Minor,2,Car,9,4,Rainy,Urban Road,Damaged,Dusk,None,86,50,None,No,Intersection
Gujarat,2022,March,Thursday,04:27,Fatal,1,Two-Wheeler,8,1,Stormy,Urban Road,Wet,Dawn,None,81,25,Valid,Yes,Straight Road
Meghalaya,2020,August,Friday,02:10,Fatal,5,Two-Wheeler,11,5,Clear,Urban Road,Damaged,Dawn,Signs,59,57,Expired,Yes,Intersection
West Bengal,2019,April,Monday,18:32,Minor,1,Bus,11,1,Foggy,Village Road,Damaged,Dawn,Signs,112,51,None,No,Bridge
Uttarakhand,2021,June,Sunday,08:25,Fatal,2,Truck,4,4,Clear,National Highway,Dry,Daylight,None,30,44,Valid,Yes,Bridge
Gujarat,2021,November,Sunday,11:41,Minor,5,Car,17,1,Clear,National Highway,Wet,Dawn,Signals,109,40,Expired,No,Intersection
Assam,2023,July,Saturday,01:28,Fatal,5,Bus,12,4,Clear,Village Road,Wet,Dawn,None,84,32,Valid,Yes,Straight Road
Chandigarh,2019,June,Thursday,03:23,Fatal,4,Bus,11,4,Rainy,Urban Road,Damaged,Daylight,Signals,67,34,None,Yes,Straight Road
Odisha,2018,August,Thursday,19:30,Serious,2,Two-Wheeler,7,5,Rainy,National Highway,Wet,Daylight,Police Checkpost,59,46,Valid,Yes,Straight Road
Telangana,2020,September,Sunday,21:06,Fatal,1,Truck,3,0,Foggy,Village Road,Damaged,Daylight,Signs,31,52,Expired,Yes,Straight Road
Assam,2019,October,Monday,16:38,Fatal,5,Car,10,5,Rainy,Urban Road,Under Construction,Daylight,Signals,47,45,Valid,Yes,Bridge
Chandigarh,2019,January,Saturday,00:13,Serious,4,Truck,11,1,Clear,State Highway,Damaged,Dusk,None,90,57,Valid,Yes,Bridge
Puducherry,2023,October,Friday,23:17,Minor,1,Pedestrian,7,1,Rainy,State Highway,Damaged,Dusk,Police Checkpost,87,38,Expired,No,Curve
Rajasthan,2022,January,Tuesday,01:01,Serious,1,Pedestrian,7,2,Clear,Village Road,Wet,Dusk,Signs,86,38,Valid,No,Straight Road
Uttar Pradesh,2021,March,Friday,20:36,Fatal,5,Pedestrian,15,1,Clear,National Highway,Under Construction,Daylight,Police Checkpost,97,46,None,Yes,Intersection
Andhra Pradesh,2022,September,Tuesday,08:35,Minor,5,Truck,15,3,Clear,State Highway,Under Construction,Dusk,Signals,107,38,Expired,No,Straight Road
Maharashtra,2019,December,Monday,13:41,Serious,4,Car,7,1,Foggy,State Highway,Under Construction,Dawn,Police Checkpost,32,34,Valid,No,Bridge
Uttar Pradesh,2022,February,Monday,12:37,Fatal,2,Truck,4,1,Clear,State Highway,Wet,Dark,Police Checkpost,33,56,Expired,Yes,Straight Road
Meghalaya,2022,June,Sunday,21:55,Fatal,5,Two-Wheeler,12,2,Rainy,State Highway,Damaged,Dawn,None,75,31,Valid,Yes,Curve
Himachal Pradesh,2021,October,Monday,22:17,Minor,1,Cycle,5,3,Clear,Village Road,Dry,Dark,Police Checkpost,42,58,Valid,No,Intersection
Puducherry,2018,October,Sunday,15:45,Serious,1,Truck,7,2,Rainy,State Highway,Damaged,Dark,Signs,72,41,Expired,No,Intersection
Goa,2023,December,Thursday,00:45,Serious,1,Bus,9,3,Stormy,State Highway,Dry,Dawn,Police Checkpost,93,31,None,Yes,Bridge
Sikkim,2023,June,Thursday,20:10,Fatal,2,Truck,8,5,Foggy,Urban Road,Dry,Daylight,Signs,69,39,Expired,Yes,Straight Road
Himachal Pradesh,2020,November,Saturday,09:51,Fatal,4,Pedestrian,8,0,Clear,Urban Road,Wet,Daylight,None,40,48,None,Yes,Straight Road
West Bengal,2021,November,Sunday,11:38,Fatal,5,Auto-Rickshaw,14,0,Clear,State Highway,Damaged,Dawn,Police Checkpost,108,58,Valid,Yes,Straight Road
Gujarat,2021,May,Tuesday,17:53,Serious,1,Bus,11,2,Clear,National Highway,Damaged,Daylight,Signs,106,43,None,Yes,Curve
Tamil Nadu,2018,September,Thursday,11:46,Minor,4,Auto-Rickshaw,15,3,Clear,State Highway,Damaged,Dark,Police Checkpost,106,58,None,No,Intersection
Jammu and Kashmir,2023,February,Wednesday,18:37,Serious,4,Bus,10,3,Snowy,State Highway,Dry,Dark,None,58,36,None,No,Bridge
Sikkim,2023,June,Monday,07:57,Minor,4,Car,12,2,Clear,Village Road,Under Construction,Dusk,Signals,93,30,Valid,No,Curve
Telangana,2022,May,Tuesday,00:34,Minor,5,Bus,10,0,Clear,State Highway,Dry,Dawn,Signs,49,41,Valid,No,Bridge
Odisha,2020,May,Wednesday,05:28,Minor,5,Auto-Rickshaw,14,5,Rainy,State Highway,Under Construction,Dawn,None,83,35,Expired,No,Bridge
Chandigarh,2019,July,Thursday,01:37,Minor,4,Two-Wheeler,9,0,Rainy,Urban Road,Damaged,Dusk,None,59,4,None,No,Intersection
Jharkhand,2020,October,Thursday,04:23,Fatal,1,Bus,11,5,Clear,National Highway,Damaged,Dusk,Police Checkpost,108,37,Expired,Yes,Straight Road
Odisha,2019,March,Friday,04:31,Fatal,3,Cycle,9,2,Rainy,State Highway,Dry,Daylight,Signals,50,18,None,Yes,Curve
Punjab,2018,June,Thursday,01:02,Minor,1,Auto-Rickshaw,6,4,Clear,Urban Road,Wet,Dark,Signals,36,32,Expired,No,Curve
Tamil Nadu,2022,January,Monday,02:08,Fatal,2,Auto-Rickshaw,9,2,Rainy,State Highway,Damaged,Dawn,Police Checkpost,105,54,Expired,Yes,Bridge
Gujarat,2018,September,Thursday,10:10,Minor,2,Auto-Rickshaw,11,4,Clear,Village Road,Under Construction,Dark,Police Checkpost,86,47,Expired,No,Straight Road
Goa,2023,September,Wednesday,12:05,Minor,1,Auto-Rickshaw,7,1,Rainy,Village Road,Damaged,Dark,None,80,26,Expired,No,Bridge
Delhi,2018,April,Sunday,13:06,Minor,3,Pedestrian,13,5,Rainy,National Highway,Dry,Dark,None,114,44,None,No,Curve
Goa,2022,April,Friday,05:29,Serious,1,Truck,2,1,Clear,State Highway,Wet,Dusk,Signs,34,69,None,No,Intersection
Assam,2022,October,Friday,09:29,Minor,1,Two-Wheeler,6,1,Clear,Urban Road,Under Construction,Daylight,Signs,67,33,Valid,No,Straight Road
Kerala,2018,December,Monday,01:56,Minor,4,Cycle,11,1,Clear,Village Road,Dry,Dark,None,87,47,Valid,No,Straight Road
Rajasthan,2020,May,Thursday,16:17,Minor,4,Two-Wheeler,10,5,Foggy,National Highway,Damaged,Daylight,Signs,75,30,None,No,Curve
Assam,2019,April,Wednesday,13:37,Fatal,3,Auto-Rickshaw,11,3,Clear,State Highway,Wet,Dusk,Signals,104,37,Valid,Yes,Bridge
Manipur,2022,March,Sunday,03:56,Minor,2,Car,6,4,Foggy,Urban Road,Wet,Dark,Signals,49,51,Expired,No,Intersection
Odisha,2023,November,Wednesday,02:57,Fatal,2,Cycle,10,1,Clear,State Highway,Under Construction,Daylight,Signs,110,39,Valid,Yes,Curve
Assam,2018,April,Saturday,02:27,Fatal,3,Car,7,0,Clear,Urban Road,Dry,Dark,Police Checkpost,36,50,None,Yes,Straight Road
Meghalaya,2018,November,Monday,03:33,Serious,5,Car,10,5,Rainy,State Highway,Damaged,Dusk,Signals,38,31,Expired,Yes,Curve
Bihar,2019,March,Monday,06:58,Minor,5,Car,15,2,Clear,Village Road,Dry,Daylight,None,117,52,Expired,No,Straight Road
West Bengal,2021,May,Sunday,09:08,Serious,1,Bus,6,2,Rainy,Village Road,Damaged,Dawn,Signs,65,22,Expired,No,Bridge
Tamil Nadu,2023,March,Thursday,02:32,Minor,5,Two-Wheeler,9,4,Clear,State Highway,Damaged,Dark,Signals,58,41,None,No,Straight Road
Rajasthan,2018,June,Saturday,18:41,Fatal,2,Auto-Rickshaw,10,4,Clear,Urban Road,Damaged,Dawn,Signs,94,27,Valid,Yes,Intersection
Maharashtra,2018,September,Wednesday,12:26,Fatal,4,Two-Wheeler,12,0,Clear,Urban Road,Under Construction,Dusk,None,107,33,Expired,Yes,Intersection
Haryana,2018,December,Wednesday,21:11,Serious,5,Two-Wheeler,9,2,Foggy,National Highway,Dry,Dusk,Signals,42,31,None,Yes,Straight Road
Nagaland,2023,March,Saturday,19:11,Serious,1,Truck,5,2,Clear,Urban Road,Damaged,Daylight,None,45,60,Valid,No,Curve
Rajasthan,2018,September,Thursday,00:18,Minor,3,Car,9,1,Rainy,State Highway,Dry,Dark,Police Checkpost,54,42,Valid,No,Straight Road
Chandigarh,2019,December,Thursday,01:26,Minor,5,Car,14,2,Clear,National Highway,Under Construction,Dusk,Signs,72,44,Valid,No,Bridge
Puducherry,2021,September,Wednesday,17:18,Fatal,4,Bus,9,2,Rainy,National Highway,Dry,Dawn,None,45,39,Expired,Yes,Bridge
Madhya Pradesh,2018,March,Wednesday,01:25,Minor,1,Truck,11,4,Clear,State Highway,Dry,Dusk,Police Checkpost,103,35,None,No,Bridge
Haryana,2023,April,Saturday,21:45,Minor,1,Two-Wheeler,10,1,Clear,Urban Road,Wet,Dawn,None,110,19,Valid,No,Straight Road
Delhi,2020,September,Thursday,23:37,Minor,1,Cycle,9,1,Clear,National Highway,Dry,Daylight,Signals,102,28,None,No,Curve
Arunachal Pradesh,2019,September,Wednesday,12:12,Minor,3,Cycle,11,1,Clear,National Highway,Dry,Dusk,None,95,28,Expired,No,Intersection
Arunachal Pradesh,2018,October,Monday,16:54,Fatal,2,Bus,5,3,Clear,Urban Road,Damaged,Dark,Police Checkpost,46,44,None,Yes,Intersection
Meghalaya,2020,December,Saturday,14:23,Serious,3,Bus,12,5,Clear,Urban Road,Under Construction,Dark,Police Checkpost,84,19,None,No,Straight Road
Arunachal Pradesh,2023,February,Saturday,10:19,Serious,1,Car,7,3,Rainy,State Highway,Wet,Dawn,None,85,69,None,No,Straight Road
Uttarakhand,2018,December,Friday,03:06,Serious,1,Two-Wheeler,10,0,Rainy,Village Road,Damaged,Dark,Signals,84,36,Valid,Yes,Bridge
Jharkhand,2021,September,Wednesday,00:41,Fatal,2,Bus,6,3,Rainy,National Highway,Damaged,Dawn,Signs,49,48,Valid,Yes,Curve
Mizoram,2023,November,Sunday,04:25,Serious,2,Truck,11,3,Stormy,State Highway,Dry,Dawn,None,106,49,Expired,No,Straight Road
Manipur,2021,March,Sunday,17:45,Fatal,2,Pedestrian,6,3,Clear,Urban Road,Damaged,Daylight,Signals,62,65,None,Yes,Bridge
Meghalaya,2018,June,Wednesday,06:22,Fatal,3,Cycle,8,2,Clear,National Highway,Damaged,Dark,None,62,46,None,Yes,Intersection
Tamil Nadu,2023,January,Saturday,22:07,Minor,3,Auto-Rickshaw,12,3,Clear,Village Road,Damaged,Dawn,Signs,119,53,None,No,Straight Road
Punjab,2022,January,Saturday,22:41,Minor,4,Pedestrian,15,3,Rainy,National Highway,Under Construction,Dark,Signs,114,40,None,No,Intersection
Himachal Pradesh,2019,December,Wednesday,09:38,Serious,5,Auto-Rickshaw,12,3,Clear,Urban Road,Wet,Daylight,Police Checkpost,59,52,Expired,Yes,Intersection
Jharkhand,2020,August,Thursday,03:11,Fatal,3,Car,14,2,Rainy,Village Road,Dry,Dusk,Signals,120,35,None,Yes,Straight Road
Gujarat,2020,October,Monday,21:45,Minor,1,Bus,10,0,Foggy,State Highway,Dry,Daylight,None,94,34,Valid,No,Curve
Arunachal Pradesh,2023,April,Saturday,22:30,Serious,4,Pedestrian,6,4,Clear,Village Road,Under Construction,Daylight,Signs,46,34,None,Yes,Intersection
Kerala,2023,April,Monday,02:02,Fatal,1,Truck,7,3,Clear,National Highway,Dry,Dusk,Signs,60,35,Expired,Yes,Straight Road
Tamil Nadu,2023,April,Tuesday,08:52,Fatal,4,Auto-Rickshaw,12,2,Rainy,Urban Road,Wet,Dawn,Police Checkpost,77,35,Valid,Yes,Straight Road
Jharkhand,2022,June,Wednesday,02:08,Serious,5,Truck,14,5,Stormy,Urban Road,Dry,Daylight,None,116,30,Expired,Yes,Curve
Meghalaya,2022,November,Thursday,14:39,Fatal,1,Pedestrian,9,4,Rainy,National Highway,Wet,Dawn,Signs,66,35,Expired,Yes,Straight Road
Assam,2020,January,Thursday,18:36,Serious,2,Bus,7,4,Rainy,National Highway,Under Construction,Dawn,Signs,62,26,Expired,No,Intersection
Maharashtra,2020,February,Monday,03:26,Minor,5,Two-Wheeler,9,5,Clear,Village Road,Wet,Dark,Signals,43,48,None,No,Intersection
Karnataka,2023,December,Wednesday,02:16,Fatal,1,Truck,6,4,Rainy,Urban Road,Damaged,Dawn,Signs,60,37,Expired,Yes,Straight Road
Uttar Pradesh,2020,May,Tuesday,19:55,Fatal,3,Pedestrian,10,2,Clear,National Highway,Dry,Dawn,Signs,93,22,Expired,Yes,Bridge
Haryana,2018,April,Saturday,15:19,Serious,1,Auto-Rickshaw,7,4,Clear,State Highway,Damaged,Dusk,Police Checkpost,79,33,Expired,Yes,Straight Road
Telangana,2018,January,Saturday,09:12,Minor,5,Cycle,10,3,Rainy,National Highway,Dry,Dusk,Signs,43,51,Valid,No,Straight Road
Telangana,2022,June,Friday,02:12,Serious,2,Cycle,11,4,Clear,National Highway,Dry,Dawn,Signals,103,37,Valid,Yes,Intersection
Sikkim,2020,May,Wednesday,09:22,Fatal,4,Two-Wheeler,9,3,Rainy,State Highway,Wet,Dark,None,77,29,Valid,Yes,Bridge
West Bengal,2021,April,Thursday,04:56,Minor,3,Bus,8,1,Rainy,Village Road,Wet,Dark,Police Checkpost,45,52,Valid,No,Bridge
Assam,2023,September,Saturday,04:13,Fatal,4,Car,9,2,Clear,Urban Road,Dry,Dark,Signals,44,43,None,Yes,Straight Road
Nagaland,2020,November,Saturday,00:37,Fatal,1,Pedestrian,9,4,Foggy,Urban Road,Under Construction,Dawn,Signals,106,62,Valid,Yes,Bridge
Himachal Pradesh,2018,February,Saturday,09:57,Fatal,3,Auto-Rickshaw,8,0,Snowy,Urban Road,Under Construction,Dawn,Signs,51,49,None,Yes,Straight Road
Tamil Nadu,2022,August,Saturday,11:28,Serious,1,Two-Wheeler,12,1,Clear,State Highway,Wet,Daylight,Signs,119,45,None,No,Straight Road
Nagaland,2019,August,Sunday,22:38,Fatal,2,Two-Wheeler,5,2,Clear,Urban Road,Under Construction,Dark,None,32,41,Expired,Yes,Curve
Goa,2018,June,Friday,03:36,Minor,2,Cycle,13,1,Rainy,State Highway,Wet,Dark,Signals,98,71,None,No,Bridge
Rajasthan,2022,August,Wednesday,00:42,Minor,4,Truck,15,4,Stormy,Village Road,Damaged,Dusk,Police Checkpost,115,45,Expired,No,Curve
Gujarat,2022,November,Sunday,10:37,Minor,5,Bus,10,0,Clear,State Highway,Wet,Dusk,Police Checkpost,54,40,Expired,No,Straight Road
Odisha,2018,May,Wednesday,06:42,Minor,2,Truck,9,4,Stormy,National Highway,Dry,Dawn,Police Checkpost,75,37,None,No,Intersection
Arunachal Pradesh,2020,December,Monday,15:14,Serious,3,Car,13,4,Clear,Urban Road,Dry,Dark,None,98,51,Valid,Yes,Intersection
Himachal Pradesh,2019,May,Sunday,11:10,Serious,3,Two-Wheeler,13,0,Snowy,Urban Road,Wet,Dark,None,118,27,Expired,Yes,Straight Road
Jammu and Kashmir,2023,January,Sunday,01:18,Fatal,1,Two-Wheeler,4,2,Clear,State Highway,Damaged,Dark,None,32,42,Valid,Yes,Straight Road
Madhya Pradesh,2022,May,Sunday,10:42,Fatal,3,Car,7,2,Clear,National Highway,Dry,Daylight,None,69,40,Expired,Yes,Curve
Odisha,2018,February,Thursday,11:02,Fatal,1,Car,8,2,Rainy,State Highway,Dry,Daylight,None,105,26,Valid,Yes,Bridge
Tamil Nadu,2022,May,Sunday,00:39,Minor,3,Two-Wheeler,8,4,Foggy,Village Road,Dry,Dark,Signals,46,42,None,No,Bridge
Goa,2023,June,Friday,07:24,Serious,2,Truck,11,5,Stormy,National Highway,Wet,Dark,Signs,111,28,Valid,Yes,Straight Road
Delhi,2020,February,Thursday,13:39,Fatal,5,Truck,11,0,Clear,Village Road,Under Construction,Daylight,None,60,45,None,Yes,Intersection
Goa,2019,June,Tuesday,16:44,Serious,4,Two-Wheeler,8,1,Clear,Village Road,Damaged,Dusk,Signals,47,54,Expired,No,Curve
Mizoram,2023,February,Wednesday,01:06,Fatal,4,Auto-Rickshaw,10,5,Foggy,State Highway,Dry,Dark,Signals,65,50,None,Yes,Straight Road
Haryana,2020,October,Sunday,00:43,Fatal,5,Pedestrian,13,5,Rainy,State Highway,Dry,Daylight,Signals,87,39,Valid,Yes,Bridge
Uttar Pradesh,2022,September,Sunday,21:31,Fatal,3,Two-Wheeler,12,0,Clear,State Highway,Dry,Dawn,Signs,114,59,Valid,Yes,Intersection
Puducherry,2018,July,Thursday,00:52,Minor,3,Auto-Rickshaw,8,0,Rainy,Village Road,Dry,Dark,Signs,31,23,Valid,No,Bridge
Mizoram,2019,August,Sunday,17:49,Fatal,4,Auto-Rickshaw,14,3,Rainy,State Highway,Wet,Dusk,Signs,118,29,Expired,Yes,Intersection
Arunachal Pradesh,2019,November,Tuesday,05:07,Serious,1,Truck,4,5,Clear,National Highway,Dry,Dawn,Signals,34,34,None,No,Curve
Chhattisgarh,2021,May,Thursday,11:36,Minor,1,Auto-Rickshaw,4,4,Clear,National Highway,Wet,Dark,None,41,53,Expired,No,Straight Road
Mizoram,2020,September,Wednesday,10:24,Minor,4,Truck,14,0,Clear,Village Road,Under Construction,Dark,Signs,110,31,None,No,Straight Road
Delhi,2021,April,Tuesday,08:34,Fatal,3,Pedestrian,12,3,Rainy,Urban Road,Wet,Dawn,Signs,100,48,Valid,Yes,Straight Road
Sikkim,2022,July,Thursday,04:53,Fatal,4,Car,7,1,Rainy,State Highway,Wet,Daylight,None,48,53,Valid,Yes,Intersection
Gujarat,2022,March,Wednesday,11:05,Minor,1,Car,4,5,Clear,Village Road,Dry,Dark,Signals,30,42,Valid,No,Bridge
Mizoram,2023,June,Thursday,19:53,Serious,4,Pedestrian,11,0,Clear,Village Road,Damaged,Dawn,Police Checkpost,78,37,None,Yes,Bridge
Uttarakhand,2022,February,Friday,18:39,Minor,1,Pedestrian,6,1,Clear,Urban Road,Under Construction,Dusk,Signals,74,45,Expired,No,Curve
Uttarakhand,2021,May,Monday,08:36,Fatal,2,Car,4,3,Foggy,State Highway,Under Construction,Daylight,Signs,41,56,Valid,Yes,Intersection
Mizoram,2021,December,Friday,21:47,Serious,2,Truck,9,4,Clear,Village Road,Under Construction,Dusk,Police Checkpost,75,43,Valid,Yes,Curve
Bihar,2018,November,Monday,00:05,Serious,2,Auto-Rickshaw,9,0,Clear,State Highway,Under Construction,Dark,Signs,81,61,Expired,Yes,Bridge
Sikkim,2021,September,Wednesday,12:58,Serious,1,Auto-Rickshaw,7,3,Clear,Urban Road,Wet,Dawn,Police Checkpost,89,25,Valid,Yes,Curve
Assam,2018,December,Monday,08:12,Fatal,1,Two-Wheeler,6,2,Clear,Village Road,Damaged,Dawn,None,46,39,None,Yes,Straight Road
Mizoram,2022,November,Sunday,21:01,Fatal,2,Bus,10,1,Clear,State Highway,Under Construction,Dusk,None,104,81,Valid,Yes,Bridge
Puducherry,2023,November,Wednesday,00:29,Fatal,3,Truck,12,1,Rainy,Urban Road,Under Construction,Dusk,Signals,92,41,None,Yes,Bridge
Arunachal Pradesh,2021,July,Wednesday,22:43,Minor,5,Cycle,9,5,Rainy,State Highway,Wet,Daylight,Signs,40,50,Valid,No,Curve
Rajasthan,2018,January,Monday,12:47,Serious,2,Cycle,10,2,Clear,State Highway,Under Construction,Dark,None,89,41,Expired,No,Bridge
Telangana,2019,May,Thursday,13:55,Fatal,1,Auto-Rickshaw,2,2,Stormy,Urban Road,Dry,Daylight,Signs,31,33,Valid,Yes,Intersection
Andhra Pradesh,2019,April,Tuesday,18:07,Fatal,1,Car,4,5,Clear,Village Road,Under Construction,Dawn,Signals,37,24,Expired,Yes,Intersection
Jharkhand,2019,January,Tuesday,08:49,Minor,4,Two-Wheeler,7,4,Clear,Village Road,Wet,Dusk,Signals,63,50,Valid,No,Bridge
Gujarat,2018,November,Saturday,17:09,Minor,2,Two-Wheeler,10,3,Clear,Village Road,Under Construction,Dark,Signals,88,54,None,No,Bridge
West Bengal,2018,October,Sunday,10:57,Fatal,2,Bus,11,4,Foggy,State Highway,Wet,Dark,Signs,114,17,Valid,Yes,Straight Road
Andhra Pradesh,2021,July,Friday,03:55,Fatal,5,Car,15,4,Clear,Village Road,Wet,Dark,Signs,113,30,Valid,Yes,Bridge
Sikkim,2018,March,Sunday,03:33,Serious,5,Car,11,0,Foggy,State Highway,Wet,Daylight,None,83,60,Expired,Yes,Straight Road
Meghalaya,2020,December,Tuesday,16:35,Serious,4,Two-Wheeler,10,5,Clear,State Highway,Wet,Dawn,Signs,57,29,None,No,Bridge
Andhra Pradesh,2018,May,Tuesday,02:14,Fatal,5,Cycle,13,0,Rainy,National Highway,Under Construction,Dawn,Signs,89,32,None,Yes,Curve
Andhra Pradesh,2021,September,Tuesday,18:56,Minor,3,Truck,9,2,Rainy,State Highway,Under Construction,Dawn,Police Checkpost,67,49,None,No,Bridge
Telangana,2022,October,Friday,15:25,Fatal,3,Two-Wheeler,7,0,Clear,National Highway,Under Construction,Daylight,Police Checkpost,45,30,Valid,Yes,Curve
Chandigarh,2023,May,Monday,04:24,Fatal,5,Car,9,3,Clear,National Highway,Damaged,Dawn,Signs,67,48,Valid,Yes,Straight Road
Karnataka,2023,November,Wednesday,08:07,Minor,3,Truck,6,3,Clear,Village Road,Under Construction,Daylight,Signs,37,42,Expired,No,Bridge
Uttar Pradesh,2020,June,Wednesday,04:01,Serious,3,Truck,6,3,Stormy,Urban Road,Damaged,Dusk,Signs,35,34,Valid,No,Intersection
Mizoram,2018,May,Friday,14:33,Minor,2,Truck,11,4,Clear,Urban Road,Damaged,Dusk,None,105,32,None,No,Intersection
Sikkim,2021,October,Thursday,18:15,Fatal,2,Cycle,3,4,Rainy,National Highway,Wet,Dawn,Police Checkpost,36,43,Valid,Yes,Straight Road
Nagaland,2021,August,Tuesday,04:08,Fatal,2,Truck,10,5,Clear,Village Road,Dry,Dark,None,93,49,Expired,Yes,Intersection
Punjab,2018,December,Sunday,12:31,Minor,2,Two-Wheeler,11,4,Clear,State Highway,Wet,Dawn,Signs,99,43,Expired,No,Bridge
Meghalaya,2022,April,Thursday,16:29,Serious,5,Car,11,2,Clear,State Highway,Under Construction,Dawn,Signs,61,16,Expired,No,Intersection
Arunachal Pradesh,2022,October,Saturday,20:53,Fatal,1,Cycle,6,4,Clear,State Highway,Dry,Dark,Police Checkpost,75,34,Valid,Yes,Curve
Rajasthan,2023,November,Saturday,09:17,Fatal,4,Car,13,0,Stormy,Village Road,Under Construction,Dusk,Signs,89,46,None,Yes,Bridge
Himachal Pradesh,2019,August,Tuesday,10:55,Fatal,4,Cycle,10,3,Stormy,State Highway,Dry,Dusk,Signals,65,26,Expired,Yes,Intersection
Jharkhand,2023,January,Saturday,12:32,Fatal,1,Bus,10,5,Clear,State Highway,Under Construction,Dawn,Signals,106,57,None,Yes,Straight Road
Jammu and Kashmir,2021,July,Friday,15:19,Fatal,5,Cycle,14,2,Rainy,Village Road,Dry,Dark,Signals,93,44,Expired,Yes,Intersection
Puducherry,2023,June,Wednesday,14:23,Minor,1,Truck,8,1,Rainy,Village Road,Wet,Dusk,None,75,42,Valid,No,Bridge
Karnataka,2019,July,Wednesday,17:40,Serious,3,Cycle,7,0,Clear,National Highway,Wet,Dusk,Signs,47,37,None,No,Bridge
Bihar,2018,December,Friday,01:19,Minor,5,Pedestrian,10,4,Clear,Urban Road,Dry,Dark,None,79,35,None,No,Intersection
Goa,2022,September,Monday,14:06,Minor,1,Pedestrian,7,0,Clear,Village Road,Dry,Dusk,Signals,84,35,Valid,No,Curve
Telangana,2023,March,Sunday,14:30,Minor,2,Bus,12,0,Clear,Urban Road,Damaged,Dusk,Signs,108,58,Valid,No,Bridge
Uttar Pradesh,2023,November,Wednesday,11:56,Fatal,4,Truck,11,0,Clear,Urban Road,Wet,Daylight,None,66,58,None,Yes,Straight Road
Chandigarh,2020,August,Friday,14:56,Fatal,1,Truck,9,5,Clear,Urban Road,Dry,Dark,Signals,94,51,Expired,Yes,Intersection
Jharkhand,2020,February,Tuesday,22:38,Minor,5,Pedestrian,15,1,Clear,National Highway,Under Construction,Daylight,Police Checkpost,110,54,None,No,Curve
Manipur,2022,February,Thursday,08:02,Serious,4,Car,13,3,Rainy,National Highway,Dry,Dawn,None,104,41,Valid,Yes,Intersection
Uttarakhand,2021,August,Tuesday,04:25,Minor,5,Two-Wheeler,16,3,Clear,Village Road,Wet,Dusk,Police Checkpost,116,57,Expired,No,Straight Road
Himachal Pradesh,2023,July,Monday,21:28,Fatal,3,Cycle,6,4,Clear,Urban Road,Under Construction,Dawn,Police Checkpost,35,41,Expired,Yes,Straight Road
Arunachal Pradesh,2021,December,Thursday,17:05,Serious,1,Auto-Rickshaw,6,2,Clear,Village Road,Under Construction,Daylight,Police Checkpost,61,44,Expired,Yes,Straight Road
Jharkhand,2019,July,Wednesday,13:12,Fatal,4,Pedestrian,9,0,Clear,National Highway,Under Construction,Dark,Signals,62,51,Expired,Yes,Curve
Madhya Pradesh,2023,April,Wednesday,20:45,Minor,1,Truck,7,1,Rainy,Village Road,Wet,Dusk,Police Checkpost,90,30,Valid,No,Intersection
Punjab,2022,July,Tuesday,13:50,Minor,3,Auto-Rickshaw,9,5,Rainy,Village Road,Dry,Dusk,Signs,73,40,Valid,No,Curve
Chhattisgarh,2023,November,Wednesday,21:56,Minor,2,Bus,8,5,Stormy,National Highway,Dry,Daylight,Signs,75,27,Expired,No,Curve
Madhya Pradesh,2022,February,Sunday,15:38,Serious,4,Bus,13,4,Rainy,National Highway,Damaged,Dawn,Signs,120,47,Expired,No,Intersection
Puducherry,2021,July,Saturday,11:17,Minor,2,Truck,8,0,Foggy,Village Road,Wet,Dusk,None,69,36,None,No,Straight Road
Sikkim,2021,February,Wednesday,19:49,Minor,4,Auto-Rickshaw,8,4,Clear,Village Road,Damaged,Daylight,None,51,49,None,No,Intersection
Chandigarh,2020,June,Thursday,09:33,Fatal,2,Two-Wheeler,7,3,Clear,State Highway,Wet,Daylight,Signals,33,31,Valid,Yes,Straight Road
Sikkim,2020,August,Monday,04:33,Minor,2,Auto-Rickshaw,6,1,Rainy,National Highway,Damaged,Dusk,Signs,51,43,Expired,No,Curve
Haryana,2022,November,Friday,17:15,Fatal,2,Cycle,7,4,Rainy,State Highway,Dry,Daylight,Signals,56,33,Expired,Yes,Bridge
Himachal Pradesh,2021,June,Thursday,20:32,Fatal,2,Auto-Rickshaw,6,0,Rainy,Village Road,Under Construction,Dusk,Signs,54,42,None,Yes,Bridge
Uttar Pradesh,2023,May,Tuesday,05:18,Minor,3,Pedestrian,12,2,Clear,State Highway,Wet,Dark,Signals,89,52,Expired,No,Bridge
Assam,2018,November,Friday,09:58,Serious,1,Car,10,0,Clear,State Highway,Under Construction,Dusk,None,102,28,Valid,Yes,Intersection
Odisha,2020,March,Wednesday,11:36,Serious,1,Pedestrian,12,2,Clear,Village Road,Dry,Dawn,Signals,110,48,Expired,Yes,Straight Road
Puducherry,2022,April,Wednesday,03:05,Fatal,5,Car,16,3,Clear,Village Road,Wet,Dark,Police Checkpost,116,41,Valid,Yes,Curve
Karnataka,2020,February,Wednesday,02:54,Serious,4,Cycle,10,2,Clear,Urban Road,Under Construction,Dawn,Police Checkpost,60,31,Valid,Yes,Bridge
Gujarat,2022,January,Friday,13:46,Fatal,4,Two-Wheeler,12,5,Foggy,Urban Road,Under Construction,Dark,Police Checkpost,100,50,None,Yes,Straight Road
Puducherry,2022,April,Monday,15:32,Minor,4,Two-Wheeler,14,3,Rainy,State Highway,Under Construction,Dawn,Police Checkpost,118,30,Expired,No,Bridge
Sikkim,2020,March,Monday,06:39,Serious,3,Pedestrian,8,1,Stormy,State Highway,Wet,Daylight,Signals,43,23,None,No,Straight Road
Tamil Nadu,2021,August,Sunday,16:25,Minor,2,Cycle,6,1,Clear,National Highway,Dry,Dawn,Police Checkpost,40,46,None,No,Curve
Chandigarh,2021,January,Tuesday,23:08,Minor,5,Auto-Rickshaw,11,3,Clear,National Highway,Damaged,Dusk,Police Checkpost,62,41,Valid,No,Intersection
Nagaland,2021,August,Friday,08:52,Fatal,2,Bus,4,3,Rainy,Urban Road,Wet,Dark,Signs,32,32,Valid,Yes,Bridge
Uttarakhand,2021,September,Tuesday,20:38,Serious,3,Car,13,1,Clear,Urban Road,Damaged,Dark,None,111,48,Valid,Yes,Curve
Chandigarh,2022,May,Friday,21:29,Minor,1,Pedestrian,8,4,Clear,Urban Road,Dry,Daylight,Signs,51,41,None,No,Bridge
Jammu and Kashmir,2021,January,Friday,23:27,Minor,1,Auto-Rickshaw,4,4,Snowy,National Highway,Dry,Dawn,Signals,40,17,None,No,Bridge
Andhra Pradesh,2022,May,Monday,06:51,Minor,1,Cycle,7,2,Clear,Village Road,Dry,Dusk,Signals,84,33,None,No,Straight Road
Madhya Pradesh,2022,April,Monday,14:43,Fatal,2,Car,6,1,Clear,Village Road,Damaged,Dawn,Police Checkpost,49,51,Valid,Yes,Bridge
Chandigarh,2018,June,Monday,02:57,Minor,3,Bus,9,5,Clear,State Highway,Dry,Dark,None,60,31,Expired,No,Bridge
Uttar Pradesh,2020,February,Wednesday,23:57,Fatal,3,Truck,10,5,Clear,Village Road,Damaged,Dawn,Signs,70,32,Valid,Yes,Straight Road
West Bengal,2021,September,Monday,14:41,Serious,2,Pedestrian,8,5,Clear,National Highway,Dry,Dusk,Police Checkpost,41,33,Expired,Yes,Straight Road
Chhattisgarh,2023,May,Monday,03:14,Fatal,2,Car,8,0,Rainy,State Highway,Damaged,Daylight,Police Checkpost,47,45,None,Yes,Intersection
West Bengal,2021,January,Tuesday,04:32,Fatal,1,Car,9,3,Rainy,Village Road,Under Construction,Daylight,Police Checkpost,106,42,Valid,Yes,Straight Road
Delhi,2021,January,Wednesday,01:38,Serious,4,Cycle,12,3,Clear,State Highway,Under Construction,Dark,Signals,77,25,Valid,No,Intersection
Gujarat,2019,June,Sunday,18:24,Serious,3,Truck,11,3,Rainy,National Highway,Under Construction,Daylight,None,66,27,None,No,Straight Road
Goa,2022,January,Thursday,10:48,Minor,2,Bus,10,2,Rainy,Urban Road,Under Construction,Dusk,Police Checkpost,90,29,Valid,No,Bridge
Goa,2018,December,Monday,04:38,Minor,2,Truck,6,0,Clear,Urban Road,Under Construction,Daylight,Signals,67,29,Valid,No,Intersection
Assam,2019,November,Wednesday,13:02,Minor,4,Cycle,9,3,Clear,National Highway,Dry,Dusk,Police Checkpost,65,27,Valid,No,Bridge
Punjab,2022,May,Wednesday,09:03,Fatal,2,Bus,7,3,Foggy,National Highway,Dry,Daylight,Signs,53,38,None,Yes,Bridge
Odisha,2020,September,Tuesday,03:54,Serious,3,Pedestrian,10,4,Clear,Urban Road,Wet,Dusk,Signs,69,44,Valid,Yes,Curve
Uttarakhand,2023,August,Friday,02:55,Serious,1,Cycle,8,5,Clear,Urban Road,Under Construction,Dawn,Signs,84,30,Valid,No,Intersection
Madhya Pradesh,2022,November,Thursday,14:12,Serious,2,Bus,7,0,Rainy,State Highway,Under Construction,Dawn,None,41,52,Valid,Yes,Curve
Karnataka,2023,June,Sunday,16:49,Minor,2,Truck,8,0,Stormy,Village Road,Dry,Dusk,Police Checkpost,48,30,Valid,No,Straight Road
Telangana,2019,July,Saturday,15:48,Serious,3,Two-Wheeler,11,3,Clear,National Highway,Damaged,Daylight,None,109,22,Valid,No,Bridge
Bihar,2022,May,Tuesday,01:45,Serious,4,Car,9,5,Clear,Village Road,Dry,Dark,Signals,72,29,Valid,Yes,Straight Road
Chhattisgarh,2022,July,Monday,16:40,Serious,2,Truck,12,2,Clear,National Highway,Wet,Daylight,None,94,40,Valid,No,Curve
Rajasthan,2020,September,Tuesday,04:30,Serious,1,Cycle,7,2,Clear,Village Road,Dry,Dawn,Signals,50,48,Expired,No,Intersection
Goa,2020,October,Saturday,03:32,Minor,2,Bus,5,4,Rainy,Village Road,Dry,Daylight,Police Checkpost,35,32,Expired,No,Curve
Jharkhand,2018,October,Tuesday,16:43,Serious,1,Two-Wheeler,4,4,Clear,Urban Road,Damaged,Dawn,None,39,62,Valid,Yes,Intersection
Puducherry,2018,November,Friday,05:23,Fatal,5,Truck,15,2,Clear,State Highway,Under Construction,Daylight,Police Checkpost,106,38,None,Yes,Curve
Kerala,2023,June,Monday,18:51,Fatal,5,Auto-Rickshaw,15,1,Clear,Village Road,Under Construction,Dawn,Signals,113,55,Valid,Yes,Bridge
Bihar,2020,March,Friday,11:04,Fatal,2,Auto-Rickshaw,7,2,Rainy,National Highway,Damaged,Daylight,None,64,29,Valid,Yes,Intersection
Odisha,2019,October,Tuesday,09:19,Minor,4,Auto-Rickshaw,14,4,Clear,National Highway,Damaged,Daylight,None,108,15,Valid,No,Intersection
Nagaland,2018,December,Monday,08:53,Minor,1,Auto-Rickshaw,9,4,Clear,Village Road,Dry,Daylight,Police Checkpost,94,46,Expired,No,Straight Road
Andhra Pradesh,2021,April,Thursday,20:35,Serious,5,Two-Wheeler,16,4,Clear,State Highway,Wet,Dusk,None,115,38,Valid,Yes,Intersection
Nagaland,2023,March,Friday,02:21,Fatal,3,Car,6,4,Clear,National Highway,Under Construction,Daylight,Signs,31,36,None,Yes,Straight Road
Tamil Nadu,2022,March,Wednesday,06:32,Fatal,1,Auto-Rickshaw,9,3,Clear,National Highway,Wet,Dusk,Signals,80,24,None,Yes,Straight Road
Chhattisgarh,2018,March,Tuesday,06:07,Minor,2,Auto-Rickshaw,11,0,Rainy,Village Road,Under Construction,Dawn,None,96,43,None,No,Straight Road
Tripura,2019,March,Wednesday,07:27,Fatal,2,Two-Wheeler,8,0,Rainy,Urban Road,Wet,Daylight,None,71,48,None,Yes,Intersection
Maharashtra,2019,June,Friday,08:34,Serious,2,Cycle,10,1,Rainy,Urban Road,Wet,Daylight,Signs,91,37,Expired,Yes,Curve
Karnataka,2020,February,Monday,10:07,Serious,3,Bus,8,0,Foggy,National Highway,Wet,Dusk,None,55,45,Expired,Yes,Bridge
Andhra Pradesh,2021,May,Thursday,20:27,Fatal,3,Auto-Rickshaw,9,4,Foggy,National Highway,Wet,Dusk,Signs,85,12,Expired,Yes,Intersection
Bihar,2020,January,Wednesday,05:22,Serious,2,Bus,5,0,Clear,Urban Road,Under Construction,Daylight,Signs,62,29,Expired,No,Intersection
Chandigarh,2022,May,Thursday,05:22,Serious,1,Auto-Rickshaw,7,3,Rainy,Urban Road,Under Construction,Daylight,Signs,83,39,Valid,No,Straight Road
Assam,2018,January,Saturday,19:20,Minor,3,Two-Wheeler,7,4,Clear,Urban Road,Under Construction,Dusk,Signals,31,37,None,No,Intersection
Uttarakhand,2021,June,Thursday,09:35,Fatal,4,Two-Wheeler,14,0,Clear,Village Road,Damaged,Dusk,Police Checkpost,119,44,Valid,Yes,Straight Road
Punjab,2022,October,Sunday,10:04,Minor,3,Bus,10,0,Clear,National Highway,Dry,Dusk,Signs,55,29,Valid,No,Bridge
Odisha,2020,July,Sunday,14:45,Fatal,2,Two-Wheeler,6,5,Clear,Village Road,Damaged,Dusk,Police Checkpost,67,57,Valid,Yes,Intersection
Uttarakhand,2023,September,Tuesday,06:46,Fatal,4,Pedestrian,14,0,Rainy,Urban Road,Damaged,Daylight,Signs,105,42,None,Yes,Straight Road
Rajasthan,2019,June,Friday,12:25,Serious,5,Car,12,0,Rainy,National Highway,Dry,Dusk,Signals,99,48,Valid,No,Curve
Gujarat,2022,March,Monday,15:39,Minor,3,Cycle,9,3,Rainy,Village Road,Under Construction,Dusk,Police Checkpost,48,68,Expired,No,Straight Road
Karnataka,2021,August,Thursday,16:45,Serious,5,Two-Wheeler,15,4,Clear,State Highway,Dry,Daylight,None,96,41,None,No,Intersection
Sikkim,2021,November,Monday,11:33,Minor,5,Pedestrian,14,1,Rainy,Urban Road,Dry,Daylight,None,103,41,Valid,No,Intersection
Jharkhand,2019,March,Friday,17:16,Serious,2,Pedestrian,8,3,Stormy,Village Road,Under Construction,Daylight,None,55,36,Expired,No,Straight Road
Mizoram,2020,April,Friday,17:47,Minor,5,Bus,12,3,Foggy,National Highway,Damaged,Dusk,None,68,47,Valid,No,Straight Road
Chhattisgarh,2018,September,Monday,13:50,Minor,3,Pedestrian,8,0,Clear,National Highway,Damaged,Dark,Signals,66,44,Valid,No,Curve
Madhya Pradesh,2021,November,Monday,08:11,Minor,2,Bus,8,1,Clear,Village Road,Wet,Dawn,Signs,70,24,None,No,Bridge
West Bengal,2021,December,Saturday,11:11,Minor,5,Two-Wheeler,16,3,Foggy,National Highway,Damaged,Daylight,Signals,102,44,Valid,No,Bridge
Himachal Pradesh,2021,November,Wednesday,01:57,Fatal,1,Two-Wheeler,9,3,Stormy,Urban Road,Damaged,Dark,None,107,49,Expired,Yes,Straight Road
Kerala,2021,December,Monday,00:51,Minor,1,Two-Wheeler,10,4,Clear,State Highway,Under Construction,Daylight,None,87,35,None,No,Intersection
Bihar,2021,May,Wednesday,05:02,Serious,2,Car,9,2,Clear,Urban Road,Under Construction,Dawn,Signs,90,22,None,No,Intersection
Chandigarh,2021,December,Sunday,15:44,Minor,2,Two-Wheeler,9,0,Clear,State Highway,Dry,Dawn,Signs,58,38,None,No,Curve
Tripura,2020,March,Thursday,13:11,Serious,5,Auto-Rickshaw,13,5,Rainy,State Highway,Wet,Dark,None,95,20,None,No,Curve
Kerala,2020,March,Wednesday,05:10,Serious,5,Car,11,5,Clear,Village Road,Wet,Dusk,None,58,29,None,Yes,Curve
Madhya Pradesh,2023,April,Monday,08:20,Minor,2,Cycle,9,1,Foggy,Urban Road,Under Construction,Dusk,None,98,44,None,No,Bridge
Delhi,2022,April,Monday,16:22,Fatal,3,Cycle,9,2,Stormy,National Highway,Dry,Dark,Signals,80,48,Valid,Yes,Curve
Himachal Pradesh,2021,March,Tuesday,20:13,Fatal,1,Truck,8,3,Rainy,Village Road,Damaged,Dark,Police Checkpost,96,51,Valid,Yes,Straight Road
Nagaland,2023,December,Monday,11:07,Fatal,4,Two-Wheeler,8,4,Rainy,State Highway,Wet,Dark,Signals,39,45,Expired,Yes,Curve
West Bengal,2018,April,Tuesday,04:23,Fatal,4,Pedestrian,10,5,Foggy,National Highway,Damaged,Dark,None,51,53,Valid,Yes,Bridge
Tripura,2020,January,Wednesday,11:42,Minor,3,Bus,6,5,Rainy,Village Road,Dry,Dusk,Signals,46,32,Expired,No,Straight Road
Mizoram,2019,October,Tuesday,00:06,Minor,1,Truck,9,0,Clear,National Highway,Dry,Dusk,Signs,75,48,Valid,No,Intersection
Meghalaya,2020,January,Wednesday,04:39,Serious,4,Two-Wheeler,9,0,Clear,Urban Road,Dry,Dusk,None,68,38,Expired,No,Bridge
Mizoram,2018,February,Thursday,01:52,Minor,5,Car,16,5,Rainy,State Highway,Damaged,Dawn,Signs,107,24,None,No,Straight Road
Mizoram,2022,September,Tuesday,01:27,Fatal,5,Two-Wheeler,11,0,Foggy,Village Road,Under Construction,Daylight,Signs,80,27,Valid,Yes,Curve
Sikkim,2022,April,Saturday,22:16,Minor,4,Bus,15,4,Clear,Urban Road,Under Construction,Daylight,None,115,47,Expired,No,Intersection
Punjab,2021,March,Sunday,17:57,Minor,2,Truck,7,0,Clear,State Highway,Damaged,Dusk,None,44,45,None,No,Curve
Jharkhand,2018,February,Saturday,06:48,Serious,1,Truck,8,0,Clear,National Highway,Wet,Dusk,Signals,67,49,Valid,Yes,Straight Road
Chandigarh,2019,May,Tuesday,21:59,Fatal,1,Truck,11,5,Clear,Village Road,Under Construction,Daylight,Signals,97,9,Valid,Yes,Curve
Puducherry,2019,December,Sunday,16:18,Fatal,5,Bus,12,5,Rainy,Urban Road,Dry,Dawn,Signs,79,51,None,Yes,Curve
West Bengal,2020,October,Thursday,03:43,Minor,3,Car,9,4,Clear,State Highway,Dry,Dark,None,63,43,Expired,No,Straight Road
Punjab,2022,January,Tuesday,07:41,Fatal,5,Two-Wheeler,12,2,Foggy,Urban Road,Dry,Dark,Signals,84,32,Valid,Yes,Bridge
Odisha,2022,April,Thursday,03:40,Minor,3,Bus,7,3,Clear,National Highway,Dry,Dusk,Signs,43,49,Valid,No,Intersection
Telangana,2023,July,Tuesday,16:57,Fatal,2,Car,5,4,Clear,State Highway,Dry,Dusk,Police Checkpost,39,37,Expired,Yes,Bridge
Himachal Pradesh,2020,January,Wednesday,08:47,Minor,3,Cycle,5,4,Clear,Village Road,Dry,Dark,Signals,35,42,Valid,No,Bridge
Punjab,2019,October,Monday,22:10,Serious,4,Truck,5,3,Rainy,State Highway,Damaged,Daylight,None,32,18,Expired,Yes,Curve
Arunachal Pradesh,2018,June,Saturday,09:44,Minor,4,Truck,11,1,Clear,Village Road,Wet,Dusk,Signals,95,33,Expired,No,Intersection
Mizoram,2019,September,Thursday,11:47,Minor,3,Two-Wheeler,11,2,Clear,National Highway,Wet,Dark,Police Checkpost,82,36,Valid,No,Straight Road
Telangana,2018,January,Tuesday,23:21,Fatal,5,Cycle,13,5,Stormy,Urban Road,Wet,Dusk,Signs,101,40,None,Yes,Bridge
Jammu and Kashmir,2023,April,Sunday,23:55,Serious,2,Pedestrian,6,5,Clear,Urban Road,Dry,Daylight,Police Checkpost,51,36,None,No,Intersection
Assam,2021,February,Friday,05:46,Fatal,1,Two-Wheeler,9,3,Clear,National Highway,Wet,Dusk,None,88,64,Expired,Yes,Bridge
Chhattisgarh,2022,February,Monday,20:21,Fatal,1,Two-Wheeler,10,0,Clear,National Highway,Wet,Dark,Police Checkpost,107,32,None,Yes,Straight Road
Gujarat,2021,April,Wednesday,05:56,Serious,5,Bus,10,3,Rainy,Village Road,Wet,Dark,Police Checkpost,33,57,Expired,Yes,Straight Road
Chandigarh,2021,January,Monday,08:34,Minor,4,Two-Wheeler,15,2,Clear,Village Road,Under Construction,Dusk,Signals,120,42,None,No,Curve
Karnataka,2021,February,Monday,08:00,Serious,2,Car,9,0,Clear,Village Road,Wet,Dusk,Signals,72,45,Valid,No,Bridge
Gujarat,2018,January,Thursday,23:43,Minor,2,Bus,9,3,Clear,Urban Road,Damaged,Dawn,Signals,92,21,Valid,No,Intersection
Haryana,2020,December,Tuesday,08:14,Minor,1,Auto-Rickshaw,5,4,Clear,Urban Road,Wet,Daylight,None,63,28,None,No,Straight Road
Delhi,2021,May,Friday,18:55,Minor,3,Truck,10,2,Clear,Village Road,Under Construction,Dusk,Signs,66,40,Valid,No,Intersection
Madhya Pradesh,2021,December,Thursday,15:01,Minor,1,Auto-Rickshaw,7,3,Rainy,Urban Road,Under Construction,Dusk,Signals,69,38,None,No,Curve
Goa,2021,December,Thursday,15:07,Minor,4,Pedestrian,9,3,Rainy,Village Road,Wet,Dark,Signs,59,42,None,No,Straight Road
Manipur,2019,January,Thursday,02:34,Minor,5,Pedestrian,7,0,Foggy,Village Road,Dry,Daylight,Signals,30,40,Expired,No,Straight Road
Jharkhand,2018,June,Wednesday,14:45,Minor,4,Auto-Rickshaw,8,1,Clear,State Highway,Damaged,Daylight,None,35,58,Valid,No,Bridge
Meghalaya,2018,October,Saturday,14:17,Minor,1,Pedestrian,6,1,Rainy,State Highway,Dry,Dark,Police Checkpost,57,19,None,No,Intersection
Sikkim,2022,March,Sunday,13:41,Minor,4,Car,8,1,Rainy,State Highway,Wet,Dawn,Police Checkpost,53,47,Valid,No,Intersection
Delhi,2020,August,Wednesday,01:50,Fatal,2,Cycle,11,2,Rainy,Village Road,Under Construction,Dusk,Signals,96,57,Valid,Yes,Intersection
West Bengal,2021,May,Wednesday,18:24,Fatal,2,Two-Wheeler,6,4,Clear,State Highway,Damaged,Dawn,Police Checkpost,38,50,Valid,Yes,Curve
Sikkim,2021,December,Friday,17:36,Fatal,5,Truck,13,4,Rainy,State Highway,Dry,Dark,Police Checkpost,84,26,Expired,Yes,Straight Road
West Bengal,2022,July,Saturday,20:52,Fatal,2,Bus,7,4,Clear,Village Road,Dry,Dark,Police Checkpost,53,39,Expired,Yes,Curve
Chhattisgarh,2021,May,Friday,16:04,Minor,5,Cycle,9,1,Clear,National Highway,Dry,Daylight,Signals,45,44,Expired,No,Curve
Himachal Pradesh,2023,August,Saturday,06:12,Minor,2,Two-Wheeler,6,3,Snowy,National Highway,Dry,Daylight,Signs,49,37,Valid,No,Bridge
Uttarakhand,2021,December,Friday,16:30,Serious,1,Pedestrian,9,1,Clear,Urban Road,Dry,Daylight,None,102,26,Expired,Yes,Curve
Delhi,2018,October,Wednesday,01:09,Fatal,3,Cycle,14,4,Clear,State Highway,Damaged,Dusk,Signals,111,46,None,Yes,Bridge
Tamil Nadu,2020,December,Wednesday,10:20,Minor,3,Two-Wheeler,12,2,Clear,Urban Road,Damaged,Dark,Signals,90,28,Valid,No,Curve
Sikkim,2022,January,Sunday,17:03,Minor,4,Pedestrian,11,5,Clear,State Highway,Wet,Dark,None,90,24,None,No,Straight Road
Sikkim,2022,July,Wednesday,18:02,Minor,2,Truck,10,1,Clear,Urban Road,Dry,Dark,None,78,49,Valid,No,Curve
Maharashtra,2021,April,Thursday,01:39,Fatal,2,Cycle,13,1,Clear,National Highway,Damaged,Dawn,None,112,49,None,Yes,Straight Road
Goa,2018,June,Friday,11:11,Minor,3,Pedestrian,8,2,Stormy,Urban Road,Under Construction,Dark,Signals,46,17,None,No,Intersection
Andhra Pradesh,2023,August,Thursday,18:08,Minor,4,Bus,10,1,Clear,Village Road,Dry,Dawn,Signs,45,45,Expired,No,Bridge
Puducherry,2022,July,Friday,19:23,Fatal,1,Truck,7,0,Foggy,Village Road,Dry,Dawn,Signals,78,46,Expired,Yes,Intersection
Meghalaya,2020,March,Thursday,19:29,Serious,1,Two-Wheeler,12,2,Clear,State Highway,Under Construction,Dark,None,119,40,Expired,Yes,Curve
Telangana,2023,November,Thursday,00:07,Serious,5,Pedestrian,11,3,Rainy,Urban Road,Wet,Dusk,Police Checkpost,37,34,None,Yes,Curve
Tamil Nadu,2020,June,Saturday,21:55,Fatal,1,Truck,6,1,Foggy,Urban Road,Wet,Daylight,None,58,59,None,Yes,Straight Road
Mizoram,2020,July,Wednesday,23:44,Serious,1,Cycle,9,4,Rainy,State Highway,Wet,Dark,Signals,109,35,Valid,No,Curve
Andhra Pradesh,2018,December,Friday,00:27,Serious,4,Auto-Rickshaw,11,5,Foggy,Village Road,Wet,Dark,Signals,86,28,Valid,Yes,Straight Road
Uttar Pradesh,2023,July,Saturday,08:58,Fatal,1,Pedestrian,4,3,Clear,Urban Road,Wet,Dawn,None,30,54,Valid,Yes,Bridge
Chandigarh,2018,April,Wednesday,09:55,Minor,5,Pedestrian,11,2,Foggy,Urban Road,Damaged,Daylight,None,81,57,None,No,Straight Road
Mizoram,2023,February,Sunday,16:59,Fatal,2,Bus,6,2,Foggy,Urban Road,Damaged,Dusk,Police Checkpost,56,51,None,Yes,Curve
Odisha,2022,September,Tuesday,08:08,Serious,4,Car,9,3,Rainy,Urban Road,Wet,Daylight,Signs,53,30,None,Yes,Bridge
Telangana,2018,December,Sunday,18:00,Fatal,3,Bus,14,2,Clear,State Highway,Under Construction,Daylight,None,114,40,Expired,Yes,Intersection
Karnataka,2021,October,Friday,13:08,Serious,1,Pedestrian,11,3,Clear,Urban Road,Dry,Dawn,Signs,97,48,Expired,No,Straight Road
Chhattisgarh,2022,January,Saturday,16:40,Minor,1,Car,9,2,Clear,Village Road,Wet,Dawn,None,109,46,Expired,No,Intersection
Kerala,2023,July,Saturday,07:11,Serious,4,Cycle,13,0,Rainy,National Highway,Dry,Dawn,None,96,45,None,Yes,Curve
Madhya Pradesh,2018,August,Thursday,11:19,Fatal,4,Cycle,8,4,Clear,Urban Road,Dry,Daylight,Signals,46,38,Valid,Yes,Bridge
Delhi,2018,May,Saturday,19:26,Serious,4,Bus,8,1,Rainy,State Highway,Wet,Daylight,Signs,30,54,None,Yes,Bridge
Puducherry,2023,February,Saturday,23:48,Serious,3,Two-Wheeler,9,5,Clear,Village Road,Under Construction,Dusk,Police Checkpost,55,61,Valid,No,Bridge
Gujarat,2021,April,Sunday,21:09,Fatal,3,Cycle,7,1,Stormy,Urban Road,Dry,Daylight,Police Checkpost,47,39,None,Yes,Straight Road
Delhi,2021,October,Wednesday,05:12,Minor,5,Two-Wheeler,13,4,Foggy,Village Road,Damaged,Daylight,None,72,29,Expired,No,Intersection
West Bengal,2022,March,Sunday,07:43,Fatal,5,Pedestrian,9,0,Rainy,Village Road,Under Construction,Dark,Signals,41,28,Expired,Yes,Curve
West Bengal,2020,April,Thursday,07:27,Serious,3,Two-Wheeler,12,0,Clear,National Highway,Damaged,Dark,Police Checkpost,77,67,Valid,No,Bridge
Bihar,2023,December,Monday,01:50,Minor,2,Bus,10,1,Clear,State Highway,Wet,Dusk,Signs,116,41,None,No,Intersection
Maharashtra,2022,April,Monday,17:33,Fatal,3,Pedestrian,9,1,Rainy,State Highway,Wet,Dark,Police Checkpost,78,32,Valid,Yes,Intersection
Mizoram,2023,April,Sunday,23:14,Fatal,1,Two-Wheeler,4,5,Clear,National Highway,Dry,Dawn,Police Checkpost,46,66,Valid,Yes,Bridge
Jharkhand,2020,August,Thursday,00:49,Serious,1,Bus,8,0,Stormy,Urban Road,Under Construction,Daylight,None,86,60,Expired,Yes,Bridge
Jammu and Kashmir,2020,March,Monday,06:01,Fatal,3,Bus,11,1,Rainy,National Highway,Dry,Daylight,Signals,87,38,None,Yes,Intersection
Arunachal Pradesh,2020,July,Friday,13:31,Minor,4,Car,13,2,Clear,Urban Road,Damaged,Dawn,Signals,110,19,Valid,No,Intersection
Bihar,2020,December,Monday,05:34,Serious,5,Cycle,9,2,Clear,Urban Road,Wet,Daylight,Police Checkpost,43,32,Expired,No,Curve
Rajasthan,2023,June,Tuesday,07:25,Minor,4,Cycle,8,2,Foggy,Urban Road,Dry,Dawn,None,64,35,Valid,No,Bridge
Gujarat,2022,December,Friday,11:41,Serious,3,Auto-Rickshaw,13,2,Rainy,Urban Road,Damaged,Dark,Signals,117,42,Expired,Yes,Curve
Maharashtra,2019,February,Saturday,17:31,Minor,5,Car,12,2,Rainy,National Highway,Under Construction,Daylight,None,60,36,Expired,No,Intersection
Gujarat,2021,June,Saturday,01:42,Serious,3,Two-Wheeler,4,0,Clear,Urban Road,Wet,Dawn,None,37,31,Expired,No,Bridge
West Bengal,2021,December,Thursday,08:32,Minor,4,Truck,14,1,Stormy,Village Road,Dry,Dawn,Police Checkpost,100,25,Expired,No,Curve
Maharashtra,2022,February,Wednesday,11:27,Fatal,5,Car,10,2,Clear,State Highway,Wet,Dawn,None,44,40,Expired,Yes,Intersection
Meghalaya,2021,November,Wednesday,19:51,Minor,3,Truck,12,3,Rainy,State Highway,Dry,Dark,Signals,98,26,None,No,Straight Road
Tamil Nadu,2020,January,Thursday,19:22,Serious,1,Pedestrian,9,2,Clear,Village Road,Dry,Dark,None,114,33,None,Yes,Straight Road
Andhra Pradesh,2020,December,Thursday,09:48,Fatal,4,Auto-Rickshaw,11,1,Stormy,State Highway,Wet,Daylight,None,80,22,None,Yes,Bridge
Goa,2019,November,Wednesday,21:30,Minor,3,Car,14,2,Stormy,State Highway,Wet,Daylight,None,114,52,Valid,No,Bridge
Puducherry,2021,March,Thursday,11:52,Fatal,5,Two-Wheeler,6,5,Clear,State Highway,Damaged,Dusk,Signs,30,42,Valid,Yes,Curve
Punjab,2022,November,Tuesday,09:44,Fatal,2,Two-Wheeler,10,0,Foggy,State Highway,Damaged,Dawn,None,94,38,Expired,Yes,Bridge
Jharkhand,2020,June,Thursday,22:16,Minor,1,Bus,11,2,Clear,Village Road,Dry,Dark,None,120,31,Valid,No,Straight Road
Odisha,2019,September,Monday,16:12,Fatal,4,Bus,8,5,Clear,Urban Road,Under Construction,Daylight,Signs,44,54,Expired,Yes,Straight Road
Telangana,2022,March,Sunday,09:30,Minor,3,Auto-Rickshaw,10,2,Clear,Village Road,Dry,Dawn,Signs,82,41,None,No,Bridge
Goa,2019,April,Thursday,05:36,Fatal,1,Pedestrian,9,1,Clear,National Highway,Wet,Dusk,Signals,106,60,Valid,Yes,Bridge
Kerala,2019,March,Friday,15:33,Fatal,2,Pedestrian,6,5,Rainy,National Highway,Dry,Dusk,None,38,53,None,Yes,Bridge
Odisha,2018,March,Monday,05:31,Minor,3,Car,7,1,Clear,Urban Road,Under Construction,Daylight,Signals,33,11,Valid,No,Bridge
Tamil Nadu,2020,December,Saturday,13:54,Serious,3,Bus,9,4,Clear,Village Road,Damaged,Dusk,None,80,37,Valid,Yes,Curve
Andhra Pradesh,2022,November,Tuesday,13:07,Minor,5,Auto-Rickshaw,14,5,Clear,State Highway,Under Construction,Dark,Signs,105,24,Valid,No,Intersection
Kerala,2018,October,Wednesday,14:56,Fatal,2,Truck,10,2,Foggy,Village Road,Dry,Dusk,None,101,44,None,Yes,Curve
Andhra Pradesh,2021,April,Monday,06:26,Serious,5,Pedestrian,14,4,Clear,Village Road,Under Construction,Daylight,Signs,106,32,Expired,No,Intersection
Nagaland,2021,August,Sunday,16:13,Minor,5,Bus,11,2,Clear,State Highway,Damaged,Dark,Signs,55,44,None,No,Straight Road
Goa,2021,September,Sunday,07:29,Minor,5,Auto-Rickshaw,9,5,Clear,State Highway,Wet,Dark,Signals,36,38,None,No,Curve
Tamil Nadu,2021,April,Monday,11:23,Minor,2,Truck,5,0,Stormy,Urban Road,Wet,Dusk,None,30,43,Valid,No,Straight Road
Chhattisgarh,2020,April,Tuesday,02:23,Serious,3,Car,8,4,Rainy,State Highway,Wet,Daylight,Signs,49,31,Expired,Yes,Intersection
Arunachal Pradesh,2023,May,Friday,08:34,Fatal,1,Pedestrian,8,4,Rainy,State Highway,Under Construction,Dusk,Police Checkpost,77,47,None,Yes,Straight Road
Sikkim,2018,October,Saturday,13:27,Fatal,2,Cycle,8,1,Clear,State Highway,Dry,Dusk,Police Checkpost,81,38,None,Yes,Bridge
Mizoram,2020,February,Thursday,20:53,Minor,4,Cycle,11,2,Rainy,State Highway,Under Construction,Daylight,Signs,83,37,Valid,No,Intersection
Delhi,2020,March,Saturday,15:03,Serious,3,Auto-Rickshaw,10,5,Clear,State Highway,Dry,Dawn,Signals,97,32,None,No,Straight Road
Telangana,2022,March,Sunday,16:33,Minor,1,Pedestrian,7,2,Clear,Urban Road,Dry,Dusk,Signs,76,35,Expired,No,Straight Road
Arunachal Pradesh,2019,November,Sunday,20:56,Serious,2,Pedestrian,7,2,Clear,National Highway,Wet,Daylight,Signals,50,19,Expired,Yes,Bridge
Uttar Pradesh,2020,November,Tuesday,08:12,Serious,1,Pedestrian,8,4,Rainy,Village Road,Dry,Daylight,Signs,75,37,Valid,No,Curve
Jharkhand,2021,May,Monday,02:14,Minor,3,Truck,11,4,Foggy,Urban Road,Wet,Dawn,Signs,75,47,None,No,Straight Road
Sikkim,2023,October,Sunday,06:39,Serious,3,Auto-Rickshaw,8,2,Rainy,State Highway,Dry,Dark,Police Checkpost,58,49,None,No,Bridge
Assam,2020,March,Tuesday,03:05,Fatal,5,Pedestrian,9,2,Clear,National Highway,Damaged,Dawn,Police Checkpost,45,31,None,Yes,Straight Road
Kerala,2023,February,Sunday,19:40,Serious,3,Two-Wheeler,10,1,Clear,Village Road,Wet,Dark,None,75,43,Expired,Yes,Curve
Uttar Pradesh,2022,September,Saturday,15:44,Fatal,2,Cycle,11,0,Rainy,National Highway,Dry,Dark,None,92,34,Valid,Yes,Curve
Karnataka,2022,December,Thursday,20:14,Minor,1,Two-Wheeler,8,3,Stormy,Village Road,Wet,Dusk,None,76,36,None,No,Bridge
Puducherry,2021,August,Saturday,11:52,Serious,5,Pedestrian,13,4,Stormy,Village Road,Wet,Dawn,Signs,100,41,Expired,Yes,Bridge
Telangana,2023,May,Monday,13:06,Fatal,1,Auto-Rickshaw,6,5,Rainy,Village Road,Damaged,Dark,Police Checkpost,55,51,Expired,Yes,Bridge
Kerala,2020,February,Monday,08:52,Minor,2,Bus,10,2,Clear,National Highway,Under Construction,Dawn,None,105,46,Valid,No,Intersection
Gujarat,2022,March,Monday,16:36,Minor,5,Two-Wheeler,15,2,Clear,National Highway,Wet,Dark,Signals,100,57,Expired,No,Straight Road
Odisha,2021,June,Thursday,16:41,Serious,5,Bus,13,2,Rainy,Urban Road,Under Construction,Daylight,None,82,42,Expired,Yes,Curve
Delhi,2023,October,Tuesday,00:28,Fatal,1,Car,11,5,Clear,Village Road,Damaged,Daylight,Police Checkpost,115,34,None,Yes,Intersection
Goa,2020,February,Saturday,08:30,Minor,5,Auto-Rickshaw,16,3,Rainy,Urban Road,Dry,Dawn,Signs,114,32,Valid,No,Straight Road
Gujarat,2018,April,Saturday,06:18,Serious,3,Bus,7,5,Clear,State Highway,Under Construction,Dark,Signs,31,23,Valid,Yes,Curve
Nagaland,2019,March,Saturday,02:10,Minor,3,Cycle,8,0,Stormy,Village Road,Wet,Dark,Police Checkpost,46,41,Expired,No,Curve
Gujarat,2022,January,Wednesday,21:10,Fatal,4,Truck,13,1,Rainy,State Highway,Dry,Dawn,Signs,110,49,Expired,Yes,Curve
Goa,2018,June,Sunday,16:22,Serious,1,Truck,7,1,Stormy,Village Road,Under Construction,Dawn,Signs,94,70,None,Yes,Straight Road
Mizoram,2023,August,Monday,11:24,Fatal,1,Cycle,9,1,Clear,Urban Road,Wet,Dark,Signs,100,49,Valid,Yes,Curve
Uttarakhand,2018,June,Thursday,22:37,Fatal,4,Auto-Rickshaw,14,0,Rainy,Village Road,Dry,Dark,Police Checkpost,102,28,Expired,Yes,Straight Road
Madhya Pradesh,2020,June,Tuesday,12:06,Serious,4,Cycle,14,2,Clear,State Highway,Wet,Dark,Police Checkpost,97,31,Valid,Yes,Curve
Meghalaya,2022,October,Monday,11:32,Serious,5,Two-Wheeler,11,0,Clear,Urban Road,Under Construction,Daylight,Police Checkpost,76,17,Valid,Yes,Curve
Nagaland,2020,July,Monday,06:13,Fatal,5,Auto-Rickshaw,13,0,Rainy,Urban Road,Under Construction,Dusk,None,75,51,Expired,Yes,Bridge
Delhi,2021,January,Friday,05:00,Fatal,3,Pedestrian,9,5,Stormy,Village Road,Dry,Dark,Signs,49,23,Valid,Yes,Straight Road
Delhi,2023,September,Saturday,14:20,Minor,3,Truck,12,0,Rainy,Urban Road,Dry,Dawn,Signals,113,62,Expired,No,Straight Road
Punjab,2020,May,Friday,23:17,Fatal,2,Pedestrian,9,0,Clear,State Highway,Wet,Dusk,Signs,61,36,None,Yes,Straight Road
Uttar Pradesh,2023,November,Wednesday,19:28,Serious,5,Truck,9,0,Rainy,Village Road,Wet,Dawn,None,43,54,None,Yes,Straight Road
Delhi,2020,July,Friday,21:15,Fatal,1,Car,9,0,Clear,Urban Road,Under Construction,Dusk,Police Checkpost,81,45,Expired,Yes,Straight Road
Madhya Pradesh,2018,November,Friday,21:37,Minor,2,Two-Wheeler,6,2,Clear,State Highway,Wet,Dawn,Signs,41,35,Valid,No,Intersection
Maharashtra,2022,March,Sunday,06:30,Minor,2,Truck,9,3,Clear,National Highway,Damaged,Dusk,Police Checkpost,86,25,Valid,No,Curve
Assam,2019,September,Tuesday,22:38,Fatal,3,Bus,7,5,Rainy,State Highway,Dry,Daylight,Police Checkpost,42,40,None,Yes,Intersection
Jharkhand,2022,January,Friday,18:51,Minor,5,Pedestrian,13,4,Clear,Village Road,Damaged,Dawn,None,86,43,None,No,Bridge
Tamil Nadu,2023,October,Monday,03:27,Minor,5,Pedestrian,13,5,Foggy,Village Road,Wet,Dusk,Signs,99,34,Valid,No,Intersection
Punjab,2020,January,Tuesday,01:14,Minor,4,Truck,13,2,Clear,Village Road,Under Construction,Dusk,Police Checkpost,89,30,Expired,No,Straight Road
Sikkim,2020,January,Wednesday,17:33,Serious,1,Cycle,9,1,Stormy,State Highway,Under Construction,Daylight,Signs,89,15,Expired,No,Straight Road
Tamil Nadu,2023,November,Saturday,05:54,Fatal,1,Auto-Rickshaw,4,1,Clear,State Highway,Damaged,Daylight,Signals,31,57,Valid,Yes,Bridge
Delhi,2020,January,Wednesday,10:56,Minor,4,Car,11,1,Rainy,Village Road,Wet,Dusk,None,75,29,Valid,No,Intersection
Meghalaya,2019,October,Monday,19:31,Minor,3,Truck,14,0,Clear,State Highway,Under Construction,Dawn,Signs,103,58,Expired,No,Bridge
Goa,2023,September,Wednesday,15:22,Fatal,4,Car,12,3,Rainy,National Highway,Damaged,Dusk,None,113,34,Valid,Yes,Intersection
Punjab,2021,February,Saturday,00:23,Minor,4,Cycle,12,4,Clear,Urban Road,Under Construction,Dusk,Signs,71,47,Valid,No,Bridge
Arunachal Pradesh,2018,December,Tuesday,11:57,Fatal,2,Cycle,6,1,Rainy,Urban Road,Under Construction,Dusk,Signs,35,56,Valid,Yes,Straight Road
Uttarakhand,2023,August,Thursday,12:40,Serious,5,Pedestrian,11,5,Rainy,State Highway,Under Construction,Dark,Signs,79,43,None,No,Straight Road
Mizoram,2020,December,Tuesday,04:51,Fatal,3,Auto-Rickshaw,7,1,Clear,State Highway,Damaged,Daylight,Police Checkpost,54,57,Expired,Yes,Bridge
Himachal Pradesh,2023,December,Saturday,02:42,Fatal,2,Auto-Rickshaw,7,1,Clear,National Highway,Under Construction,Daylight,None,86,39,Expired,Yes,Intersection
West Bengal,2021,March,Saturday,04:35,Fatal,4,Cycle,8,2,Clear,Village Road,Dry,Daylight,None,32,68,Expired,Yes,Curve
Nagaland,2022,February,Monday,04:41,Fatal,1,Cycle,8,0,Clear,Urban Road,Damaged,Daylight,Signals,57,31,Valid,Yes,Intersection
Puducherry,2023,December,Monday,12:51,Minor,3,Cycle,10,0,Rainy,National Highway,Wet,Daylight,Police Checkpost,104,22,Expired,No,Curve
Andhra Pradesh,2018,May,Tuesday,00:25,Serious,2,Bus,8,0,Rainy,Urban Road,Wet,Dark,None,86,42,None,Yes,Straight Road
Assam,2018,April,Friday,15:50,Fatal,3,Pedestrian,14,0,Clear,Village Road,Under Construction,Dusk,None,119,28,Valid,Yes,Bridge
Madhya Pradesh,2022,January,Sunday,06:48,Minor,3,Cycle,11,1,Clear,Village Road,Damaged,Dusk,Signals,110,32,Valid,No,Straight Road
Himachal Pradesh,2021,May,Saturday,00:14,Serious,5,Auto-Rickshaw,12,3,Clear,National Highway,Damaged,Dawn,Signals,99,39,Valid,Yes,Bridge
Jharkhand,2020,August,Tuesday,19:14,Serious,3,Truck,9,2,Rainy,Urban Road,Damaged,Dark,Signs,79,34,None,Yes,Intersection
Odisha,2019,May,Sunday,10:35,Fatal,5,Cycle,9,1,Clear,State Highway,Dry,Dusk,Police Checkpost,45,26,Expired,Yes,Bridge
Odisha,2018,January,Thursday,08:38,Minor,4,Car,11,3,Rainy,State Highway,Damaged,Dawn,Signs,88,40,None,No,Bridge
Telangana,2021,July,Wednesday,21:54,Minor,3,Auto-Rickshaw,9,4,Foggy,Village Road,Damaged,Dawn,Police Checkpost,76,54,None,No,Intersection
Tripura,2021,April,Wednesday,01:39,Minor,3,Truck,10,5,Rainy,State Highway,Wet,Dark,Police Checkpost,81,37,Expired,No,Straight Road
Goa,2018,July,Tuesday,12:16,Serious,1,Bus,10,1,Clear,Urban Road,Damaged,Daylight,Police Checkpost,98,34,Expired,Yes,Intersection
Chhattisgarh,2023,November,Thursday,11:52,Fatal,2,Car,6,3,Rainy,Urban Road,Under Construction,Dawn,None,65,47,Expired,Yes,Straight Road
Punjab,2019,August,Wednesday,11:43,Fatal,2,Pedestrian,11,3,Rainy,Village Road,Wet,Dark,Police Checkpost,108,28,Valid,Yes,Curve
Uttar Pradesh,2022,October,Wednesday,04:58,Minor,3,Two-Wheeler,13,5,Rainy,Village Road,Under Construction,Dusk,None,112,46,Valid,No,Curve
Telangana,2022,April,Sunday,19:07,Serious,2,Cycle,13,3,Clear,Village Road,Damaged,Dusk,None,118,52,Valid,Yes,Straight Road
Nagaland,2023,February,Thursday,04:25,Serious,1,Bus,8,5,Clear,State Highway,Dry,Dark,Signals,81,34,Expired,Yes,Curve
Kerala,2019,January,Monday,17:02,Minor,4,Pedestrian,13,2,Clear,Urban Road,Wet,Dusk,Signals,91,42,None,No,Bridge
Jammu and Kashmir,2022,October,Tuesday,00:22,Minor,3,Bus,11,1,Rainy,Urban Road,Dry,Dusk,Signs,95,48,Valid,No,Intersection
Himachal Pradesh,2019,May,Tuesday,22:55,Minor,1,Car,5,1,Rainy,State Highway,Damaged,Daylight,Signals,37,38,Expired,No,Bridge
Delhi,2018,February,Tuesday,15:58,Minor,2,Bus,8,3,Rainy,Urban Road,Dry,Daylight,Signals,81,48,Valid,No,Intersection
Karnataka,2018,March,Friday,15:42,Minor,4,Bus,14,2,Clear,State Highway,Damaged,Daylight,Signs,89,47,Valid,No,Intersection
Karnataka,2019,August,Tuesday,05:26,Serious,2,Two-Wheeler,8,5,Clear,National Highway,Damaged,Dusk,Police Checkpost,76,32,Valid,Yes,Intersection
Madhya Pradesh,2022,June,Monday,01:03,Fatal,4,Car,6,3,Foggy,Urban Road,Dry,Dusk,Signals,32,27,Expired,Yes,Bridge
Manipur,2021,November,Thursday,19:25,Fatal,5,Bus,13,1,Foggy,Village Road,Wet,Dark,Signals,104,59,Valid,Yes,Intersection
Gujarat,2019,October,Friday,10:23,Fatal,3,Pedestrian,11,0,Rainy,State Highway,Dry,Daylight,Signals,107,46,Valid,Yes,Straight Road
Rajasthan,2018,October,Saturday,04:24,Minor,1,Bus,9,2,Rainy,Urban Road,Wet,Dusk,Signs,79,34,Expired,No,Intersection
Tamil Nadu,2021,April,Thursday,05:29,Fatal,2,Auto-Rickshaw,8,5,Clear,National Highway,Under Construction,Dusk,Police Checkpost,84,49,Valid,Yes,Intersection
Karnataka,2018,April,Saturday,06:45,Minor,3,Car,11,3,Clear,Urban Road,Dry,Dark,None,98,48,Valid,No,Straight Road
Arunachal Pradesh,2021,January,Friday,02:56,Minor,3,Truck,10,4,Clear,State Highway,Dry,Dark,Police Checkpost,51,50,Expired,No,Intersection
Uttarakhand,2023,February,Saturday,12:05,Serious,2,Pedestrian,9,4,Rainy,Village Road,Wet,Dusk,None,66,16,None,No,Curve
Punjab,2018,June,Saturday,03:58,Minor,1,Truck,6,1,Rainy,National Highway,Under Construction,Dusk,Signals,74,40,None,No,Bridge
Chhattisgarh,2019,October,Tuesday,16:00,Minor,5,Cycle,9,1,Clear,National Highway,Damaged,Daylight,Signals,33,20,Valid,No,Intersection
Sikkim,2023,August,Sunday,07:19,Fatal,4,Car,12,1,Rainy,State Highway,Wet,Dusk,Signs,59,49,Expired,Yes,Intersection
Chandigarh,2022,December,Saturday,17:58,Minor,4,Auto-Rickshaw,12,2,Clear,Urban Road,Dry,Daylight,Police Checkpost,64,48,Expired,No,Straight Road
Delhi,2023,February,Tuesday,10:44,Serious,5,Two-Wheeler,10,2,Rainy,Urban Road,Damaged,Dawn,Signals,62,16,Valid,Yes,Bridge
West Bengal,2021,October,Sunday,03:52,Serious,1,Two-Wheeler,5,4,Clear,National Highway,Wet,Daylight,Signals,51,40,Valid,Yes,Intersection
Chhattisgarh,2018,August,Thursday,07:49,Minor,4,Auto-Rickshaw,9,3,Clear,State Highway,Dry,Dark,Signals,40,45,None,No,Bridge
Uttarakhand,2018,August,Saturday,01:43,Minor,4,Pedestrian,7,4,Clear,Village Road,Dry,Dawn,Police Checkpost,44,32,Expired,No,Intersection
Maharashtra,2021,May,Saturday,19:55,Serious,5,Auto-Rickshaw,13,4,Clear,Urban Road,Dry,Dark,Signals,85,44,Expired,Yes,Intersection
Manipur,2022,February,Wednesday,03:53,Serious,3,Car,13,3,Foggy,National Highway,Under Construction,Daylight,Signs,114,52,None,No,Intersection
Goa,2020,March,Thursday,16:29,Fatal,2,Two-Wheeler,7,1,Foggy,State Highway,Dry,Dusk,Police Checkpost,81,36,Expired,Yes,Curve
Haryana,2022,July,Sunday,05:35,Fatal,3,Two-Wheeler,7,2,Clear,State Highway,Under Construction,Dusk,None,33,51,Expired,Yes,Curve
Uttar Pradesh,2022,November,Friday,00:13,Minor,1,Car,7,2,Stormy,State Highway,Damaged,Dusk,None,72,34,Valid,No,Intersection
Jammu and Kashmir,2020,March,Thursday,05:53,Minor,3,Truck,13,2,Rainy,State Highway,Damaged,Dark,Police Checkpost,112,29,Valid,No,Bridge
Assam,2020,March,Thursday,07:38,Fatal,4,Two-Wheeler,7,3,Clear,Village Road,Under Construction,Dusk,None,38,39,Valid,Yes,Intersection
Nagaland,2018,January,Thursday,13:18,Minor,3,Auto-Rickshaw,8,3,Clear,Village Road,Damaged,Dusk,Signs,44,35,None,No,Intersection
Gujarat,2022,November,Wednesday,07:41,Minor,2,Bus,13,4,Rainy,National Highway,Damaged,Dawn,Police Checkpost,117,17,Valid,No,Bridge
Uttar Pradesh,2023,July,Thursday,21:57,Fatal,3,Two-Wheeler,6,5,Rainy,Urban Road,Wet,Daylight,Signs,44,65,None,Yes,Straight Road
Kerala,2021,January,Thursday,00:49,Fatal,1,Truck,10,4,Clear,State Highway,Under Construction,Daylight,None,106,43,None,Yes,Bridge
Jammu and Kashmir,2020,May,Sunday,07:19,Minor,3,Cycle,11,1,Snowy,Urban Road,Wet,Dark,Police Checkpost,94,36,None,No,Bridge
Maharashtra,2023,August,Tuesday,04:09,Fatal,1,Truck,4,2,Clear,National Highway,Wet,Dark,Police Checkpost,46,66,Valid,Yes,Bridge
Uttar Pradesh,2018,July,Tuesday,22:52,Fatal,3,Pedestrian,7,0,Clear,National Highway,Dry,Dark,Signals,53,23,Valid,Yes,Straight Road
Punjab,2019,September,Sunday,17:29,Serious,1,Cycle,4,4,Clear,State Highway,Damaged,Dawn,None,36,43,Expired,Yes,Intersection
Rajasthan,2020,May,Friday,04:44,Minor,5,Truck,15,1,Foggy,Urban Road,Damaged,Dark,None,113,39,None,No,Straight Road
Gujarat,2021,October,Sunday,22:53,Fatal,5,Auto-Rickshaw,12,1,Clear,Urban Road,Under Construction,Dusk,Police Checkpost,66,43,Valid,Yes,Curve
Mizoram,2020,November,Saturday,17:57,Minor,3,Bus,13,2,Rainy,State Highway,Under Construction,Dark,Signals,89,51,Expired,No,Bridge
Kerala,2019,December,Tuesday,08:22,Minor,2,Cycle,7,1,Clear,State Highway,Under Construction,Dark,Signs,63,50,None,No,Straight Road
Uttar Pradesh,2018,March,Saturday,08:51,Serious,1,Cycle,9,5,Clear,Urban Road,Under Construction,Daylight,Signs,81,30,Expired,No,Straight Road
Odisha,2019,February,Wednesday,21:37,Fatal,1,Auto-Rickshaw,4,3,Clear,National Highway,Damaged,Daylight,None,37,44,Valid,Yes,Bridge
Uttarakhand,2020,December,Friday,21:29,Minor,3,Bus,7,0,Clear,Village Road,Damaged,Dark,Signs,39,12,None,No,Curve
Maharashtra,2021,January,Sunday,10:25,Fatal,2,Car,8,4,Foggy,Urban Road,Dry,Dusk,Signals,72,41,Valid,Yes,Intersection
Madhya Pradesh,2021,August,Sunday,06:36,Serious,4,Two-Wheeler,9,2,Rainy,Urban Road,Under Construction,Dawn,None,54,54,None,Yes,Intersection
Nagaland,2023,December,Saturday,13:40,Serious,4,Car,12,5,Clear,Village Road,Damaged,Dusk,Signs,95,25,Expired,No,Curve
Goa,2020,January,Monday,19:51,Minor,2,Auto-Rickshaw,10,1,Clear,Village Road,Under Construction,Daylight,Police Checkpost,114,19,Expired,No,Curve
Jammu and Kashmir,2020,May,Friday,12:27,Serious,5,Bus,15,0,Rainy,Village Road,Dry,Dark,Police Checkpost,112,54,None,No,Straight Road
Kerala,2020,February,Wednesday,13:13,Minor,2,Bus,7,0,Rainy,State Highway,Under Construction,Dusk,Signals,57,51,None,No,Bridge
Karnataka,2018,January,Wednesday,06:03,Fatal,5,Cycle,14,0,Foggy,Village Road,Wet,Dawn,Signs,100,28,None,Yes,Curve
Delhi,2020,July,Saturday,09:22,Minor,3,Truck,11,2,Rainy,State Highway,Under Construction,Dawn,Signals,87,47,Valid,No,Intersection
Punjab,2022,November,Monday,19:32,Fatal,3,Truck,7,0,Stormy,Village Road,Under Construction,Dawn,Signs,32,50,Valid,Yes,Bridge
Tripura,2023,May,Saturday,05:08,Fatal,5,Cycle,11,2,Rainy,Urban Road,Dry,Dark,Signs,81,43,None,Yes,Curve
Rajasthan,2019,October,Saturday,15:16,Minor,2,Bus,4,3,Clear,Village Road,Dry,Dark,Signals,39,35,None,No,Intersection
Uttar Pradesh,2021,July,Thursday,20:34,Fatal,2,Pedestrian,8,1,Rainy,National Highway,Wet,Dark,Signals,54,48,None,Yes,Curve
Puducherry,2020,August,Thursday,14:50,Minor,1,Two-Wheeler,4,5,Clear,Urban Road,Under Construction,Dusk,Signals,41,-2,Expired,No,Intersection
Rajasthan,2021,August,Sunday,02:04,Minor,1,Pedestrian,9,1,Clear,National Highway,Wet,Dawn,Signs,106,42,None,No,Intersection
Chandigarh,2019,March,Friday,13:38,Minor,4,Two-Wheeler,8,4,Clear,Village Road,Wet,Dark,Signals,39,46,Expired,No,Straight Road
Assam,2022,March,Saturday,23:32,Fatal,5,Cycle,7,4,Clear,Village Road,Damaged,Dawn,Signs,36,59,None,Yes,Curve
Meghalaya,2022,August,Sunday,04:46,Fatal,5,Cycle,15,5,Foggy,Urban Road,Dry,Dark,None,103,13,Expired,Yes,Straight Road
Uttar Pradesh,2023,March,Tuesday,07:34,Minor,1,Car,8,2,Rainy,State Highway,Dry,Dusk,Signs,80,24,None,No,Curve
Uttar Pradesh,2020,May,Thursday,03:23,Minor,5,Two-Wheeler,9,0,Foggy,Village Road,Wet,Daylight,Signs,44,24,Expired,No,Bridge
Kerala,2020,June,Thursday,12:50,Fatal,4,Pedestrian,9,1,Clear,Urban Road,Wet,Dusk,Signals,63,34,None,Yes,Curve
Telangana,2021,February,Monday,05:00,Minor,3,Car,8,0,Clear,Village Road,Wet,Dark,Police Checkpost,53,52,None,No,Curve
Madhya Pradesh,2020,August,Wednesday,19:46,Fatal,4,Auto-Rickshaw,11,4,Clear,Village Road,Wet,Dark,Signs,60,32,Expired,Yes,Curve
Himachal Pradesh,2019,July,Friday,21:19,Minor,1,Truck,10,0,Foggy,National Highway,Dry,Dark,Signs,108,35,None,No,Bridge
Assam,2019,June,Friday,01:48,Minor,4,Truck,7,4,Foggy,National Highway,Damaged,Dusk,Signals,36,28,Expired,No,Curve
Meghalaya,2023,December,Friday,02:51,Minor,5,Cycle,8,4,Clear,Urban Road,Damaged,Daylight,Police Checkpost,38,45,Valid,No,Straight Road
Karnataka,2023,July,Sunday,01:05,Serious,2,Two-Wheeler,6,4,Clear,Urban Road,Dry,Dawn,Police Checkpost,48,57,None,Yes,Curve
Gujarat,2021,October,Wednesday,08:06,Minor,2,Truck,11,3,Rainy,Village Road,Damaged,Dark,Police Checkpost,102,55,Valid,No,Bridge
Delhi,2020,November,Wednesday,20:42,Fatal,1,Pedestrian,12,5,Rainy,Urban Road,Wet,Dark,Signs,108,73,None,Yes,Straight Road
Mizoram,2021,February,Monday,19:41,Minor,5,Auto-Rickshaw,10,3,Clear,National Highway,Wet,Daylight,Signs,33,40,None,No,Curve
Tamil Nadu,2020,September,Sunday,05:29,Minor,4,Two-Wheeler,10,3,Rainy,Village Road,Damaged,Dusk,Police Checkpost,75,37,Valid,No,Straight Road
Jammu and Kashmir,2020,February,Monday,12:47,Minor,2,Truck,7,1,Clear,Village Road,Under Construction,Dusk,None,41,57,Expired,No,Intersection
Jammu and Kashmir,2023,June,Sunday,23:53,Fatal,3,Auto-Rickshaw,11,1,Foggy,National Highway,Under Construction,Dark,None,70,60,None,Yes,Bridge
Delhi,2018,June,Saturday,10:49,Minor,5,Bus,15,1,Stormy,National Highway,Damaged,Dark,Signs,109,42,Expired,No,Bridge
Jammu and Kashmir,2020,November,Thursday,03:10,Serious,5,Auto-Rickshaw,15,2,Rainy,Urban Road,Under Construction,Dark,Signs,82,35,None,Yes,Straight Road
Delhi,2021,October,Thursday,22:47,Serious,4,Car,7,2,Foggy,Village Road,Wet,Dawn,Signs,37,49,Valid,No,Straight Road
Nagaland,2019,January,Wednesday,10:50,Fatal,3,Truck,6,5,Clear,State Highway,Under Construction,Dark,None,51,53,Expired,Yes,Straight Road
Telangana,2023,January,Friday,19:19,Minor,3,Two-Wheeler,7,3,Clear,Urban Road,Dry,Dawn,Signals,49,36,None,No,Intersection
Tamil Nadu,2020,February,Wednesday,22:09,Fatal,5,Bus,11,0,Rainy,Urban Road,Dry,Daylight,None,53,65,None,Yes,Straight Road
Chandigarh,2018,July,Wednesday,03:33,Fatal,5,Bus,11,3,Rainy,Urban Road,Under Construction,Daylight,Signals,73,57,Expired,Yes,Bridge
Goa,2021,October,Friday,06:45,Fatal,4,Bus,12,5,Clear,State Highway,Under Construction,Dusk,Police Checkpost,92,54,None,Yes,Straight Road
Odisha,2022,March,Friday,17:14,Fatal,3,Car,7,1,Clear,Urban Road,Damaged,Dawn,Police Checkpost,51,41,None,Yes,Bridge
Nagaland,2019,February,Wednesday,22:46,Fatal,2,Two-Wheeler,11,3,Rainy,Urban Road,Dry,Dawn,Police Checkpost,106,48,Valid,Yes,Straight Road
Andhra Pradesh,2018,October,Thursday,11:28,Fatal,4,Cycle,9,3,Clear,Urban Road,Under Construction,Dark,Signals,34,32,Valid,Yes,Intersection
Gujarat,2020,August,Saturday,00:25,Fatal,2,Bus,9,2,Clear,National Highway,Damaged,Dark,Signals,76,52,Expired,Yes,Bridge
Maharashtra,2021,December,Wednesday,07:21,Serious,3,Truck,12,2,Rainy,National Highway,Wet,Dusk,Signs,96,33,Expired,Yes,Curve
Himachal Pradesh,2020,March,Wednesday,00:43,Serious,3,Cycle,12,3,Foggy,National Highway,Damaged,Dark,None,109,31,Valid,Yes,Intersection
Haryana,2020,March,Sunday,08:10,Serious,4,Bus,14,2,Stormy,State Highway,Dry,Daylight,None,106,40,Valid,Yes,Curve
Bihar,2023,October,Tuesday,09:18,Fatal,1,Two-Wheeler,5,4,Clear,Urban Road,Damaged,Daylight,Signals,50,54,None,Yes,Straight Road
Jammu and Kashmir,2022,December,Monday,23:07,Minor,5,Bus,13,1,Clear,National Highway,Wet,Daylight,None,82,37,Valid,No,Curve
Punjab,2021,August,Sunday,04:00,Serious,3,Auto-Rickshaw,13,5,Clear,State Highway,Under Construction,Daylight,None,112,54,Expired,Yes,Intersection
Kerala,2019,October,Tuesday,16:04,Fatal,3,Pedestrian,8,3,Clear,Urban Road,Wet,Dawn,Signals,41,43,None,Yes,Intersection
Mizoram,2021,July,Monday,01:10,Fatal,1,Two-Wheeler,10,1,Rainy,Urban Road,Wet,Dawn,Signals,110,32,Expired,Yes,Intersection
Goa,2019,May,Saturday,17:55,Fatal,1,Two-Wheeler,6,2,Clear,Village Road,Dry,Dusk,Signals,54,39,None,Yes,Bridge
Bihar,2023,February,Wednesday,02:50,Serious,1,Auto-Rickshaw,10,5,Clear,State Highway,Dry,Dark,None,118,15,None,Yes,Straight Road
Andhra Pradesh,2018,July,Saturday,19:04,Minor,1,Pedestrian,4,1,Rainy,State Highway,Damaged,Dark,Signs,49,33,Valid,No,Straight Road
Karnataka,2020,August,Saturday,07:13,Serious,4,Two-Wheeler,11,1,Clear,State Highway,Damaged,Dark,Signals,96,60,Expired,Yes,Curve
West Bengal,2021,March,Friday,10:31,Serious,2,Bus,9,1,Stormy,State Highway,Wet,Dark,None,81,58,None,No,Intersection
Chhattisgarh,2018,October,Tuesday,15:06,Minor,3,Two-Wheeler,10,1,Clear,Village Road,Under Construction,Dawn,Police Checkpost,75,33,Expired,No,Curve
Karnataka,2019,January,Wednesday,05:29,Fatal,3,Cycle,9,5,Foggy,National Highway,Damaged,Dusk,Police Checkpost,82,28,Valid,Yes,Bridge
Nagaland,2018,August,Wednesday,17:27,Serious,3,Pedestrian,9,3,Stormy,Village Road,Damaged,Dusk,Signs,63,30,None,No,Bridge
Jammu and Kashmir,2022,November,Tuesday,13:26,Fatal,5,Auto-Rickshaw,11,5,Clear,State Highway,Dry,Dusk,Police Checkpost,68,43,None,Yes,Curve
Madhya Pradesh,2020,February,Tuesday,19:39,Fatal,3,Truck,6,4,Rainy,Village Road,Wet,Dark,Police Checkpost,41,48,None,Yes,Intersection
Meghalaya,2018,July,Thursday,05:44,Serious,1,Auto-Rickshaw,11,1,Clear,Urban Road,Wet,Daylight,Signs,114,30,Valid,Yes,Curve
Puducherry,2023,January,Thursday,08:53,Minor,5,Two-Wheeler,12,4,Rainy,Village Road,Damaged,Daylight,Police Checkpost,76,51,None,No,Bridge
Tamil Nadu,2021,March,Sunday,22:37,Minor,1,Truck,7,2,Rainy,National Highway,Wet,Daylight,Police Checkpost,90,25,Valid,No,Curve
Meghalaya,2022,December,Thursday,09:50,Minor,3,Pedestrian,10,1,Foggy,National Highway,Under Construction,Dusk,None,88,19,None,No,Bridge
Goa,2022,October,Thursday,13:37,Minor,5,Car,16,5,Rainy,Urban Road,Under Construction,Daylight,Police Checkpost,113,19,None,No,Intersection
Delhi,2021,November,Saturday,19:51,Fatal,1,Car,5,3,Clear,National Highway,Wet,Daylight,Police Checkpost,30,42,Valid,Yes,Straight Road
Andhra Pradesh,2020,October,Friday,06:09,Serious,3,Car,7,3,Clear,National Highway,Under Construction,Dark,Police Checkpost,30,66,None,No,Straight Road
Arunachal Pradesh,2018,December,Wednesday,12:36,Serious,2,Cycle,8,3,Rainy,State Highway,Under Construction,Dawn,Signs,49,48,Expired,No,Intersection
Delhi,2020,January,Friday,03:25,Minor,5,Cycle,12,2,Clear,Village Road,Wet,Dark,None,89,43,Expired,No,Curve
Chandigarh,2023,March,Friday,09:16,Serious,4,Car,12,5,Foggy,Village Road,Dry,Dusk,Police Checkpost,86,52,None,Yes,Straight Road
Haryana,2020,March,Wednesday,18:50,Minor,4,Pedestrian,13,3,Rainy,Village Road,Under Construction,Dusk,Signals,106,41,Expired,No,Intersection
Andhra Pradesh,2019,June,Saturday,19:12,Fatal,5,Auto-Rickshaw,14,3,Rainy,Urban Road,Damaged,Daylight,None,103,24,Expired,Yes,Bridge
Assam,2020,September,Tuesday,11:24,Fatal,3,Pedestrian,13,2,Foggy,Urban Road,Under Construction,Dusk,Signals,103,38,Valid,Yes,Bridge
Jammu and Kashmir,2019,January,Tuesday,01:32,Fatal,4,Pedestrian,15,0,Foggy,National Highway,Under Construction,Dusk,Signs,112,30,Valid,Yes,Intersection
Chhattisgarh,2020,January,Friday,07:33,Fatal,3,Auto-Rickshaw,11,5,Rainy,Urban Road,Wet,Dawn,None,99,52,Valid,Yes,Curve
Mizoram,2020,November,Tuesday,01:52,Serious,3,Two-Wheeler,13,2,Rainy,State Highway,Under Construction,Dark,Signs,116,37,None,Yes,Bridge
Maharashtra,2018,June,Monday,01:09,Minor,4,Cycle,11,3,Clear,State Highway,Under Construction,Dawn,Signals,72,39,Valid,No,Straight Road
Andhra Pradesh,2020,October,Monday,20:09,Serious,3,Truck,13,5,Clear,Village Road,Wet,Daylight,None,118,45,None,Yes,Straight Road
Chandigarh,2022,March,Sunday,10:04,Fatal,4,Bus,14,1,Clear,Village Road,Wet,Daylight,Signs,98,45,None,Yes,Curve
Tripura,2022,July,Monday,13:06,Serious,4,Auto-Rickshaw,15,1,Foggy,National Highway,Wet,Dusk,Police Checkpost,119,49,Expired,No,Bridge
Telangana,2020,January,Thursday,19:08,Fatal,4,Truck,9,3,Stormy,Urban Road,Wet,Dawn,Signs,58,59,Expired,Yes,Straight Road
Odisha,2022,November,Thursday,05:31,Fatal,2,Car,8,4,Foggy,State Highway,Dry,Dawn,Signs,63,22,Valid,Yes,Curve
Andhra Pradesh,2018,August,Thursday,06:01,Serious,3,Cycle,10,4,Clear,National Highway,Wet,Daylight,Police Checkpost,75,67,Expired,Yes,Curve
Kerala,2020,September,Friday,13:56,Fatal,1,Car,6,4,Rainy,Village Road,Under Construction,Dawn,Signals,46,42,Expired,Yes,Curve
Chhattisgarh,2018,July,Saturday,13:38,Minor,2,Two-Wheeler,10,5,Clear,State Highway,Under Construction,Daylight,Signals,65,52,None,No,Curve
Manipur,2018,May,Saturday,13:38,Minor,3,Auto-Rickshaw,12,1,Rainy,State Highway,Damaged,Dark,Police Checkpost,109,42,Valid,No,Intersection
Uttarakhand,2021,April,Tuesday,19:33,Fatal,3,Cycle,10,5,Rainy,Village Road,Dry,Dusk,None,91,48,Valid,Yes,Curve
Meghalaya,2020,August,Wednesday,04:14,Minor,5,Truck,13,3,Rainy,Village Road,Dry,Dawn,Police Checkpost,97,33,Expired,No,Straight Road
Manipur,2018,October,Wednesday,22:50,Fatal,4,Auto-Rickshaw,15,3,Clear,State Highway,Dry,Dusk,None,119,27,Expired,Yes,Bridge
Uttar Pradesh,2018,December,Sunday,21:40,Fatal,1,Auto-Rickshaw,8,0,Stormy,Urban Road,Dry,Dark,Signs,89,35,Expired,Yes,Bridge
Odisha,2018,October,Sunday,22:40,Fatal,4,Car,11,1,Clear,Village Road,Damaged,Dawn,Police Checkpost,73,15,Valid,Yes,Bridge
Manipur,2023,February,Wednesday,03:47,Minor,4,Pedestrian,14,3,Clear,Village Road,Damaged,Daylight,Signals,117,41,None,No,Curve
Chandigarh,2019,August,Tuesday,04:02,Minor,1,Auto-Rickshaw,6,5,Rainy,Village Road,Wet,Dark,None,72,40,None,No,Bridge
Rajasthan,2020,October,Monday,12:36,Serious,3,Two-Wheeler,8,0,Clear,National Highway,Under Construction,Dusk,Signs,58,26,Valid,Yes,Intersection
Uttarakhand,2021,March,Tuesday,23:10,Minor,4,Two-Wheeler,14,3,Rainy,State Highway,Wet,Daylight,Signs,105,46,Valid,No,Intersection
Punjab,2018,September,Monday,10:31,Serious,5,Cycle,15,5,Clear,Urban Road,Wet,Dusk,None,108,30,Expired,Yes,Bridge
Tripura,2019,August,Saturday,21:50,Serious,5,Truck,12,4,Stormy,State Highway,Damaged,Dusk,None,67,31,Valid,No,Curve
Arunachal Pradesh,2020,May,Friday,07:42,Minor,1,Truck,5,3,Rainy,Urban Road,Wet,Dawn,Police Checkpost,52,63,Expired,No,Intersection
Delhi,2020,May,Tuesday,17:36,Fatal,4,Bus,5,0,Stormy,State Highway,Wet,Daylight,Signals,36,56,Valid,Yes,Intersection
Telangana,2021,September,Thursday,21:57,Minor,2,Auto-Rickshaw,11,5,Clear,National Highway,Dry,Dusk,Signals,120,61,None,No,Straight Road
Chandigarh,2020,March,Wednesday,06:11,Minor,1,Two-Wheeler,5,4,Foggy,National Highway,Damaged,Dusk,Signs,66,30,Expired,No,Straight Road
Maharashtra,2018,July,Sunday,01:49,Fatal,4,Car,9,3,Clear,Urban Road,Damaged,Daylight,Signs,63,30,Expired,Yes,Bridge
Jharkhand,2020,March,Thursday,06:53,Minor,5,Pedestrian,15,3,Clear,State Highway,Dry,Dawn,Police Checkpost,118,29,Expired,No,Intersection
Sikkim,2021,January,Monday,01:11,Serious,3,Car,7,4,Rainy,National Highway,Damaged,Dusk,Signals,38,23,Valid,No,Intersection
Chhattisgarh,2023,November,Tuesday,01:27,Minor,5,Bus,15,4,Foggy,Village Road,Under Construction,Dark,Signals,113,44,Valid,No,Bridge
Nagaland,2021,October,Thursday,06:36,Minor,3,Two-Wheeler,7,4,Clear,National Highway,Under Construction,Dusk,None,40,40,Valid,No,Straight Road
Kerala,2020,September,Monday,12:59,Serious,5,Truck,10,3,Clear,National Highway,Damaged,Dawn,None,64,44,None,Yes,Curve
Delhi,2020,November,Sunday,05:49,Minor,4,Two-Wheeler,12,3,Rainy,State Highway,Under Construction,Daylight,None,92,51,None,No,Straight Road
Haryana,2018,May,Wednesday,01:14,Fatal,2,Car,6,0,Rainy,Urban Road,Damaged,Dark,Police Checkpost,58,49,Expired,Yes,Straight Road
Arunachal Pradesh,2022,June,Sunday,12:00,Minor,2,Auto-Rickshaw,11,0,Foggy,Village Road,Wet,Dawn,Police Checkpost,107,49,Valid,No,Curve
Maharashtra,2020,May,Wednesday,01:51,Serious,3,Car,11,2,Clear,State Highway,Wet,Daylight,Police Checkpost,68,39,Valid,Yes,Curve
West Bengal,2021,July,Thursday,18:12,Serious,3,Bus,8,2,Stormy,National Highway,Dry,Dawn,Signs,53,38,Expired,Yes,Straight Road
Karnataka,2020,March,Friday,16:30,Serious,5,Pedestrian,7,3,Rainy,Urban Road,Wet,Daylight,Signals,46,40,Expired,Yes,Curve
Odisha,2021,January,Sunday,16:28,Minor,1,Cycle,7,4,Clear,State Highway,Dry,Daylight,Police Checkpost,66,40,Expired,No,Intersection
Goa,2018,November,Monday,22:45,Minor,3,Pedestrian,6,0,Clear,Village Road,Under Construction,Dark,Signs,47,50,None,No,Bridge
Jharkhand,2022,May,Sunday,04:34,Minor,3,Truck,12,4,Rainy,Urban Road,Damaged,Dawn,Signs,89,32,Valid,No,Curve
Assam,2022,July,Sunday,01:49,Serious,3,Bus,13,5,Rainy,State Highway,Under Construction,Daylight,Signals,113,36,Valid,Yes,Intersection
West Bengal,2023,August,Tuesday,01:08,Fatal,3,Bus,9,0,Stormy,Urban Road,Damaged,Dawn,Police Checkpost,82,46,Valid,Yes,Curve
Chandigarh,2021,July,Sunday,03:29,Serious,1,Car,6,1,Stormy,Urban Road,Damaged,Daylight,None,63,33,Valid,Yes,Intersection
Arunachal Pradesh,2020,July,Tuesday,12:46,Minor,1,Two-Wheeler,5,1,Foggy,National Highway,Wet,Daylight,Police Checkpost,72,51,None,No,Bridge
Kerala,2023,June,Saturday,23:12,Minor,3,Bus,10,2,Rainy,State Highway,Wet,Daylight,None,65,39,Expired,No,Straight Road
Mizoram,2018,May,Saturday,11:35,Fatal,3,Car,12,4,Rainy,National Highway,Damaged,Daylight,Police Checkpost,103,36,None,Yes,Bridge
Jammu and Kashmir,2019,May,Sunday,17:10,Minor,2,Two-Wheeler,10,4,Foggy,Village Road,Under Construction,Dawn,Police Checkpost,108,57,Valid,No,Bridge
Chhattisgarh,2021,July,Sunday,11:50,Minor,5,Two-Wheeler,14,2,Foggy,Village Road,Under Construction,Daylight,Signals,86,35,Valid,No,Intersection
Kerala,2019,March,Wednesday,10:44,Serious,4,Truck,9,2,Rainy,National Highway,Dry,Dawn,None,52,56,Expired,Yes,Bridge
Jammu and Kashmir,2021,June,Friday,03:25,Serious,3,Car,14,3,Clear,State Highway,Under Construction,Dusk,Signs,107,32,Expired,No,Intersection
Kerala,2023,November,Wednesday,21:38,Fatal,5,Truck,14,3,Rainy,Urban Road,Under Construction,Dawn,Police Checkpost,93,43,Valid,Yes,Straight Road
Haryana,2020,August,Thursday,21:45,Minor,3,Bus,11,4,Stormy,State Highway,Dry,Dark,Police Checkpost,77,43,Valid,No,Intersection
Puducherry,2022,January,Saturday,16:13,Minor,1,Cycle,7,3,Clear,State Highway,Damaged,Daylight,Signs,75,4,Valid,No,Curve
Odisha,2021,March,Monday,09:13,Fatal,2,Cycle,8,0,Foggy,Village Road,Damaged,Daylight,Police Checkpost,82,41,Expired,Yes,Bridge
West Bengal,2023,October,Monday,02:23,Fatal,3,Cycle,12,5,Rainy,Urban Road,Wet,Dusk,Signals,88,38,Expired,Yes,Bridge
Mizoram,2021,June,Saturday,23:16,Serious,5,Auto-Rickshaw,12,0,Clear,Urban Road,Dry,Daylight,Signals,96,38,Expired,Yes,Straight Road
Nagaland,2019,August,Thursday,03:06,Fatal,4,Pedestrian,15,2,Clear,Urban Road,Dry,Dark,None,120,60,None,Yes,Curve
Karnataka,2020,February,Friday,23:22,Minor,5,Car,11,3,Clear,Village Road,Wet,Dawn,Signals,45,37,Expired,No,Straight Road
Delhi,2020,May,Friday,18:03,Fatal,5,Bus,13,1,Stormy,Village Road,Under Construction,Dusk,None,83,51,Expired,Yes,Straight Road
Jammu and Kashmir,2023,August,Tuesday,01:36,Minor,5,Truck,8,0,Clear,Village Road,Damaged,Dark,Signs,35,24,Expired,No,Curve
Karnataka,2021,February,Sunday,00:52,Fatal,4,Bus,9,1,Stormy,Village Road,Under Construction,Daylight,Police Checkpost,44,30,Expired,Yes,Intersection
Gujarat,2019,September,Saturday,05:18,Minor,4,Cycle,12,3,Clear,Village Road,Under Construction,Dawn,Police Checkpost,90,34,Expired,No,Intersection
West Bengal,2018,September,Friday,18:23,Serious,4,Auto-Rickshaw,10,0,Rainy,State Highway,Dry,Dark,Signals,60,52,None,Yes,Curve
Bihar,2019,May,Thursday,22:35,Minor,1,Cycle,7,3,Clear,National Highway,Dry,Dark,Signs,67,32,None,No,Straight Road
Haryana,2018,June,Monday,05:18,Fatal,1,Bus,7,1,Clear,State Highway,Wet,Dark,Signals,96,38,Valid,Yes,Straight Road
Himachal Pradesh,2018,December,Wednesday,04:22,Fatal,1,Car,4,5,Stormy,Urban Road,Under Construction,Dawn,Signs,47,53,Expired,Yes,Straight Road
Telangana,2018,August,Friday,01:09,Fatal,4,Pedestrian,12,4,Clear,National Highway,Damaged,Dawn,Police Checkpost,94,40,Valid,Yes,Bridge
Telangana,2023,June,Sunday,12:46,Fatal,3,Auto-Rickshaw,6,5,Rainy,Urban Road,Wet,Dawn,Signs,54,38,Expired,Yes,Intersection
Andhra Pradesh,2023,December,Friday,14:33,Minor,2,Truck,7,2,Clear,Village Road,Dry,Dusk,None,54,39,Expired,No,Curve
Chhattisgarh,2023,January,Monday,18:17,Fatal,1,Car,11,0,Clear,State Highway,Damaged,Dawn,Police Checkpost,111,41,None,Yes,Bridge
Andhra Pradesh,2023,November,Wednesday,23:05,Serious,5,Car,12,1,Clear,State Highway,Wet,Daylight,Police Checkpost,60,36,None,Yes,Straight Road
Uttar Pradesh,2019,July,Sunday,08:10,Fatal,3,Truck,12,0,Foggy,Urban Road,Under Construction,Daylight,Signals,113,54,None,Yes,Straight Road
Nagaland,2019,December,Monday,17:25,Serious,5,Cycle,12,5,Clear,National Highway,Under Construction,Dusk,Signals,68,48,Valid,Yes,Straight Road
Puducherry,2020,July,Thursday,00:32,Minor,2,Truck,11,2,Foggy,Village Road,Damaged,Dawn,None,98,55,None,No,Intersection
Tamil Nadu,2018,August,Thursday,12:45,Minor,5,Pedestrian,9,2,Rainy,National Highway,Wet,Dawn,Signs,60,28,Expired,No,Curve
Maharashtra,2023,May,Wednesday,21:07,Fatal,1,Bus,7,5,Rainy,National Highway,Damaged,Daylight,Signals,79,27,Valid,Yes,Curve
Bihar,2020,October,Wednesday,05:12,Minor,1,Cycle,5,5,Clear,Urban Road,Dry,Dark,None,50,28,Valid,No,Intersection
Maharashtra,2023,February,Wednesday,07:08,Minor,5,Bus,16,4,Clear,Village Road,Wet,Dawn,Signals,119,19,Valid,No,Intersection
Rajasthan,2018,January,Sunday,16:10,Serious,1,Pedestrian,5,4,Rainy,State Highway,Damaged,Dawn,None,35,36,Valid,Yes,Straight Road
West Bengal,2023,November,Tuesday,06:31,Minor,4,Truck,12,3,Clear,Urban Road,Damaged,Dawn,None,82,25,Expired,No,Intersection
Assam,2018,July,Monday,16:18,Serious,3,Pedestrian,13,3,Clear,Village Road,Under Construction,Dawn,Police Checkpost,118,43,None,Yes,Intersection
Jharkhand,2022,October,Friday,08:07,Minor,5,Auto-Rickshaw,12,2,Stormy,National Highway,Dry,Dusk,None,49,59,Valid,No,Curve
Chhattisgarh,2021,January,Thursday,07:10,Fatal,5,Bus,11,2,Clear,State Highway,Wet,Dawn,Police Checkpost,66,50,None,Yes,Curve
Manipur,2022,December,Wednesday,02:14,Serious,1,Car,6,1,Clear,National Highway,Under Construction,Dawn,Signs,78,44,Expired,Yes,Curve
Nagaland,2021,November,Thursday,06:37,Minor,3,Pedestrian,8,4,Foggy,Urban Road,Damaged,Dusk,Signs,55,64,Expired,No,Curve
Delhi,2023,September,Sunday,16:38,Minor,1,Bus,10,3,Clear,Village Road,Dry,Dark,None,85,34,None,No,Intersection
Maharashtra,2021,February,Monday,09:21,Minor,2,Bus,6,5,Stormy,National Highway,Wet,Dusk,Signs,52,49,None,No,Bridge
Kerala,2021,July,Friday,23:32,Minor,3,Two-Wheeler,12,5,Rainy,Village Road,Wet,Daylight,None,116,36,Valid,No,Intersection
Maharashtra,2019,March,Monday,11:29,Serious,1,Car,8,4,Rainy,Urban Road,Damaged,Dark,Police Checkpost,108,38,Expired,No,Curve
Kerala,2019,May,Sunday,07:21,Minor,3,Pedestrian,11,0,Foggy,Urban Road,Wet,Dark,None,102,14,Expired,No,Curve
Uttarakhand,2023,January,Friday,00:28,Fatal,2,Auto-Rickshaw,7,2,Foggy,Urban Road,Under Construction,Daylight,Signs,71,52,Expired,Yes,Intersection
Manipur,2023,January,Thursday,20:21,Fatal,5,Bus,15,0,Clear,National Highway,Damaged,Daylight,Police Checkpost,103,51,Expired,Yes,Bridge
Gujarat,2019,July,Monday,03:09,Minor,3,Pedestrian,14,1,Stormy,State Highway,Wet,Dawn,Signs,117,38,None,No,Bridge
West Bengal,2022,December,Tuesday,21:11,Minor,5,Cycle,12,3,Rainy,State Highway,Damaged,Daylight,Signs,78,21,Valid,No,Bridge
Delhi,2022,March,Sunday,13:56,Minor,3,Two-Wheeler,10,0,Clear,Urban Road,Wet,Dusk,Signals,78,56,Expired,No,Bridge
Tripura,2023,October,Friday,00:17,Minor,3,Pedestrian,8,5,Foggy,State Highway,Under Construction,Dawn,Signs,58,60,Valid,No,Intersection
Tamil Nadu,2020,May,Wednesday,20:59,Serious,4,Auto-Rickshaw,10,4,Rainy,Village Road,Damaged,Dusk,Signs,75,37,None,No,Curve
Himachal Pradesh,2019,May,Thursday,08:29,Minor,4,Pedestrian,8,0,Rainy,National Highway,Wet,Dawn,None,49,45,Expired,No,Intersection
Punjab,2019,December,Monday,16:30,Fatal,4,Auto-Rickshaw,12,2,Clear,State Highway,Wet,Daylight,Signals,100,26,Expired,Yes,Intersection
Nagaland,2019,November,Saturday,03:13,Fatal,5,Pedestrian,10,2,Clear,National Highway,Under Construction,Dawn,None,46,44,Valid,Yes,Bridge
Assam,2022,September,Saturday,10:26,Serious,5,Car,15,0,Rainy,State Highway,Wet,Dusk,Signals,120,27,Expired,Yes,Straight Road
Kerala,2021,May,Monday,09:54,Fatal,2,Pedestrian,10,5,Rainy,State Highway,Under Construction,Daylight,Police Checkpost,114,26,Expired,Yes,Straight Road
Bihar,2022,June,Tuesday,13:21,Minor,3,Cycle,13,4,Clear,National Highway,Dry,Dark,None,110,43,None,No,Intersection
Tripura,2022,January,Tuesday,07:41,Minor,1,Pedestrian,3,5,Rainy,Village Road,Dry,Dark,Signals,43,40,Expired,No,Straight Road
Puducherry,2021,August,Friday,03:00,Fatal,5,Bus,10,3,Foggy,State Highway,Dry,Daylight,None,47,41,None,Yes,Straight Road
Tripura,2019,June,Thursday,20:45,Fatal,1,Truck,5,3,Rainy,State Highway,Under Construction,Dawn,None,58,15,Expired,Yes,Bridge
Telangana,2022,September,Sunday,18:54,Minor,5,Car,9,5,Rainy,State Highway,Wet,Dawn,Signals,45,38,Expired,No,Bridge
Maharashtra,2021,August,Tuesday,08:50,Fatal,1,Two-Wheeler,10,3,Clear,Village Road,Dry,Daylight,Police Checkpost,80,47,Expired,Yes,Curve
Assam,2018,April,Sunday,05:44,Minor,2,Car,13,5,Rainy,Urban Road,Under Construction,Daylight,Police Checkpost,118,57,Expired,No,Intersection
Tamil Nadu,2018,April,Friday,00:14,Minor,5,Bus,14,1,Clear,Urban Road,Wet,Dusk,None,104,45,None,No,Bridge
Sikkim,2019,December,Monday,20:26,Fatal,4,Two-Wheeler,10,2,Foggy,State Highway,Damaged,Dusk,Police Checkpost,67,44,Expired,Yes,Straight Road
Andhra Pradesh,2021,November,Wednesday,05:53,Minor,3,Bus,10,3,Foggy,Village Road,Damaged,Dark,Police Checkpost,84,52,Expired,No,Straight Road
Karnataka,2018,August,Friday,05:46,Minor,5,Truck,13,1,Clear,Urban Road,Under Construction,Dusk,None,82,40,None,No,Curve
Nagaland,2020,November,Wednesday,14:04,Fatal,5,Auto-Rickshaw,11,2,Rainy,National Highway,Wet,Dusk,None,82,30,None,Yes,Bridge
Gujarat,2020,October,Tuesday,08:27,Fatal,3,Two-Wheeler,8,0,Clear,National Highway,Under Construction,Daylight,Signals,77,34,None,Yes,Straight Road
Karnataka,2020,April,Saturday,20:02,Serious,4,Bus,16,3,Stormy,National Highway,Under Construction,Daylight,Police Checkpost,117,25,Valid,No,Intersection
Tamil Nadu,2020,March,Thursday,07:17,Minor,5,Pedestrian,11,2,Clear,Urban Road,Damaged,Dusk,Signs,37,40,None,No,Bridge
Andhra Pradesh,2020,January,Wednesday,10:07,Fatal,4,Auto-Rickshaw,8,3,Foggy,State Highway,Dry,Daylight,Signals,50,50,Valid,Yes,Curve
Delhi,2019,September,Tuesday,15:13,Fatal,4,Truck,13,0,Stormy,Urban Road,Dry,Dawn,None,117,37,Expired,Yes,Curve
Jammu and Kashmir,2022,January,Wednesday,03:41,Minor,1,Car,7,3,Clear,Urban Road,Damaged,Dark,Police Checkpost,70,48,Expired,No,Bridge
Goa,2023,October,Sunday,09:16,Minor,3,Bus,8,4,Foggy,State Highway,Wet,Dark,Police Checkpost,55,48,None,No,Intersection
Sikkim,2019,November,Thursday,20:46,Minor,1,Truck,9,5,Clear,Village Road,Dry,Dusk,Signs,93,49,Valid,No,Curve
Bihar,2018,December,Sunday,00:10,Minor,2,Two-Wheeler,6,4,Stormy,State Highway,Under Construction,Dawn,Signals,67,53,Expired,No,Straight Road
Maharashtra,2019,December,Wednesday,09:40,Serious,3,Auto-Rickshaw,8,1,Clear,Village Road,Dry,Dark,Police Checkpost,51,44,None,Yes,Bridge
Chhattisgarh,2021,April,Wednesday,04:39,Serious,1,Two-Wheeler,8,2,Clear,National Highway,Wet,Daylight,Signals,97,46,None,No,Bridge
Goa,2019,April,Tuesday,15:18,Fatal,4,Car,12,2,Stormy,Village Road,Damaged,Dark,None,104,41,Valid,Yes,Intersection
Karnataka,2023,March,Thursday,04:34,Fatal,4,Auto-Rickshaw,9,4,Clear,Village Road,Wet,Dawn,Signs,46,44,Valid,Yes,Bridge
Jharkhand,2020,November,Tuesday,22:34,Fatal,3,Pedestrian,10,5,Stormy,National Highway,Wet,Dawn,Signals,71,53,None,Yes,Straight Road
Rajasthan,2022,May,Tuesday,04:17,Fatal,1,Auto-Rickshaw,6,2,Foggy,Village Road,Dry,Dark,None,59,65,Expired,Yes,Straight Road
Rajasthan,2020,September,Monday,12:54,Fatal,4,Auto-Rickshaw,10,1,Clear,National Highway,Dry,Dawn,Signals,62,42,Expired,Yes,Intersection
Tamil Nadu,2021,March,Tuesday,10:28,Minor,2,Auto-Rickshaw,8,4,Rainy,Urban Road,Dry,Dusk,None,45,45,Expired,No,Straight Road
Tamil Nadu,2021,June,Monday,08:31,Fatal,3,Truck,11,0,Rainy,State Highway,Damaged,Daylight,Signs,81,31,None,Yes,Bridge
Manipur,2019,January,Tuesday,12:50,Minor,1,Car,11,4,Stormy,National Highway,Under Construction,Dawn,Signals,119,47,None,No,Bridge
Uttarakhand,2019,January,Sunday,18:57,Serious,4,Two-Wheeler,11,2,Rainy,Village Road,Dry,Dusk,Signs,74,35,Valid,Yes,Bridge
Odisha,2021,June,Thursday,03:35,Serious,5,Auto-Rickshaw,10,5,Stormy,State Highway,Under Construction,Dusk,None,51,58,Expired,Yes,Bridge
Andhra Pradesh,2020,February,Friday,03:57,Minor,1,Auto-Rickshaw,8,0,Stormy,National Highway,Wet,Dark,Signs,82,40,None,No,Curve
Sikkim,2018,November,Thursday,03:33,Minor,3,Bus,5,1,Stormy,Urban Road,Under Construction,Dark,None,31,28,None,No,Bridge
Andhra Pradesh,2022,May,Saturday,02:07,Fatal,4,Truck,11,2,Clear,National Highway,Dry,Dawn,Signs,88,8,None,Yes,Bridge
Himachal Pradesh,2022,April,Friday,22:24,Minor,1,Car,11,1,Clear,Urban Road,Damaged,Dark,None,105,28,Expired,No,Straight Road
Uttar Pradesh,2022,January,Sunday,13:40,Minor,2,Pedestrian,8,0,Clear,Urban Road,Damaged,Dawn,Signs,62,41,Expired,No,Bridge
Karnataka,2021,August,Wednesday,03:19,Minor,5,Pedestrian,13,5,Rainy,Village Road,Under Construction,Dark,Police Checkpost,85,64,Valid,No,Bridge
Delhi,2019,January,Wednesday,19:44,Fatal,5,Car,13,0,Rainy,Village Road,Damaged,Daylight,Signs,101,45,Valid,Yes,Straight Road
Jharkhand,2021,August,Monday,03:29,Minor,5,Two-Wheeler,8,2,Rainy,Urban Road,Damaged,Dusk,Signals,35,30,Valid,No,Curve
Punjab,2018,January,Monday,05:57,Fatal,1,Bus,10,0,Rainy,Village Road,Wet,Dawn,Signs,86,51,None,Yes,Curve
Haryana,2018,June,Tuesday,17:31,Serious,5,Truck,12,4,Foggy,State Highway,Damaged,Dawn,Police Checkpost,52,39,Valid,Yes,Straight Road
Sikkim,2021,January,Monday,16:59,Minor,2,Bus,13,3,Foggy,National Highway,Under Construction,Dusk,Signs,116,42,Valid,No,Intersection
Rajasthan,2018,January,Thursday,15:42,Serious,2,Cycle,8,4,Foggy,Village Road,Wet,Dusk,Signals,77,32,Valid,Yes,Intersection
Jharkhand,2020,April,Saturday,00:11,Serious,5,Car,14,2,Stormy,Urban Road,Damaged,Dark,None,81,48,None,Yes,Bridge
Mizoram,2022,May,Saturday,02:35,Fatal,2,Two-Wheeler,7,1,Rainy,State Highway,Under Construction,Dawn,None,69,18,None,Yes,Straight Road
Odisha,2022,August,Wednesday,10:10,Serious,2,Truck,5,4,Rainy,National Highway,Wet,Dawn,Signs,37,25,None,No,Curve
Assam,2022,January,Sunday,17:55,Fatal,4,Cycle,7,0,Clear,State Highway,Dry,Dusk,Signals,31,50,None,Yes,Curve
Manipur,2023,October,Wednesday,20:07,Fatal,4,Cycle,15,0,Clear,Village Road,Damaged,Daylight,Signs,119,29,Valid,Yes,Curve
Sikkim,2018,August,Wednesday,17:43,Fatal,3,Car,13,0,Clear,National Highway,Wet,Dark,None,120,33,Expired,Yes,Intersection
Uttarakhand,2021,February,Thursday,01:38,Serious,3,Truck,8,3,Foggy,Village Road,Wet,Dawn,None,45,32,None,Yes,Straight Road
Tripura,2018,December,Friday,04:28,Fatal,2,Bus,7,2,Foggy,Village Road,Under Construction,Dusk,Signs,76,43,Valid,Yes,Bridge
Uttar Pradesh,2019,March,Tuesday,01:22,Fatal,5,Bus,12,5,Foggy,Urban Road,Under Construction,Dark,Signals,76,33,None,Yes,Curve
Manipur,2021,April,Saturday,21:34,Minor,4,Cycle,10,5,Rainy,National Highway,Wet,Dark,Signs,65,36,Valid,No,Bridge
Goa,2018,January,Tuesday,12:50,Minor,4,Two-Wheeler,9,0,Stormy,Village Road,Dry,Dusk,Police Checkpost,50,49,Expired,No,Intersection
Andhra Pradesh,2020,June,Wednesday,01:51,Serious,4,Truck,13,3,Clear,State Highway,Under Construction,Dusk,Signals,94,41,Valid,No,Intersection
Karnataka,2019,April,Wednesday,21:11,Serious,1,Car,7,2,Rainy,National Highway,Dry,Daylight,Signals,72,55,None,Yes,Intersection
Mizoram,2021,December,Sunday,22:41,Minor,4,Cycle,9,3,Rainy,State Highway,Damaged,Dawn,Signs,39,60,None,No,Straight Road
Uttarakhand,2020,December,Tuesday,12:16,Serious,3,Bus,11,4,Clear,Urban Road,Wet,Daylight,Signals,98,23,Valid,No,Straight Road
Tripura,2018,August,Monday,20:29,Fatal,5,Pedestrian,9,4,Rainy,State Highway,Dry,Daylight,Police Checkpost,53,39,Valid,Yes,Bridge
Uttarakhand,2020,September,Thursday,10:50,Minor,1,Cycle,8,3,Foggy,Urban Road,Damaged,Dark,None,89,14,Valid,No,Straight Road
Chandigarh,2018,November,Sunday,07:10,Fatal,5,Auto-Rickshaw,9,0,Foggy,Village Road,Under Construction,Dusk,Signs,54,36,Expired,Yes,Intersection
Himachal Pradesh,2022,January,Friday,23:22,Serious,1,Truck,10,1,Rainy,National Highway,Under Construction,Dusk,Signs,84,45,None,Yes,Curve
Uttarakhand,2022,October,Thursday,17:25,Minor,1,Truck,10,0,Rainy,Urban Road,Wet,Dawn,Signs,113,63,Valid,No,Bridge
Mizoram,2018,August,Wednesday,05:02,Serious,5,Truck,11,3,Stormy,Village Road,Damaged,Dusk,None,69,59,Valid,Yes,Intersection
Jharkhand,2020,September,Wednesday,04:08,Serious,2,Auto-Rickshaw,8,4,Rainy,Village Road,Damaged,Dusk,Signs,70,59,Expired,No,Bridge
Tamil Nadu,2018,September,Saturday,21:14,Fatal,5,Auto-Rickshaw,14,4,Clear,Urban Road,Wet,Dusk,None,104,42,None,Yes,Bridge
Jammu and Kashmir,2019,August,Friday,13:31,Fatal,1,Pedestrian,8,3,Clear,National Highway,Dry,Daylight,Police Checkpost,86,46,Valid,Yes,Straight Road
Andhra Pradesh,2023,March,Sunday,21:32,Fatal,4,Truck,9,2,Stormy,Urban Road,Damaged,Dusk,Police Checkpost,45,42,Valid,Yes,Straight Road
Bihar,2018,September,Thursday,06:23,Fatal,1,Bus,8,1,Stormy,National Highway,Under Construction,Daylight,Signals,85,42,Valid,Yes,Intersection
Mizoram,2019,May,Wednesday,07:25,Serious,5,Truck,14,1,Clear,State Highway,Dry,Daylight,Signals,95,28,None,No,Bridge
Puducherry,2021,June,Tuesday,01:07,Serious,3,Truck,8,0,Rainy,Village Road,Under Construction,Dawn,Signs,56,32,Valid,No,Intersection
Kerala,2020,January,Thursday,08:01,Minor,3,Pedestrian,10,5,Rainy,Urban Road,Under Construction,Dusk,Police Checkpost,73,50,Valid,No,Straight Road
Puducherry,2020,December,Thursday,10:47,Fatal,5,Bus,8,5,Stormy,Village Road,Damaged,Daylight,Signals,35,47,Valid,Yes,Curve
Goa,2019,August,Tuesday,07:15,Minor,4,Car,15,4,Clear,Urban Road,Wet,Daylight,None,115,67,Valid,No,Bridge
Chhattisgarh,2019,July,Tuesday,16:37,Fatal,3,Car,6,3,Rainy,National Highway,Under Construction,Daylight,Signs,39,21,Expired,Yes,Straight Road
Puducherry,2021,March,Friday,16:25,Fatal,3,Two-Wheeler,7,5,Foggy,Village Road,Dry,Dawn,None,53,32,Expired,Yes,Straight Road
Mizoram,2018,March,Monday,03:56,Minor,3,Two-Wheeler,13,4,Foggy,National Highway,Under Construction,Dark,Signals,106,50,Expired,No,Curve
Assam,2021,August,Monday,05:05,Fatal,3,Auto-Rickshaw,6,3,Clear,State Highway,Dry,Dusk,Signals,42,39,Valid,Yes,Straight Road
Nagaland,2018,November,Thursday,03:46,Minor,4,Cycle,14,2,Foggy,Village Road,Damaged,Dusk,Police Checkpost,120,47,None,No,Intersection
Himachal Pradesh,2020,May,Monday,08:02,Fatal,1,Truck,6,0,Rainy,National Highway,Damaged,Daylight,Signs,68,50,None,Yes,Straight Road
Haryana,2022,September,Saturday,14:52,Fatal,3,Bus,9,5,Foggy,Village Road,Dry,Dusk,Signals,67,33,Expired,Yes,Intersection
Mizoram,2019,December,Saturday,00:50,Serious,1,Truck,6,2,Clear,Urban Road,Wet,Dark,Signs,71,24,Valid,Yes,Bridge
Sikkim,2023,June,Monday,06:05,Serious,4,Pedestrian,12,3,Clear,National Highway,Wet,Dawn,None,93,36,Valid,Yes,Curve
Bihar,2018,April,Sunday,23:33,Minor,5,Two-Wheeler,11,2,Clear,Village Road,Damaged,Dawn,None,41,71,None,No,Bridge
Chhattisgarh,2018,July,Saturday,13:23,Serious,1,Pedestrian,6,0,Clear,State Highway,Dry,Dawn,None,65,30,Valid,Yes,Curve
Goa,2023,August,Monday,04:41,Fatal,3,Pedestrian,11,4,Clear,Village Road,Wet,Dusk,Signs,111,41,None,Yes,Straight Road
Arunachal Pradesh,2022,July,Wednesday,08:38,Minor,1,Truck,6,5,Rainy,Village Road,Under Construction,Dark,None,70,52,Valid,No,Intersection
Punjab,2022,June,Sunday,00:24,Serious,2,Bus,10,3,Clear,State Highway,Damaged,Dawn,None,88,33,Valid,Yes,Curve
Arunachal Pradesh,2018,September,Friday,12:52,Serious,2,Car,12,1,Foggy,State Highway,Dry,Daylight,None,102,31,None,No,Curve
Meghalaya,2020,April,Saturday,04:28,Fatal,5,Cycle,8,0,Clear,State Highway,Under Construction,Dusk,Signals,39,46,None,Yes,Curve
Puducherry,2020,October,Friday,18:07,Fatal,3,Bus,12,3,Clear,Urban Road,Under Construction,Dawn,Signs,89,41,Valid,Yes,Intersection
Delhi,2023,June,Tuesday,17:58,Minor,5,Cycle,12,3,Rainy,National Highway,Dry,Dark,Police Checkpost,73,31,Valid,No,Intersection
Delhi,2022,October,Saturday,12:20,Serious,3,Pedestrian,7,3,Stormy,Village Road,Under Construction,Dark,Signs,70,42,Valid,No,Intersection
Punjab,2021,December,Wednesday,06:39,Fatal,1,Pedestrian,10,2,Rainy,State Highway,Damaged,Dawn,Signs,103,16,None,Yes,Straight Road
Bihar,2019,June,Saturday,02:25,Serious,5,Truck,14,4,Clear,Village Road,Wet,Daylight,Police Checkpost,102,48,Expired,Yes,Bridge
West Bengal,2018,July,Sunday,03:07,Minor,5,Car,14,1,Clear,State Highway,Dry,Dusk,Signals,98,20,None,No,Intersection
Andhra Pradesh,2021,August,Monday,08:07,Serious,1,Pedestrian,9,2,Clear,Village Road,Under Construction,Dawn,Signals,104,37,None,Yes,Straight Road
Rajasthan,2019,December,Friday,12:11,Fatal,1,Bus,5,2,Clear,Urban Road,Under Construction,Dusk,Police Checkpost,45,31,Expired,Yes,Intersection
Kerala,2021,June,Thursday,16:55,Fatal,2,Pedestrian,10,1,Clear,Village Road,Damaged,Dawn,Signs,108,47,Expired,Yes,Bridge
Himachal Pradesh,2019,May,Wednesday,15:35,Serious,1,Auto-Rickshaw,8,1,Rainy,Village Road,Under Construction,Daylight,None,55,40,None,Yes,Curve
Manipur,2019,September,Thursday,12:40,Fatal,5,Bus,13,0,Stormy,Urban Road,Under Construction,Daylight,Signs,90,42,None,Yes,Bridge
Arunachal Pradesh,2023,May,Sunday,20:00,Fatal,1,Two-Wheeler,9,4,Rainy,Urban Road,Dry,Dusk,Police Checkpost,84,64,Expired,Yes,Bridge
Andhra Pradesh,2020,November,Monday,07:13,Minor,2,Car,12,0,Stormy,Village Road,Under Construction,Dark,None,104,53,Expired,No,Intersection
Manipur,2022,November,Friday,01:10,Minor,4,Two-Wheeler,14,1,Stormy,National Highway,Dry,Dark,Police Checkpost,104,43,Expired,No,Straight Road
Tripura,2021,February,Monday,00:37,Minor,4,Truck,12,0,Clear,National Highway,Dry,Daylight,Signs,87,50,Valid,No,Curve
Puducherry,2023,March,Tuesday,00:00,Fatal,2,Car,5,1,Clear,Village Road,Dry,Dawn,Police Checkpost,37,39,Valid,Yes,Straight Road
Mizoram,2021,August,Sunday,01:37,Minor,3,Cycle,7,2,Stormy,National Highway,Dry,Dusk,Signals,35,27,Expired,No,Curve
Meghalaya,2022,September,Friday,19:41,Fatal,1,Auto-Rickshaw,5,4,Clear,State Highway,Wet,Dawn,Police Checkpost,31,33,None,Yes,Intersection
Manipur,2023,October,Thursday,14:58,Fatal,1,Car,5,1,Clear,National Highway,Under Construction,Daylight,Police Checkpost,56,26,Valid,Yes,Curve
Meghalaya,2019,October,Saturday,09:02,Minor,4,Cycle,16,0,Clear,State Highway,Under Construction,Dawn,None,112,32,None,No,Intersection
Chandigarh,2021,May,Sunday,16:28,Serious,2,Two-Wheeler,10,5,Rainy,Village Road,Under Construction,Daylight,Signs,89,27,Expired,Yes,Curve
Maharashtra,2023,April,Friday,03:04,Fatal,2,Cycle,7,3,Rainy,National Highway,Under Construction,Daylight,Police Checkpost,30,45,Valid,Yes,Intersection
Karnataka,2022,May,Saturday,21:05,Fatal,4,Auto-Rickshaw,12,3,Foggy,Urban Road,Under Construction,Dawn,Signals,98,42,Expired,Yes,Curve
Haryana,2018,September,Sunday,21:46,Serious,1,Cycle,8,3,Foggy,National Highway,Dry,Dawn,Signals,67,42,Valid,Yes,Bridge
Puducherry,2022,August,Monday,04:34,Minor,4,Bus,12,2,Stormy,National Highway,Damaged,Dark,Signals,109,56,None,No,Straight Road
Puducherry,2022,December,Saturday,15:51,Minor,4,Pedestrian,14,3,Clear,Village Road,Dry,Dawn,Signs,111,51,Expired,No,Curve
Haryana,2021,August,Thursday,10:54,Minor,3,Car,5,1,Clear,State Highway,Dry,Dawn,Police Checkpost,36,36,Valid,No,Straight Road
Jharkhand,2019,April,Tuesday,17:42,Serious,5,Auto-Rickshaw,14,0,Stormy,Urban Road,Damaged,Dawn,Signs,99,25,Valid,Yes,Straight Road
Karnataka,2021,February,Friday,06:05,Fatal,3,Two-Wheeler,11,2,Foggy,Village Road,Dry,Dawn,Police Checkpost,80,51,None,Yes,Curve
Manipur,2021,August,Saturday,10:15,Fatal,5,Pedestrian,12,5,Clear,State Highway,Under Construction,Dusk,Police Checkpost,90,54,None,Yes,Bridge
Manipur,2019,November,Friday,20:40,Minor,1,Two-Wheeler,7,0,Rainy,Village Road,Damaged,Daylight,None,38,51,Expired,No,Curve
Odisha,2018,February,Sunday,07:30,Serious,2,Auto-Rickshaw,8,2,Rainy,Village Road,Dry,Daylight,Signals,64,37,None,No,Curve
West Bengal,2018,February,Sunday,08:14,Fatal,5,Truck,12,0,Clear,National Highway,Wet,Daylight,Police Checkpost,81,50,Expired,Yes,Straight Road
Kerala,2018,February,Friday,01:05,Serious,1,Car,5,4,Rainy,Urban Road,Dry,Daylight,Signals,47,27,None,Yes,Bridge
Jammu and Kashmir,2018,July,Wednesday,14:01,Fatal,5,Auto-Rickshaw,7,2,Rainy,Village Road,Damaged,Dark,Police Checkpost,37,38,Expired,Yes,Intersection
Delhi,2018,June,Saturday,10:30,Serious,1,Two-Wheeler,9,1,Clear,State Highway,Dry,Dark,None,111,44,Expired,Yes,Intersection
Tamil Nadu,2021,December,Saturday,16:57,Fatal,1,Car,9,0,Clear,National Highway,Damaged,Dusk,None,111,48,Expired,Yes,Curve
Haryana,2023,January,Tuesday,16:53,Fatal,1,Auto-Rickshaw,7,2,Rainy,National Highway,Wet,Dusk,Police Checkpost,80,24,None,Yes,Curve
Nagaland,2020,May,Tuesday,05:13,Minor,2,Cycle,4,3,Clear,National Highway,Wet,Dark,None,34,49,Expired,No,Intersection
Maharashtra,2022,June,Friday,19:19,Fatal,1,Cycle,10,5,Rainy,Urban Road,Under Construction,Dusk,Signals,94,23,Expired,Yes,Straight Road
Himachal Pradesh,2020,June,Tuesday,15:19,Fatal,1,Truck,9,4,Rainy,National Highway,Wet,Daylight,Signals,94,34,Valid,Yes,Straight Road
Himachal Pradesh,2022,September,Saturday,06:44,Minor,3,Two-Wheeler,10,4,Stormy,National Highway,Dry,Dark,Signs,69,48,None,No,Bridge
Chhattisgarh,2019,August,Sunday,00:28,Fatal,2,Auto-Rickshaw,6,2,Clear,Village Road,Damaged,Dusk,None,36,25,Expired,Yes,Straight Road
Puducherry,2018,July,Friday,22:02,Minor,3,Pedestrian,14,4,Stormy,National Highway,Dry,Daylight,Signs,117,32,Expired,No,Bridge
Gujarat,2022,August,Sunday,07:11,Serious,1,Auto-Rickshaw,11,0,Clear,Urban Road,Dry,Dark,Signals,120,30,Expired,Yes,Bridge
Chandigarh,2023,September,Tuesday,08:59,Fatal,5,Two-Wheeler,15,4,Rainy,Village Road,Damaged,Dark,None,115,18,Valid,Yes,Intersection
Haryana,2018,May,Tuesday,01:43,Fatal,4,Bus,10,1,Rainy,Village Road,Under Construction,Dark,Signs,66,39,None,Yes,Bridge
Karnataka,2019,October,Saturday,22:05,Minor,4,Cycle,11,5,Rainy,State Highway,Under Construction,Dusk,Signals,90,54,Valid,No,Intersection
Jammu and Kashmir,2020,March,Friday,20:15,Minor,5,Two-Wheeler,10,3,Foggy,State Highway,Under Construction,Dark,None,49,38,None,No,Bridge
Rajasthan,2019,April,Saturday,06:58,Serious,5,Pedestrian,16,0,Foggy,National Highway,Dry,Dark,Signals,101,48,Valid,Yes,Bridge
West Bengal,2021,June,Saturday,11:09,Fatal,2,Cycle,10,4,Foggy,State Highway,Dry,Dawn,Signs,89,38,Expired,Yes,Straight Road
Punjab,2021,April,Tuesday,17:24,Fatal,4,Two-Wheeler,9,0,Rainy,State Highway,Damaged,Dawn,Signs,45,50,None,Yes,Intersection
Maharashtra,2022,July,Monday,22:51,Fatal,2,Truck,10,2,Clear,State Highway,Under Construction,Dawn,Police Checkpost,90,53,Expired,Yes,Bridge
Sikkim,2022,June,Wednesday,21:07,Minor,5,Pedestrian,10,0,Rainy,National Highway,Dry,Dusk,Signals,61,45,None,No,Intersection
Jharkhand,2023,March,Tuesday,02:32,Minor,4,Bus,11,4,Foggy,Urban Road,Wet,Dark,Signs,47,39,Valid,No,Curve
Puducherry,2020,October,Monday,19:12,Minor,1,Auto-Rickshaw,9,0,Foggy,Village Road,Under Construction,Dusk,Signals,116,32,Expired,No,Bridge
Tamil Nadu,2023,April,Monday,16:09,Serious,4,Truck,9,2,Stormy,Urban Road,Dry,Daylight,None,47,53,None,No,Curve
Madhya Pradesh,2020,November,Monday,17:37,Minor,4,Pedestrian,11,4,Rainy,State Highway,Dry,Dark,None,43,44,None,No,Intersection
Odisha,2022,April,Thursday,14:30,Serious,2,Auto-Rickshaw,6,3,Rainy,Urban Road,Wet,Daylight,None,65,18,None,No,Straight Road
Kerala,2020,August,Saturday,11:48,Minor,1,Cycle,8,1,Clear,National Highway,Under Construction,Dawn,Signals,82,20,Valid,No,Intersection
Chandigarh,2018,July,Saturday,07:37,Minor,1,Car,4,3,Clear,Village Road,Dry,Daylight,Signs,47,47,None,No,Bridge
Sikkim,2023,June,Saturday,03:44,Fatal,3,Bus,12,1,Clear,Urban Road,Dry,Dusk,Police Checkpost,95,18,Valid,Yes,Curve
Uttar Pradesh,2021,November,Wednesday,17:17,Minor,3,Truck,9,3,Clear,Village Road,Under Construction,Daylight,Signals,64,36,Valid,No,Curve
Sikkim,2023,November,Saturday,02:58,Serious,3,Auto-Rickshaw,7,3,Rainy,Urban Road,Damaged,Dark,Signals,47,38,Valid,Yes,Curve
Uttarakhand,2023,October,Sunday,08:21,Serious,4,Pedestrian,12,2,Rainy,Urban Road,Under Construction,Dawn,Signs,77,39,None,No,Curve
Chhattisgarh,2020,December,Monday,13:00,Minor,3,Pedestrian,7,4,Rainy,Urban Road,Wet,Dusk,Police Checkpost,35,56,Valid,No,Intersection
Karnataka,2019,November,Saturday,12:03,Minor,2,Cycle,8,1,Foggy,Village Road,Damaged,Dark,Police Checkpost,54,49,Valid,No,Bridge
Telangana,2020,March,Sunday,14:33,Serious,2,Pedestrian,9,5,Stormy,Village Road,Wet,Daylight,Police Checkpost,64,28,Valid,No,Curve
Chhattisgarh,2018,August,Thursday,23:21,Serious,4,Bus,10,2,Rainy,State Highway,Under Construction,Dark,Signs,56,45,None,Yes,Intersection
Himachal Pradesh,2021,June,Saturday,10:30,Minor,1,Pedestrian,6,1,Rainy,Urban Road,Damaged,Dusk,Police Checkpost,96,24,None,No,Bridge
Odisha,2020,August,Wednesday,01:10,Minor,2,Pedestrian,7,1,Foggy,Village Road,Dry,Daylight,Signals,38,46,Expired,No,Bridge
Arunachal Pradesh,2018,November,Saturday,13:10,Serious,5,Car,17,4,Stormy,National Highway,Under Construction,Dusk,None,120,52,None,No,Straight Road
Delhi,2022,December,Friday,00:00,Fatal,3,Bus,6,1,Stormy,Village Road,Under Construction,Daylight,None,34,32,Valid,Yes,Bridge
Jammu and Kashmir,2022,February,Friday,17:21,Minor,1,Car,6,1,Clear,State Highway,Under Construction,Dawn,Police Checkpost,53,37,Valid,No,Intersection
Kerala,2023,October,Tuesday,00:15,Minor,4,Auto-Rickshaw,8,5,Clear,Urban Road,Dry,Daylight,Police Checkpost,37,41,None,No,Bridge
Himachal Pradesh,2021,December,Tuesday,16:22,Fatal,5,Cycle,8,3,Foggy,Urban Road,Damaged,Daylight,Signals,42,32,None,Yes,Intersection
Tamil Nadu,2022,June,Sunday,16:48,Serious,4,Cycle,9,5,Clear,State Highway,Dry,Daylight,Signals,53,38,None,Yes,Curve
Arunachal Pradesh,2020,November,Sunday,03:28,Serious,3,Truck,7,5,Clear,Urban Road,Damaged,Dusk,Signs,35,37,Valid,Yes,Bridge
Maharashtra,2022,December,Sunday,22:36,Minor,5,Two-Wheeler,12,3,Foggy,State Highway,Wet,Dawn,None,68,16,Expired,No,Intersection
Goa,2021,May,Wednesday,21:33,Minor,5,Auto-Rickshaw,16,5,Clear,Urban Road,Wet,Dawn,Police Checkpost,110,23,Expired,No,Straight Road
Delhi,2018,February,Wednesday,16:37,Minor,4,Truck,13,5,Stormy,National Highway,Damaged,Daylight,Signs,113,41,Valid,No,Curve
Telangana,2020,October,Thursday,23:44,Fatal,5,Cycle,8,3,Foggy,National Highway,Dry,Dusk,Signals,43,17,Expired,Yes,Bridge
Uttar Pradesh,2022,January,Saturday,19:18,Minor,5,Bus,11,0,Rainy,National Highway,Dry,Dawn,None,43,15,None,No,Straight Road
Punjab,2019,July,Wednesday,01:22,Serious,4,Two-Wheeler,12,3,Clear,State Highway,Dry,Dusk,Signals,102,38,None,No,Curve
Gujarat,2022,April,Tuesday,13:33,Serious,1,Two-Wheeler,8,0,Clear,State Highway,Under Construction,Daylight,Police Checkpost,89,70,Expired,Yes,Curve
Nagaland,2020,January,Tuesday,01:48,Fatal,4,Truck,12,2,Clear,National Highway,Dry,Daylight,None,101,14,Expired,Yes,Curve
Uttarakhand,2020,February,Tuesday,07:59,Serious,2,Two-Wheeler,6,1,Stormy,Village Road,Under Construction,Daylight,None,45,34,Valid,Yes,Bridge
Chandigarh,2018,March,Friday,18:47,Minor,1,Car,9,1,Rainy,Village Road,Under Construction,Dusk,Police Checkpost,82,38,Valid,No,Intersection
Meghalaya,2019,August,Saturday,09:08,Serious,3,Two-Wheeler,11,1,Rainy,State Highway,Under Construction,Dusk,None,104,16,None,Yes,Straight Road
Karnataka,2022,November,Friday,07:45,Fatal,4,Bus,6,5,Rainy,Village Road,Dry,Dark,Police Checkpost,41,40,None,Yes,Straight Road
Meghalaya,2023,December,Tuesday,23:34,Fatal,2,Pedestrian,11,5,Stormy,Village Road,Wet,Dark,Signs,109,45,Valid,Yes,Bridge
Haryana,2019,February,Tuesday,12:41,Serious,2,Truck,4,5,Clear,Village Road,Under Construction,Dawn,Signs,49,44,Valid,Yes,Bridge
Gujarat,2023,March,Friday,22:09,Fatal,5,Truck,9,4,Rainy,National Highway,Wet,Dusk,Signals,31,38,None,Yes,Straight Road
Sikkim,2022,March,Tuesday,05:20,Minor,2,Truck,4,4,Clear,National Highway,Dry,Dusk,Signs,31,43,None,No,Intersection
Jharkhand,2019,June,Friday,01:33,Minor,4,Cycle,10,0,Foggy,National Highway,Under Construction,Dark,Signals,40,29,None,No,Straight Road
Goa,2021,September,Friday,06:03,Minor,4,Truck,9,0,Clear,Urban Road,Damaged,Daylight,Police Checkpost,39,53,Expired,No,Intersection
Telangana,2022,September,Thursday,08:56,Serious,4,Auto-Rickshaw,6,3,Stormy,Village Road,Under Construction,Dusk,Signals,31,27,Valid,Yes,Bridge
Telangana,2022,March,Wednesday,08:06,Minor,5,Auto-Rickshaw,14,5,Clear,State Highway,Under Construction,Dusk,Police Checkpost,113,39,None,No,Bridge
Haryana,2019,March,Sunday,09:39,Minor,3,Pedestrian,10,0,Stormy,Village Road,Dry,Dawn,Signs,90,47,Valid,No,Curve
Puducherry,2021,February,Sunday,01:47,Minor,3,Pedestrian,8,3,Stormy,National Highway,Dry,Dusk,Police Checkpost,67,62,None,No,Intersection
Goa,2018,January,Saturday,12:07,Fatal,2,Pedestrian,13,5,Clear,Village Road,Under Construction,Dark,None,117,43,None,Yes,Straight Road
Gujarat,2021,June,Friday,02:27,Minor,5,Bus,17,3,Clear,National Highway,Dry,Dusk,None,118,31,Expired,No,Bridge
Haryana,2022,January,Sunday,11:42,Minor,5,Two-Wheeler,15,2,Clear,Urban Road,Damaged,Daylight,Signs,92,38,None,No,Straight Road
Puducherry,2020,May,Saturday,21:52,Fatal,1,Car,9,0,Clear,State Highway,Damaged,Dark,Signs,95,29,Valid,Yes,Straight Road
Jharkhand,2021,September,Wednesday,20:39,Minor,1,Car,10,0,Stormy,Village Road,Under Construction,Dawn,Police Checkpost,95,40,Valid,No,Intersection
Goa,2019,April,Friday,14:14,Minor,1,Car,8,5,Clear,National Highway,Damaged,Dark,Police Checkpost,78,38,Valid,No,Straight Road
Bihar,2018,October,Sunday,15:54,Minor,3,Auto-Rickshaw,9,2,Clear,National Highway,Under Construction,Dusk,Signals,65,29,Expired,No,Intersection
Jammu and Kashmir,2023,February,Monday,00:06,Fatal,5,Auto-Rickshaw,13,1,Rainy,Village Road,Wet,Dawn,Police Checkpost,52,44,Expired,Yes,Bridge
Jammu and Kashmir,2023,February,Friday,14:10,Fatal,2,Car,8,1,Rainy,National Highway,Dry,Dark,Signs,61,41,Valid,Yes,Bridge
Madhya Pradesh,2023,October,Friday,07:18,Serious,2,Truck,7,0,Rainy,National Highway,Wet,Dark,Signals,85,49,Valid,No,Straight Road
Arunachal Pradesh,2019,March,Saturday,05:38,Fatal,5,Bus,14,2,Clear,State Highway,Damaged,Daylight,Signs,119,27,Valid,Yes,Intersection
Uttar Pradesh,2020,September,Wednesday,10:04,Fatal,2,Truck,4,3,Clear,State Highway,Under Construction,Dusk,Police Checkpost,31,43,None,Yes,Straight Road
Meghalaya,2023,June,Thursday,08:14,Serious,3,Pedestrian,12,2,Stormy,Village Road,Damaged,Dusk,Police Checkpost,115,10,Expired,No,Bridge
Rajasthan,2021,May,Sunday,00:11,Fatal,5,Car,14,4,Rainy,Urban Road,Wet,Dark,Signals,105,37,None,Yes,Intersection
Delhi,2023,March,Tuesday,09:02,Fatal,2,Truck,5,5,Foggy,Urban Road,Wet,Daylight,Police Checkpost,40,30,Expired,Yes,Intersection
Mizoram,2022,February,Wednesday,14:00,Serious,5,Truck,9,2,Clear,Village Road,Dry,Daylight,Police Checkpost,35,40,Valid,Yes,Curve
Nagaland,2021,February,Tuesday,16:07,Fatal,2,Truck,9,0,Foggy,Village Road,Dry,Dawn,Signals,88,24,Expired,Yes,Intersection
Kerala,2022,August,Wednesday,22:12,Fatal,4,Truck,10,0,Clear,Village Road,Under Construction,Dusk,Police Checkpost,62,31,Valid,Yes,Intersection
Himachal Pradesh,2020,July,Monday,19:19,Fatal,5,Cycle,9,5,Stormy,Village Road,Dry,Dark,Police Checkpost,61,44,Valid,Yes,Curve
Uttarakhand,2018,August,Friday,19:58,Fatal,1,Bus,10,2,Stormy,State Highway,Dry,Dusk,Police Checkpost,120,33,Valid,Yes,Bridge
Uttar Pradesh,2023,October,Friday,06:13,Fatal,1,Two-Wheeler,11,1,Clear,State Highway,Damaged,Dawn,Police Checkpost,120,57,Valid,Yes,Intersection
Mizoram,2020,April,Saturday,03:34,Fatal,2,Bus,13,5,Stormy,Village Road,Dry,Dusk,Signals,120,64,None,Yes,Straight Road
Arunachal Pradesh,2021,May,Tuesday,05:25,Minor,3,Two-Wheeler,7,5,Clear,Urban Road,Dry,Daylight,None,33,29,Expired,No,Bridge
Nagaland,2020,July,Tuesday,23:36,Fatal,4,Bus,13,1,Clear,State Highway,Under Construction,Dawn,Signals,106,29,Valid,Yes,Curve
Bihar,2019,December,Saturday,06:39,Serious,4,Bus,12,0,Clear,Urban Road,Wet,Dusk,Signs,74,33,Expired,Yes,Straight Road
Delhi,2020,April,Wednesday,23:54,Serious,3,Auto-Rickshaw,9,0,Foggy,Urban Road,Under Construction,Dawn,None,79,30,Valid,Yes,Intersection
Punjab,2022,May,Thursday,22:25,Minor,1,Pedestrian,9,5,Foggy,National Highway,Dry,Dusk,Signals,69,44,None,No,Curve
Chandigarh,2022,May,Sunday,07:15,Fatal,2,Pedestrian,6,3,Stormy,State Highway,Dry,Dark,Signs,73,50,Valid,Yes,Bridge
West Bengal,2019,November,Friday,02:15,Serious,1,Two-Wheeler,8,2,Rainy,National Highway,Damaged,Dawn,Police Checkpost,71,56,Expired,Yes,Curve
Jharkhand,2020,July,Sunday,17:40,Fatal,5,Car,9,2,Foggy,Urban Road,Dry,Daylight,None,38,50,None,Yes,Intersection
Tripura,2019,January,Sunday,18:48,Minor,4,Cycle,14,5,Rainy,National Highway,Wet,Dark,Signs,97,36,Valid,No,Bridge
Tamil Nadu,2018,October,Saturday,19:23,Serious,1,Bus,5,1,Foggy,State Highway,Dry,Dawn,Signs,59,42,Expired,No,Straight Road
Goa,2018,June,Friday,00:37,Fatal,2,Car,7,5,Clear,Village Road,Wet,Dark,Signals,86,39,None,Yes,Straight Road
Chandigarh,2019,December,Wednesday,12:58,Fatal,5,Cycle,15,4,Rainy,Urban Road,Under Construction,Daylight,None,103,40,None,Yes,Bridge
Haryana,2020,March,Wednesday,17:12,Minor,2,Pedestrian,12,5,Rainy,Urban Road,Under Construction,Dawn,Police Checkpost,113,51,Expired,No,Intersection
Nagaland,2021,August,Thursday,13:19,Serious,4,Cycle,13,0,Stormy,Village Road,Dry,Daylight,Signals,103,32,Valid,No,Straight Road
Odisha,2021,January,Tuesday,05:52,Minor,1,Pedestrian,5,0,Rainy,State Highway,Damaged,Dark,Signs,41,53,Valid,No,Curve
Gujarat,2019,July,Wednesday,07:25,Minor,3,Bus,5,0,Rainy,National Highway,Wet,Daylight,Police Checkpost,35,37,Expired,No,Intersection
Haryana,2020,August,Wednesday,03:59,Serious,3,Car,7,5,Foggy,State Highway,Under Construction,Dawn,Signs,38,71,Expired,Yes,Bridge
Meghalaya,2021,April,Monday,15:39,Fatal,5,Cycle,10,0,Clear,Village Road,Dry,Dawn,None,42,46,Expired,Yes,Straight Road
Jammu and Kashmir,2019,October,Wednesday,13:54,Fatal,5,Truck,11,2,Clear,Urban Road,Wet,Dawn,Signals,103,27,Expired,Yes,Bridge
West Bengal,2018,January,Friday,11:11,Serious,5,Pedestrian,8,3,Rainy,National Highway,Dry,Dawn,Signals,31,57,Valid,Yes,Straight Road
Tripura,2018,April,Monday,19:54,Minor,4,Two-Wheeler,13,3,Clear,Urban Road,Under Construction,Dawn,Signs,110,35,Expired,No,Bridge
Goa,2018,May,Friday,17:21,Serious,3,Truck,9,2,Stormy,Village Road,Wet,Dusk,Police Checkpost,41,53,Expired,Yes,Intersection
Arunachal Pradesh,2021,July,Sunday,15:59,Minor,3,Auto-Rickshaw,9,3,Clear,National Highway,Damaged,Dawn,None,51,37,None,No,Straight Road
West Bengal,2023,November,Thursday,18:19,Fatal,5,Car,14,4,Clear,National Highway,Damaged,Dawn,None,70,37,Expired,Yes,Curve
Gujarat,2020,October,Thursday,07:21,Minor,1,Bus,6,3,Clear,State Highway,Dry,Dusk,None,42,38,None,No,Intersection
Bihar,2021,February,Friday,15:04,Serious,2,Car,5,0,Stormy,National Highway,Damaged,Dusk,Signs,32,48,Expired,Yes,Intersection
Himachal Pradesh,2020,December,Wednesday,22:13,Minor,2,Car,12,2,Foggy,State Highway,Wet,Dawn,Signs,105,42,Valid,No,Curve
Haryana,2018,May,Sunday,03:36,Minor,2,Car,6,0,Clear,National Highway,Dry,Dusk,Signs,35,21,None,No,Bridge
Manipur,2022,September,Friday,23:52,Serious,4,Auto-Rickshaw,10,3,Clear,Village Road,Wet,Dawn,None,64,53,Expired,Yes,Bridge
Tamil Nadu,2021,December,Sunday,02:43,Serious,4,Auto-Rickshaw,8,4,Clear,Urban Road,Wet,Dusk,None,31,21,Valid,No,Bridge
Chandigarh,2018,December,Sunday,23:01,Fatal,1,Cycle,7,2,Rainy,National Highway,Under Construction,Daylight,None,78,48,Valid,Yes,Intersection
Chhattisgarh,2022,January,Saturday,05:04,Minor,2,Car,9,4,Clear,National Highway,Damaged,Daylight,Signs,105,70,None,No,Curve
Goa,2020,June,Saturday,06:17,Serious,2,Pedestrian,10,4,Rainy,National Highway,Damaged,Dawn,Police Checkpost,100,41,None,Yes,Straight Road
Himachal Pradesh,2022,October,Saturday,04:10,Minor,4,Truck,9,1,Foggy,Urban Road,Under Construction,Daylight,Signals,70,31,Expired,No,Intersection
Tamil Nadu,2020,April,Sunday,10:19,Minor,2,Auto-Rickshaw,9,5,Rainy,Village Road,Dry,Dawn,Signals,73,36,Expired,No,Bridge
Arunachal Pradesh,2022,February,Saturday,06:08,Fatal,2,Car,3,4,Foggy,Village Road,Wet,Dark,Police Checkpost,47,25,Expired,Yes,Curve
Delhi,2019,August,Tuesday,22:40,Fatal,5,Auto-Rickshaw,16,2,Clear,Village Road,Wet,Dusk,Signals,97,57,Expired,Yes,Curve
Odisha,2021,May,Wednesday,10:02,Minor,5,Auto-Rickshaw,11,4,Stormy,Urban Road,Wet,Dawn,Signals,57,8,Expired,No,Bridge
Karnataka,2021,May,Friday,10:18,Fatal,5,Cycle,10,3,Clear,Urban Road,Dry,Dark,Police Checkpost,53,27,Expired,Yes,Intersection
Mizoram,2018,August,Wednesday,13:30,Fatal,2,Car,11,5,Foggy,Urban Road,Under Construction,Dark,Signs,114,51,None,Yes,Bridge
Nagaland,2019,October,Wednesday,17:33,Fatal,1,Truck,5,5,Clear,State Highway,Damaged,Dawn,Police Checkpost,34,32,Expired,Yes,Bridge
Telangana,2023,January,Tuesday,16:13,Minor,1,Car,9,3,Foggy,State Highway,Wet,Dark,None,102,56,Expired,No,Straight Road
Puducherry,2021,June,Thursday,03:26,Serious,4,Bus,13,4,Foggy,Urban Road,Under Construction,Dark,None,103,64,Expired,Yes,Bridge
Haryana,2021,November,Wednesday,14:28,Serious,4,Auto-Rickshaw,9,2,Rainy,National Highway,Under Construction,Daylight,None,37,54,None,No,Curve
Puducherry,2020,April,Friday,21:30,Minor,5,Cycle,9,5,Clear,Village Road,Wet,Dusk,Signals,54,23,Expired,No,Intersection
Mizoram,2023,May,Thursday,14:43,Serious,3,Car,11,5,Clear,National Highway,Dry,Dusk,Signs,100,42,None,Yes,Intersection
Kerala,2022,March,Thursday,04:25,Fatal,2,Auto-Rickshaw,8,2,Stormy,State Highway,Dry,Dusk,Signals,96,33,Valid,Yes,Curve
Puducherry,2019,January,Thursday,05:48,Fatal,5,Truck,15,1,Foggy,Urban Road,Dry,Dawn,Signals,103,66,Expired,Yes,Bridge
Assam,2019,January,Friday,09:37,Minor,1,Two-Wheeler,10,5,Rainy,Village Road,Damaged,Daylight,Police Checkpost,118,66,None,No,Straight Road
Meghalaya,2023,May,Friday,00:21,Fatal,3,Two-Wheeler,5,0,Clear,State Highway,Damaged,Dark,Signals,37,34,Expired,Yes,Bridge
Himachal Pradesh,2022,March,Thursday,16:11,Serious,4,Bus,9,3,Clear,Village Road,Damaged,Daylight,Police Checkpost,45,35,Valid,Yes,Straight Road
Rajasthan,2020,June,Thursday,03:25,Serious,4,Truck,6,4,Stormy,State Highway,Wet,Daylight,Signs,43,38,Expired,Yes,Straight Road
Goa,2022,August,Saturday,02:40,Fatal,5,Cycle,12,0,Foggy,Urban Road,Under Construction,Dusk,Signals,71,49,Expired,Yes,Bridge
Haryana,2022,September,Sunday,20:40,Serious,4,Pedestrian,9,4,Rainy,State Highway,Under Construction,Dark,Signals,60,21,None,Yes,Bridge
Rajasthan,2019,August,Friday,07:39,Serious,2,Car,6,2,Clear,State Highway,Dry,Daylight,Signs,67,32,Expired,No,Straight Road
Uttarakhand,2020,January,Wednesday,11:39,Fatal,5,Pedestrian,12,0,Foggy,State Highway,Damaged,Dusk,Signs,70,50,Expired,Yes,Intersection
Goa,2018,February,Monday,09:45,Fatal,4,Truck,12,5,Foggy,Urban Road,Under Construction,Dark,None,110,61,Expired,Yes,Intersection
Chandigarh,2023,January,Saturday,19:53,Minor,3,Cycle,7,2,Clear,Urban Road,Under Construction,Dawn,Police Checkpost,67,42,Expired,No,Curve
Haryana,2022,June,Tuesday,19:09,Serious,1,Pedestrian,4,0,Clear,Urban Road,Damaged,Dusk,None,39,24,None,Yes,Curve
Punjab,2019,September,Monday,04:58,Minor,2,Truck,6,4,Stormy,National Highway,Dry,Dawn,Police Checkpost,43,57,Valid,No,Bridge
Meghalaya,2023,March,Tuesday,08:29,Fatal,5,Truck,9,0,Rainy,State Highway,Damaged,Dawn,Police Checkpost,43,42,None,Yes,Straight Road
Punjab,2018,January,Sunday,05:07,Minor,3,Truck,9,1,Rainy,State Highway,Under Construction,Dark,Signals,62,29,Expired,No,Straight Road
Haryana,2022,August,Tuesday,14:25,Fatal,2,Cycle,12,5,Foggy,National Highway,Wet,Dusk,Signals,110,55,None,Yes,Intersection
Puducherry,2019,May,Tuesday,03:07,Minor,3,Car,12,4,Clear,National Highway,Under Construction,Daylight,Signs,89,47,Expired,No,Straight Road
Tripura,2018,July,Sunday,13:16,Fatal,3,Cycle,11,1,Clear,State Highway,Wet,Daylight,Signs,117,26,Valid,Yes,Straight Road
Manipur,2023,November,Sunday,06:42,Fatal,4,Cycle,10,1,Clear,State Highway,Dry,Dusk,Signs,59,66,Expired,Yes,Intersection
Arunachal Pradesh,2021,July,Sunday,17:03,Fatal,3,Auto-Rickshaw,10,2,Rainy,Urban Road,Dry,Dawn,Signs,112,48,None,Yes,Intersection
Delhi,2020,December,Monday,05:07,Serious,3,Auto-Rickshaw,14,0,Clear,State Highway,Damaged,Dusk,Police Checkpost,103,46,Valid,No,Bridge
Punjab,2018,March,Sunday,04:27,Minor,5,Truck,9,4,Rainy,National Highway,Damaged,Dawn,Signals,32,9,Valid,No,Intersection
Goa,2019,April,Sunday,16:18,Serious,3,Car,11,0,Clear,Village Road,Under Construction,Dawn,Signs,80,33,None,Yes,Bridge
Goa,2018,September,Monday,11:03,Minor,4,Auto-Rickshaw,11,4,Foggy,National Highway,Dry,Dusk,Signals,71,38,Valid,No,Bridge
Jharkhand,2019,December,Sunday,02:32,Fatal,2,Pedestrian,9,3,Clear,Village Road,Under Construction,Dark,Police Checkpost,62,45,None,Yes,Straight Road
Tamil Nadu,2020,October,Friday,09:51,Serious,2,Car,7,3,Rainy,Urban Road,Dry,Daylight,Signals,57,33,Valid,No,Curve
Assam,2020,October,Sunday,23:30,Serious,1,Cycle,12,1,Foggy,State Highway,Under Construction,Daylight,Police Checkpost,119,50,None,Yes,Curve
Kerala,2023,October,Tuesday,07:49,Fatal,1,Bus,10,3,Rainy,Urban Road,Damaged,Dark,Signals,119,28,Expired,Yes,Bridge
Puducherry,2022,June,Monday,03:52,Fatal,2,Cycle,5,0,Clear,State Highway,Dry,Dawn,Police Checkpost,31,58,None,Yes,Curve
Jharkhand,2022,July,Saturday,06:37,Minor,2,Car,13,2,Foggy,National Highway,Under Construction,Dawn,Signs,120,38,Expired,No,Intersection
Mizoram,2018,September,Sunday,02:28,Minor,1,Bus,3,1,Clear,State Highway,Damaged,Dawn,Signals,34,45,None,No,Straight Road
Uttarakhand,2019,November,Tuesday,07:28,Fatal,1,Pedestrian,6,3,Foggy,National Highway,Damaged,Daylight,Signs,85,34,Valid,Yes,Bridge
Manipur,2022,November,Sunday,15:24,Minor,4,Bus,11,5,Rainy,Village Road,Damaged,Dark,None,98,42,None,No,Bridge
Punjab,2019,January,Saturday,08:06,Minor,5,Bus,14,2,Clear,Village Road,Under Construction,Dusk,Police Checkpost,110,55,None,No,Intersection
Puducherry,2019,June,Thursday,01:51,Minor,5,Pedestrian,13,0,Rainy,State Highway,Under Construction,Daylight,Police Checkpost,86,38,Valid,No,Straight Road
Tripura,2021,January,Wednesday,14:53,Minor,4,Bus,13,1,Rainy,Urban Road,Wet,Daylight,Signals,103,59,Expired,No,Intersection
Telangana,2019,June,Saturday,06:17,Fatal,1,Cycle,10,4,Clear,State Highway,Wet,Dark,None,81,49,None,Yes,Curve
Nagaland,2018,September,Thursday,06:57,Minor,3,Truck,12,1,Stormy,Village Road,Wet,Dawn,Signals,98,37,Valid,No,Curve
Bihar,2021,February,Tuesday,16:31,Fatal,5,Pedestrian,14,5,Rainy,Urban Road,Damaged,Daylight,Police Checkpost,93,22,Valid,Yes,Intersection
Kerala,2020,June,Wednesday,20:34,Fatal,2,Auto-Rickshaw,7,5,Clear,National Highway,Wet,Dawn,None,53,38,Expired,Yes,Bridge
Jammu and Kashmir,2023,August,Saturday,19:23,Minor,2,Cycle,13,4,Clear,Village Road,Wet,Dark,Police Checkpost,117,27,None,No,Intersection
Mizoram,2018,February,Thursday,17:39,Serious,5,Truck,15,4,Clear,Urban Road,Wet,Daylight,Signals,112,49,None,Yes,Curve
Uttar Pradesh,2019,March,Sunday,04:07,Minor,2,Cycle,8,3,Foggy,National Highway,Under Construction,Dusk,None,56,35,Valid,No,Straight Road
Andhra Pradesh,2022,March,Sunday,05:09,Serious,4,Auto-Rickshaw,12,5,Clear,National Highway,Under Construction,Daylight,None,92,29,Expired,No,Straight Road
Uttarakhand,2019,July,Wednesday,00:19,Minor,5,Pedestrian,14,4,Clear,National Highway,Wet,Dusk,None,108,25,Expired,No,Bridge
Puducherry,2020,January,Sunday,11:32,Serious,1,Car,6,5,Clear,National Highway,Wet,Dark,None,75,44,Valid,No,Bridge
Delhi,2021,March,Saturday,05:26,Minor,5,Auto-Rickshaw,13,4,Clear,Village Road,Wet,Dusk,Signals,72,44,Valid,No,Curve
Arunachal Pradesh,2023,May,Saturday,01:25,Fatal,4,Cycle,10,1,Clear,National Highway,Under Construction,Daylight,Signs,70,38,None,Yes,Intersection
Uttarakhand,2018,March,Thursday,06:42,Minor,2,Bus,11,4,Clear,State Highway,Wet,Daylight,Signs,79,37,Valid,No,Bridge
Sikkim,2020,February,Wednesday,18:11,Serious,4,Cycle,11,4,Clear,State Highway,Under Construction,Dawn,None,92,46,None,Yes,Bridge
Uttar Pradesh,2018,September,Saturday,04:50,Minor,4,Two-Wheeler,7,5,Foggy,Urban Road,Dry,Dark,Police Checkpost,45,30,None,No,Curve
Uttar Pradesh,2019,July,Monday,09:06,Minor,5,Two-Wheeler,14,0,Rainy,Village Road,Damaged,Dawn,Police Checkpost,111,60,Valid,No,Intersection
Kerala,2021,August,Sunday,13:53,Serious,1,Auto-Rickshaw,11,4,Rainy,National Highway,Under Construction,Dark,Signs,116,50,Expired,Yes,Curve
Meghalaya,2020,March,Tuesday,08:57,Minor,2,Two-Wheeler,6,0,Stormy,State Highway,Dry,Daylight,None,39,44,Valid,No,Intersection
Manipur,2022,November,Sunday,09:38,Serious,4,Truck,11,3,Stormy,Village Road,Wet,Dark,Signs,83,3,Expired,Yes,Straight Road
Sikkim,2023,July,Wednesday,01:07,Minor,4,Cycle,15,3,Clear,National Highway,Wet,Dawn,Police Checkpost,104,51,Expired,No,Straight Road
Punjab,2018,June,Wednesday,05:40,Minor,5,Auto-Rickshaw,11,1,Clear,Village Road,Dry,Dawn,Signs,74,17,Valid,No,Intersection
Tripura,2020,March,Thursday,16:18,Serious,5,Truck,10,0,Stormy,State Highway,Dry,Dusk,Signs,48,46,Expired,Yes,Intersection
Mizoram,2019,September,Friday,04:03,Minor,1,Pedestrian,6,1,Stormy,Urban Road,Dry,Dusk,Signs,37,48,Valid,No,Intersection
Himachal Pradesh,2019,December,Tuesday,16:07,Serious,5,Auto-Rickshaw,11,0,Clear,National Highway,Under Construction,Dawn,Police Checkpost,81,30,Valid,Yes,Curve
Arunachal Pradesh,2020,June,Sunday,21:02,Serious,5,Truck,11,0,Foggy,National Highway,Dry,Dark,Police Checkpost,54,24,Expired,Yes,Bridge
Jammu and Kashmir,2018,January,Tuesday,07:01,Fatal,2,Truck,6,0,Stormy,National Highway,Under Construction,Dawn,Signals,34,48,Valid,Yes,Intersection
Himachal Pradesh,2021,June,Saturday,07:18,Fatal,1,Pedestrian,9,2,Foggy,Urban Road,Dry,Dawn,Police Checkpost,105,31,Expired,Yes,Straight Road
Kerala,2021,September,Sunday,23:19,Minor,4,Car,9,5,Foggy,State Highway,Damaged,Daylight,Signals,73,39,Valid,No,Straight Road
Andhra Pradesh,2020,December,Tuesday,06:33,Serious,4,Bus,15,1,Stormy,State Highway,Under Construction,Daylight,None,115,42,Expired,No,Straight Road
Maharashtra,2018,June,Tuesday,09:20,Serious,5,Pedestrian,10,1,Stormy,National Highway,Under Construction,Dawn,Police Checkpost,40,29,None,Yes,Bridge
Gujarat,2018,November,Thursday,13:07,Minor,4,Two-Wheeler,13,2,Clear,Urban Road,Dry,Dawn,None,107,37,Expired,No,Straight Road
Arunachal Pradesh,2022,June,Tuesday,17:39,Fatal,4,Auto-Rickshaw,15,3,Rainy,Urban Road,Damaged,Dusk,Signals,114,46,Valid,Yes,Bridge
Rajasthan,2018,April,Monday,07:47,Fatal,5,Pedestrian,9,5,Clear,Village Road,Under Construction,Daylight,None,36,29,Valid,Yes,Bridge
Nagaland,2020,April,Sunday,06:03,Minor,4,Two-Wheeler,9,2,Rainy,State Highway,Wet,Dusk,Signs,57,38,Valid,No,Intersection
Manipur,2018,June,Monday,07:50,Fatal,3,Cycle,12,3,Clear,State Highway,Under Construction,Daylight,Signals,98,34,Valid,Yes,Intersection
Gujarat,2020,August,Sunday,02:14,Serious,1,Cycle,3,3,Clear,Village Road,Wet,Dawn,Police Checkpost,41,36,Valid,No,Curve
Rajasthan,2023,November,Thursday,19:26,Fatal,4,Auto-Rickshaw,11,1,Rainy,National Highway,Under Construction,Daylight,Signals,86,47,None,Yes,Intersection
Telangana,2022,January,Sunday,22:08,Serious,3,Auto-Rickshaw,9,0,Stormy,Urban Road,Dry,Dawn,Signals,64,43,Valid,Yes,Bridge
Kerala,2023,January,Thursday,09:54,Serious,3,Cycle,12,1,Clear,Village Road,Damaged,Dark,Signs,113,44,Expired,Yes,Curve
Sikkim,2020,September,Thursday,10:05,Serious,5,Bus,16,4,Clear,Urban Road,Wet,Dawn,Police Checkpost,118,58,Valid,Yes,Intersection
Jharkhand,2021,January,Sunday,07:47,Serious,5,Two-Wheeler,11,4,Stormy,State Highway,Wet,Daylight,Signs,71,42,Valid,No,Straight Road
Punjab,2018,November,Friday,07:52,Serious,4,Pedestrian,8,4,Clear,Urban Road,Damaged,Dusk,Signals,38,27,Valid,No,Curve
Delhi,2018,October,Saturday,09:29,Minor,3,Bus,7,0,Clear,State Highway,Dry,Daylight,None,31,46,Valid,No,Intersection
Jharkhand,2022,April,Wednesday,01:08,Minor,2,Car,11,1,Foggy,State Highway,Under Construction,Dusk,Police Checkpost,95,36,Expired,No,Curve
Haryana,2020,July,Friday,01:31,Fatal,3,Cycle,6,2,Rainy,Urban Road,Wet,Dark,Signals,41,31,Valid,Yes,Straight Road
Kerala,2022,February,Thursday,06:50,Minor,1,Two-Wheeler,10,0,Rainy,State Highway,Damaged,Dawn,Signs,103,52,Valid,No,Bridge
Madhya Pradesh,2021,June,Wednesday,10:57,Fatal,4,Pedestrian,13,4,Foggy,State Highway,Damaged,Dawn,Signals,105,51,None,Yes,Bridge
Jharkhand,2019,December,Wednesday,12:36,Serious,3,Truck,10,2,Rainy,State Highway,Dry,Daylight,None,95,34,Valid,No,Intersection
Chandigarh,2022,May,Tuesday,14:01,Fatal,1,Two-Wheeler,9,1,Clear,National Highway,Wet,Daylight,Police Checkpost,74,47,Expired,Yes,Intersection
Rajasthan,2023,December,Saturday,05:53,Minor,4,Pedestrian,9,1,Clear,National Highway,Under Construction,Dark,Signals,41,44,Expired,No,Bridge
Rajasthan,2020,November,Sunday,05:47,Minor,1,Car,7,2,Clear,Urban Road,Under Construction,Dark,None,86,50,Valid,No,Intersection
Karnataka,2022,February,Sunday,12:49,Minor,1,Bus,5,0,Clear,State Highway,Wet,Dark,Signs,37,43,None,No,Bridge
Delhi,2021,December,Wednesday,05:47,Serious,5,Two-Wheeler,15,0,Foggy,Village Road,Damaged,Dusk,None,103,28,Expired,Yes,Intersection
Gujarat,2020,January,Thursday,13:04,Serious,5,Car,10,1,Clear,State Highway,Dry,Daylight,Signs,48,46,Valid,Yes,Curve
Chandigarh,2018,January,Monday,16:51,Serious,4,Two-Wheeler,14,3,Clear,National Highway,Damaged,Dusk,None,114,43,Expired,Yes,Bridge
Telangana,2022,October,Tuesday,21:56,Serious,5,Bus,9,1,Rainy,State Highway,Under Construction,Dark,Signals,43,50,Expired,No,Straight Road
Kerala,2019,December,Monday,03:10,Fatal,3,Two-Wheeler,10,4,Foggy,Village Road,Wet,Daylight,Signs,82,19,None,Yes,Curve
Maharashtra,2023,October,Tuesday,21:37,Minor,2,Auto-Rickshaw,3,1,Clear,Village Road,Dry,Dark,Signs,32,37,Expired,No,Intersection
Uttar Pradesh,2018,September,Sunday,19:32,Fatal,3,Cycle,12,5,Clear,Village Road,Dry,Dusk,Signs,109,68,Expired,Yes,Curve
Uttar Pradesh,2021,February,Wednesday,14:26,Serious,2,Two-Wheeler,7,1,Stormy,National Highway,Under Construction,Dawn,None,48,24,Valid,Yes,Intersection
Gujarat,2021,June,Tuesday,22:28,Serious,2,Cycle,4,3,Foggy,Village Road,Dry,Dusk,Police Checkpost,41,37,Valid,No,Straight Road
Bihar,2018,December,Tuesday,05:56,Minor,4,Bus,13,1,Rainy,State Highway,Damaged,Dawn,Signals,100,48,Valid,No,Intersection
Tripura,2019,February,Monday,21:18,Fatal,5,Pedestrian,14,5,Foggy,Village Road,Under Construction,Dusk,None,99,23,None,Yes,Bridge
Uttarakhand,2022,March,Friday,19:27,Minor,1,Bus,7,1,Foggy,Urban Road,Damaged,Daylight,Police Checkpost,72,33,Expired,No,Bridge
Manipur,2021,October,Saturday,03:37,Minor,4,Cycle,10,0,Rainy,Village Road,Under Construction,Dawn,Signs,65,25,Valid,No,Bridge
Punjab,2019,April,Sunday,17:59,Minor,1,Auto-Rickshaw,10,1,Foggy,Urban Road,Dry,Dusk,Police Checkpost,110,45,Expired,No,Intersection
Haryana,2018,July,Wednesday,00:13,Minor,1,Car,5,3,Rainy,State Highway,Under Construction,Dawn,Signs,40,72,Valid,No,Straight Road
Rajasthan,2020,May,Sunday,03:20,Minor,2,Two-Wheeler,8,5,Stormy,National Highway,Damaged,Dusk,Signals,59,13,None,No,Intersection
Gujarat,2018,February,Tuesday,17:10,Serious,1,Bus,8,0,Rainy,Urban Road,Under Construction,Dawn,Police Checkpost,75,38,Expired,Yes,Curve
Bihar,2020,March,Monday,18:13,Serious,2,Auto-Rickshaw,10,2,Foggy,Urban Road,Damaged,Dark,Signals,81,25,None,No,Bridge
Odisha,2018,April,Thursday,12:55,Serious,4,Auto-Rickshaw,11,5,Rainy,Village Road,Wet,Dark,Police Checkpost,78,38,None,No,Straight Road
Assam,2019,June,Tuesday,22:00,Minor,2,Pedestrian,8,0,Foggy,Village Road,Wet,Dark,Police Checkpost,68,54,Valid,No,Straight Road
Odisha,2021,March,Monday,23:06,Serious,5,Auto-Rickshaw,10,5,Rainy,State Highway,Dry,Dawn,Signals,48,11,Valid,Yes,Intersection
Punjab,2020,December,Wednesday,05:04,Fatal,4,Two-Wheeler,8,5,Rainy,Village Road,Damaged,Dawn,None,44,47,Expired,Yes,Bridge
Manipur,2020,January,Saturday,03:43,Minor,2,Truck,11,2,Clear,Village Road,Damaged,Daylight,None,116,36,None,No,Straight Road
Jharkhand,2023,August,Tuesday,16:17,Fatal,5,Auto-Rickshaw,13,3,Clear,Village Road,Damaged,Dusk,Signs,77,31,None,Yes,Intersection
Telangana,2019,January,Friday,08:39,Fatal,3,Two-Wheeler,9,4,Stormy,Urban Road,Damaged,Daylight,Signs,54,66,Valid,Yes,Straight Road
Gujarat,2018,June,Saturday,10:36,Minor,4,Auto-Rickshaw,9,5,Foggy,National Highway,Dry,Dark,Police Checkpost,57,30,None,No,Intersection
Andhra Pradesh,2018,May,Saturday,03:28,Serious,1,Two-Wheeler,4,0,Clear,Village Road,Wet,Daylight,None,38,63,None,No,Bridge
Bihar,2021,December,Friday,17:16,Fatal,3,Car,12,0,Foggy,Urban Road,Dry,Dark,Signals,106,59,Valid,Yes,Curve
Tamil Nadu,2020,September,Thursday,07:06,Fatal,1,Bus,8,1,Clear,Urban Road,Wet,Dawn,Signs,81,49,Valid,Yes,Intersection
Manipur,2022,July,Wednesday,20:23,Minor,1,Truck,8,5,Clear,Urban Road,Wet,Daylight,None,50,14,Expired,No,Intersection
Arunachal Pradesh,2018,April,Monday,16:34,Minor,2,Two-Wheeler,9,3,Stormy,State Highway,Damaged,Dawn,Signals,85,16,Expired,No,Intersection
Goa,2019,April,Saturday,13:17,Serious,4,Auto-Rickshaw,11,0,Clear,State Highway,Damaged,Dark,None,99,46,Expired,Yes,Curve
Gujarat,2019,October,Saturday,14:16,Fatal,4,Car,8,0,Rainy,State Highway,Under Construction,Daylight,Signals,33,47,Expired,Yes,Straight Road
Assam,2021,December,Monday,02:30,Fatal,5,Truck,11,2,Clear,Urban Road,Under Construction,Daylight,Signs,85,56,Expired,Yes,Bridge
Rajasthan,2018,December,Thursday,12:21,Serious,2,Car,6,3,Clear,State Highway,Dry,Dark,Signals,43,33,Expired,No,Straight Road
Gujarat,2022,June,Wednesday,05:45,Serious,1,Pedestrian,8,1,Rainy,Village Road,Dry,Daylight,Police Checkpost,82,38,None,Yes,Bridge
Jammu and Kashmir,2021,October,Thursday,06:56,Serious,1,Pedestrian,6,5,Stormy,National Highway,Dry,Daylight,Signs,93,42,Valid,No,Intersection
Manipur,2022,January,Monday,17:34,Minor,2,Cycle,8,3,Clear,Urban Road,Dry,Daylight,None,64,56,None,No,Intersection
Manipur,2019,December,Monday,12:15,Fatal,3,Truck,7,2,Clear,Urban Road,Under Construction,Dusk,Signs,46,34,None,Yes,Intersection
Himachal Pradesh,2021,April,Tuesday,06:00,Serious,4,Auto-Rickshaw,12,2,Clear,Urban Road,Wet,Daylight,None,78,42,Valid,No,Bridge
Jharkhand,2022,June,Thursday,02:00,Minor,3,Bus,8,2,Clear,National Highway,Wet,Dawn,Signs,60,51,Valid,No,Bridge
Delhi,2020,April,Wednesday,03:44,Serious,2,Bus,5,5,Clear,State Highway,Dry,Daylight,Signals,58,33,Valid,Yes,Curve
Meghalaya,2020,December,Wednesday,20:34,Serious,2,Auto-Rickshaw,9,4,Foggy,Village Road,Wet,Dawn,Signals,75,13,Valid,Yes,Curve
Punjab,2022,January,Wednesday,20:34,Minor,3,Bus,5,2,Stormy,State Highway,Dry,Daylight,Police Checkpost,42,33,Expired,No,Intersection
Jharkhand,2019,June,Sunday,23:32,Minor,5,Truck,13,4,Rainy,National Highway,Damaged,Daylight,Police Checkpost,76,21,Expired,No,Intersection
Telangana,2019,September,Wednesday,08:21,Serious,4,Cycle,15,0,Rainy,Village Road,Wet,Dawn,Police Checkpost,113,40,Expired,Yes,Bridge
Telangana,2020,July,Monday,12:31,Fatal,5,Pedestrian,10,5,Foggy,Village Road,Under Construction,Dawn,Signals,69,29,Expired,Yes,Straight Road
Jammu and Kashmir,2021,May,Wednesday,22:43,Minor,4,Bus,8,1,Clear,National Highway,Wet,Dusk,Signals,30,47,Valid,No,Straight Road
Rajasthan,2022,August,Tuesday,04:24,Minor,2,Pedestrian,11,4,Clear,State Highway,Under Construction,Dark,Signs,107,58,Valid,No,Straight Road
Himachal Pradesh,2020,September,Tuesday,16:43,Minor,1,Pedestrian,6,0,Clear,Urban Road,Under Construction,Daylight,Signals,60,53,Expired,No,Curve
Jharkhand,2020,September,Monday,21:52,Fatal,1,Truck,10,1,Foggy,Urban Road,Wet,Daylight,None,119,21,Expired,Yes,Intersection
Himachal Pradesh,2023,September,Tuesday,09:46,Fatal,5,Pedestrian,9,0,Foggy,Village Road,Wet,Daylight,None,43,12,None,Yes,Straight Road
Punjab,2020,June,Tuesday,06:01,Serious,3,Cycle,13,5,Rainy,Village Road,Under Construction,Dawn,Police Checkpost,108,32,Expired,No,Intersection
Delhi,2021,June,Wednesday,17:21,Minor,2,Bus,6,4,Clear,Village Road,Under Construction,Dusk,Police Checkpost,38,27,None,No,Straight Road
Sikkim,2022,December,Thursday,22:34,Serious,3,Auto-Rickshaw,10,0,Rainy,Village Road,Damaged,Daylight,None,87,35,Expired,Yes,Curve
Bihar,2020,February,Saturday,20:55,Serious,1,Truck,5,2,Foggy,Village Road,Damaged,Dusk,Police Checkpost,58,37,Expired,No,Curve
Kerala,2018,March,Wednesday,02:43,Minor,2,Auto-Rickshaw,12,1,Stormy,Urban Road,Damaged,Dusk,Signals,112,44,Expired,No,Curve
Goa,2019,December,Wednesday,14:41,Minor,2,Cycle,10,3,Rainy,State Highway,Dry,Dusk,Signs,92,26,None,No,Straight Road
Karnataka,2020,August,Monday,07:07,Serious,3,Truck,13,1,Foggy,State Highway,Damaged,Daylight,Signs,107,34,None,Yes,Bridge
Goa,2020,February,Monday,01:57,Minor,1,Cycle,10,2,Clear,State Highway,Dry,Dark,Signs,102,56,Valid,No,Bridge
Sikkim,2022,May,Thursday,11:16,Serious,1,Two-Wheeler,6,1,Stormy,National Highway,Damaged,Dark,Signs,66,40,Valid,Yes,Curve
Nagaland,2022,February,Tuesday,06:00,Minor,5,Truck,14,4,Clear,National Highway,Damaged,Dawn,Police Checkpost,87,44,Valid,No,Intersection
Meghalaya,2020,December,Friday,01:35,Serious,1,Car,5,3,Stormy,State Highway,Dry,Dark,None,56,66,None,Yes,Straight Road
Haryana,2022,March,Friday,22:32,Serious,5,Auto-Rickshaw,14,4,Stormy,Urban Road,Damaged,Dawn,None,120,49,Valid,Yes,Intersection
Sikkim,2023,October,Sunday,05:28,Fatal,5,Pedestrian,12,4,Clear,Urban Road,Under Construction,Dawn,Signs,64,50,None,Yes,Bridge
Telangana,2022,September,Tuesday,11:09,Serious,3,Cycle,9,5,Rainy,Village Road,Damaged,Dark,Signals,59,37,Valid,No,Bridge
Manipur,2022,April,Saturday,07:34,Fatal,3,Truck,7,1,Rainy,Village Road,Damaged,Dawn,Signs,59,31,None,Yes,Intersection
Tamil Nadu,2022,April,Sunday,07:32,Fatal,4,Bus,8,4,Clear,Urban Road,Under Construction,Dark,Signs,34,42,Expired,Yes,Intersection
Punjab,2021,July,Thursday,15:42,Minor,4,Two-Wheeler,13,2,Foggy,Urban Road,Wet,Dawn,Police Checkpost,88,39,Expired,No,Straight Road
Jharkhand,2019,March,Wednesday,03:58,Minor,4,Truck,15,2,Clear,Urban Road,Under Construction,Dawn,Signs,106,25,Expired,No,Straight Road
Mizoram,2020,January,Thursday,13:35,Fatal,5,Pedestrian,17,2,Clear,Urban Road,Under Construction,Dusk,Signals,115,49,None,Yes,Curve
Kerala,2023,May,Wednesday,17:30,Serious,1,Two-Wheeler,7,3,Rainy,Urban Road,Dry,Dark,Signs,89,58,Expired,Yes,Straight Road
Sikkim,2021,December,Sunday,19:59,Minor,5,Truck,12,4,Stormy,Urban Road,Wet,Daylight,Signals,69,66,None,No,Intersection
Puducherry,2023,October,Thursday,05:08,Serious,3,Bus,15,1,Stormy,National Highway,Damaged,Daylight,Police Checkpost,119,46,Valid,No,Bridge
Manipur,2023,August,Sunday,08:51,Fatal,4,Truck,13,0,Stormy,Village Road,Damaged,Dark,Signals,102,46,Valid,Yes,Curve
Punjab,2020,July,Wednesday,10:22,Minor,1,Cycle,10,0,Clear,National Highway,Under Construction,Dawn,Police Checkpost,101,16,Expired,No,Bridge
Madhya Pradesh,2018,April,Saturday,14:41,Serious,1,Truck,8,1,Stormy,Village Road,Wet,Dusk,Signals,80,14,Valid,Yes,Intersection
Himachal Pradesh,2022,October,Monday,01:45,Minor,2,Bus,10,2,Clear,National Highway,Damaged,Dark,Signs,94,62,Expired,No,Intersection
Gujarat,2020,October,Sunday,14:17,Serious,1,Pedestrian,5,4,Clear,State Highway,Damaged,Daylight,None,55,23,Expired,Yes,Bridge
Goa,2020,April,Tuesday,12:19,Minor,5,Car,12,4,Foggy,National Highway,Under Construction,Dawn,Signals,73,41,Expired,No,Curve
Karnataka,2021,October,Sunday,02:31,Fatal,1,Two-Wheeler,7,2,Stormy,Village Road,Under Construction,Dark,Signs,67,25,Valid,Yes,Straight Road
Telangana,2019,July,Friday,21:14,Fatal,1,Truck,7,1,Rainy,Urban Road,Wet,Dark,Police Checkpost,72,31,Valid,Yes,Intersection
Rajasthan,2021,March,Monday,15:23,Fatal,2,Cycle,9,0,Foggy,Urban Road,Damaged,Dusk,Police Checkpost,114,40,Valid,Yes,Intersection
Arunachal Pradesh,2018,September,Tuesday,15:01,Serious,5,Bus,9,1,Stormy,Urban Road,Wet,Dusk,Police Checkpost,37,56,None,Yes,Straight Road
Meghalaya,2018,December,Wednesday,16:28,Fatal,1,Car,7,0,Clear,Village Road,Dry,Daylight,Signals,73,50,Expired,Yes,Intersection
Himachal Pradesh,2020,July,Monday,13:46,Fatal,3,Bus,12,1,Stormy,Urban Road,Dry,Dusk,Signals,100,57,None,Yes,Bridge
Jammu and Kashmir,2023,April,Sunday,18:27,Serious,1,Bus,3,1,Clear,National Highway,Under Construction,Dawn,None,32,36,Expired,Yes,Bridge
Chhattisgarh,2020,January,Saturday,03:52,Minor,5,Pedestrian,8,4,Rainy,State Highway,Under Construction,Dark,Police Checkpost,38,34,None,No,Bridge
Delhi,2022,January,Wednesday,22:53,Minor,1,Truck,11,5,Clear,Village Road,Dry,Dusk,None,104,27,Expired,No,Straight Road
Puducherry,2019,April,Sunday,10:56,Serious,4,Bus,13,2,Clear,State Highway,Wet,Dark,Police Checkpost,96,29,None,No,Curve
Delhi,2019,November,Friday,00:37,Fatal,5,Auto-Rickshaw,13,1,Clear,National Highway,Under Construction,Daylight,Signs,91,31,Valid,Yes,Straight Road
Jharkhand,2020,December,Tuesday,14:03,Fatal,3,Car,9,3,Rainy,State Highway,Under Construction,Daylight,Signs,63,39,Valid,Yes,Intersection
Delhi,2019,June,Wednesday,15:46,Fatal,3,Bus,13,5,Rainy,State Highway,Dry,Dusk,Signals,118,33,Valid,Yes,Curve
Andhra Pradesh,2019,October,Thursday,20:34,Fatal,3,Car,8,5,Stormy,Urban Road,Under Construction,Daylight,Police Checkpost,55,47,Valid,Yes,Bridge
Punjab,2020,September,Wednesday,00:37,Minor,3,Bus,12,5,Rainy,Urban Road,Damaged,Dark,Police Checkpost,90,38,Expired,No,Curve
Sikkim,2020,January,Thursday,21:32,Fatal,3,Auto-Rickshaw,8,1,Foggy,Urban Road,Wet,Dawn,Signals,75,49,None,Yes,Straight Road
Rajasthan,2018,January,Monday,19:53,Fatal,3,Two-Wheeler,10,3,Clear,Village Road,Dry,Daylight,None,95,36,Valid,Yes,Straight Road
Uttar Pradesh,2022,December,Monday,12:29,Fatal,2,Truck,12,4,Clear,Village Road,Wet,Dusk,Police Checkpost,117,36,None,Yes,Straight Road
Chhattisgarh,2019,December,Wednesday,01:03,Minor,4,Auto-Rickshaw,12,0,Stormy,National Highway,Wet,Dark,Police Checkpost,77,28,None,No,Straight Road
Uttar Pradesh,2021,October,Saturday,03:39,Fatal,3,Pedestrian,9,0,Clear,National Highway,Dry,Dawn,Signs,75,42,None,Yes,Curve
Telangana,2019,April,Saturday,00:14,Minor,4,Cycle,13,1,Stormy,Urban Road,Damaged,Dusk,Police Checkpost,95,30,Valid,No,Intersection
Mizoram,2019,September,Saturday,10:10,Minor,4,Auto-Rickshaw,8,1,Clear,Urban Road,Under Construction,Dark,None,57,48,Expired,No,Intersection
Jharkhand,2020,July,Wednesday,16:37,Minor,1,Cycle,7,0,Clear,Urban Road,Wet,Dawn,Signals,87,49,None,No,Intersection
Karnataka,2022,February,Wednesday,00:25,Fatal,1,Cycle,7,5,Rainy,National Highway,Under Construction,Dusk,None,72,46,Expired,Yes,Straight Road
Meghalaya,2021,February,Wednesday,04:22,Minor,5,Truck,11,2,Clear,Village Road,Wet,Dark,Signs,70,28,Valid,No,Straight Road
Chandigarh,2019,November,Thursday,10:51,Fatal,2,Cycle,6,4,Foggy,Urban Road,Damaged,Dusk,None,39,15,None,Yes,Straight Road
Uttarakhand,2022,July,Monday,13:15,Fatal,2,Truck,10,2,Clear,Village Road,Dry,Dusk,Signals,98,20,Expired,Yes,Intersection
Tripura,2020,October,Thursday,03:11,Serious,1,Truck,10,5,Clear,Village Road,Under Construction,Daylight,Signs,119,60,None,No,Intersection
Sikkim,2019,November,Thursday,08:01,Fatal,3,Auto-Rickshaw,10,5,Foggy,Village Road,Damaged,Daylight,Signals,68,49,Valid,Yes,Intersection
Odisha,2023,August,Thursday,08:19,Fatal,2,Two-Wheeler,13,1,Foggy,Village Road,Damaged,Daylight,None,112,45,Expired,Yes,Curve
Odisha,2020,November,Wednesday,05:40,Minor,2,Car,7,5,Clear,Urban Road,Under Construction,Dark,Police Checkpost,77,17,None,No,Intersection
Haryana,2020,April,Sunday,13:29,Fatal,3,Cycle,7,5,Rainy,Urban Road,Dry,Dusk,Signals,36,22,None,Yes,Intersection
Jharkhand,2019,May,Monday,22:18,Fatal,5,Pedestrian,14,5,Rainy,National Highway,Under Construction,Dark,Signals,80,37,None,Yes,Bridge
Goa,2019,July,Thursday,10:00,Minor,3,Two-Wheeler,13,4,Rainy,Village Road,Damaged,Dusk,Police Checkpost,80,43,None,No,Intersection
Rajasthan,2019,March,Saturday,15:53,Serious,1,Cycle,7,0,Rainy,Village Road,Dry,Dawn,Signals,53,35,Valid,No,Bridge
Rajasthan,2020,October,Tuesday,21:01,Serious,3,Auto-Rickshaw,6,1,Foggy,National Highway,Under Construction,Dark,None,31,24,Valid,No,Straight Road
Manipur,2021,April,Thursday,05:32,Minor,2,Car,9,0,Rainy,Urban Road,Dry,Daylight,Signals,74,25,Expired,No,Intersection
Rajasthan,2021,July,Sunday,09:58,Minor,1,Two-Wheeler,12,5,Clear,Village Road,Wet,Dawn,None,107,49,Valid,No,Curve
Puducherry,2018,January,Thursday,21:50,Fatal,3,Auto-Rickshaw,12,3,Clear,National Highway,Under Construction,Dusk,Police Checkpost,95,53,Expired,Yes,Curve
Andhra Pradesh,2019,December,Wednesday,13:08,Serious,1,Truck,8,1,Foggy,Village Road,Damaged,Dusk,None,81,51,Valid,Yes,Straight Road
Chandigarh,2019,November,Sunday,19:43,Fatal,1,Car,6,3,Foggy,State Highway,Dry,Dusk,Signals,56,39,None,Yes,Bridge
Punjab,2020,February,Saturday,13:28,Minor,2,Two-Wheeler,8,4,Rainy,Village Road,Dry,Daylight,Signals,62,42,Valid,No,Straight Road
Kerala,2022,July,Thursday,07:31,Fatal,1,Cycle,4,1,Rainy,Village Road,Dry,Dusk,Signals,43,37,Expired,Yes,Curve
Tripura,2022,September,Wednesday,12:07,Fatal,1,Truck,10,2,Stormy,Urban Road,Damaged,Daylight,Police Checkpost,117,17,Expired,Yes,Curve
Delhi,2022,March,Tuesday,23:47,Fatal,4,Pedestrian,7,0,Clear,Urban Road,Dry,Dusk,None,45,48,Expired,Yes,Straight Road
Chhattisgarh,2021,February,Sunday,09:52,Minor,2,Cycle,13,3,Rainy,National Highway,Wet,Dark,Signs,119,50,Expired,No,Straight Road
Kerala,2023,September,Friday,20:48,Fatal,5,Truck,11,0,Clear,State Highway,Wet,Daylight,Police Checkpost,34,53,Valid,Yes,Straight Road
Maharashtra,2018,June,Saturday,21:29,Serious,2,Cycle,10,5,Clear,State Highway,Wet,Dark,Police Checkpost,85,48,Valid,No,Bridge
Tripura,2022,June,Sunday,08:53,Fatal,2,Two-Wheeler,13,5,Clear,State Highway,Wet,Dawn,Signals,111,30,Valid,Yes,Bridge
Andhra Pradesh,2020,March,Sunday,06:45,Minor,4,Truck,13,2,Clear,National Highway,Wet,Daylight,Signals,88,19,Expired,No,Straight Road
Nagaland,2023,December,Monday,10:23,Minor,3,Pedestrian,13,5,Foggy,Urban Road,Under Construction,Dawn,Police Checkpost,89,57,Valid,No,Intersection
Arunachal Pradesh,2018,May,Monday,09:09,Fatal,1,Two-Wheeler,5,2,Clear,National Highway,Under Construction,Dusk,Police Checkpost,37,31,Valid,Yes,Straight Road
Goa,2021,April,Friday,12:01,Fatal,5,Truck,14,3,Rainy,State Highway,Wet,Dusk,Police Checkpost,84,51,None,Yes,Curve
Rajasthan,2018,September,Thursday,00:09,Serious,1,Two-Wheeler,6,2,Rainy,State Highway,Under Construction,Dusk,Signals,46,26,Valid,Yes,Intersection
Meghalaya,2019,April,Wednesday,19:54,Minor,4,Bus,13,5,Rainy,State Highway,Damaged,Dusk,Signs,92,25,Valid,No,Curve
Jammu and Kashmir,2022,August,Thursday,17:38,Minor,5,Cycle,10,5,Snowy,National Highway,Dry,Dusk,Signals,48,63,None,No,Curve
Gujarat,2019,November,Friday,13:48,Minor,4,Car,13,4,Foggy,Village Road,Wet,Dawn,Police Checkpost,90,22,None,No,Curve
West Bengal,2020,November,Monday,10:08,Minor,2,Pedestrian,9,3,Clear,Urban Road,Dry,Daylight,Signs,94,37,None,No,Curve
Meghalaya,2019,May,Tuesday,05:37,Serious,4,Bus,8,5,Foggy,National Highway,Damaged,Daylight,Police Checkpost,42,53,None,Yes,Intersection
Nagaland,2021,September,Friday,16:00,Fatal,5,Two-Wheeler,10,5,Stormy,National Highway,Wet,Daylight,Police Checkpost,41,28,Valid,Yes,Intersection
Jharkhand,2019,June,Saturday,10:41,Serious,4,Pedestrian,11,5,Clear,Village Road,Dry,Dusk,Signs,72,40,Valid,No,Curve
Jharkhand,2018,February,Wednesday,21:18,Fatal,3,Pedestrian,12,1,Stormy,National Highway,Wet,Dawn,Signals,109,40,Expired,Yes,Straight Road
Nagaland,2020,September,Friday,12:50,Fatal,1,Two-Wheeler,4,0,Clear,National Highway,Dry,Dawn,Signs,44,38,Valid,Yes,Straight Road
Puducherry,2023,September,Friday,02:05,Minor,4,Pedestrian,8,2,Foggy,Village Road,Wet,Dawn,Police Checkpost,30,31,Expired,No,Intersection
Jammu and Kashmir,2022,December,Saturday,11:40,Minor,4,Pedestrian,12,5,Rainy,Village Road,Damaged,Dark,Police Checkpost,106,24,None,No,Bridge
Delhi,2023,July,Tuesday,09:22,Fatal,4,Cycle,13,1,Foggy,State Highway,Wet,Daylight,Signs,100,32,Expired,Yes,Straight Road
Sikkim,2020,October,Wednesday,11:59,Minor,2,Truck,5,5,Foggy,State Highway,Dry,Daylight,Signals,32,24,Valid,No,Bridge
Kerala,2022,October,Sunday,10:57,Serious,3,Cycle,7,2,Foggy,Urban Road,Under Construction,Dark,Signals,69,38,Valid,Yes,Straight Road
Puducherry,2018,June,Friday,00:02,Minor,4,Two-Wheeler,9,4,Clear,Village Road,Under Construction,Dark,None,39,42,None,No,Straight Road
Telangana,2018,October,Monday,10:13,Serious,1,Two-Wheeler,8,3,Rainy,State Highway,Damaged,Dusk,Police Checkpost,84,46,Valid,Yes,Bridge
Assam,2023,March,Saturday,02:18,Serious,5,Car,12,4,Rainy,State Highway,Under Construction,Dark,Signs,57,38,None,No,Straight Road
Manipur,2023,December,Monday,08:06,Fatal,4,Cycle,11,5,Foggy,State Highway,Wet,Dark,Signals,86,22,Valid,Yes,Straight Road
Puducherry,2021,September,Wednesday,21:07,Fatal,3,Cycle,11,1,Foggy,Urban Road,Damaged,Dawn,None,72,65,None,Yes,Curve
West Bengal,2021,December,Friday,07:28,Minor,5,Truck,9,1,Stormy,State Highway,Wet,Dark,Police Checkpost,45,40,None,No,Straight Road
Puducherry,2020,January,Monday,10:22,Serious,4,Cycle,11,4,Foggy,State Highway,Damaged,Daylight,None,70,44,Valid,Yes,Intersection
Arunachal Pradesh,2020,March,Wednesday,17:30,Minor,1,Auto-Rickshaw,4,4,Clear,Village Road,Damaged,Dark,Police Checkpost,55,28,Valid,No,Bridge
Haryana,2019,November,Saturday,23:41,Serious,2,Auto-Rickshaw,8,5,Clear,State Highway,Wet,Dawn,Signs,47,49,Valid,Yes,Intersection
Uttarakhand,2019,June,Monday,02:45,Fatal,4,Two-Wheeler,11,0,Rainy,State Highway,Damaged,Daylight,Police Checkpost,76,43,None,Yes,Curve
Tripura,2019,September,Sunday,18:10,Fatal,3,Car,12,2,Stormy,State Highway,Under Construction,Daylight,Signals,115,36,Expired,Yes,Curve
Madhya Pradesh,2020,December,Tuesday,12:44,Minor,4,Cycle,7,5,Foggy,State Highway,Wet,Dark,None,34,72,Expired,No,Bridge
Madhya Pradesh,2022,June,Wednesday,15:53,Fatal,5,Two-Wheeler,13,1,Clear,Village Road,Damaged,Dark,Signals,92,33,Expired,Yes,Straight Road
Nagaland,2023,July,Saturday,02:34,Fatal,4,Car,11,0,Rainy,Urban Road,Dry,Dawn,Police Checkpost,78,33,Valid,Yes,Intersection
Puducherry,2020,April,Saturday,00:40,Minor,3,Two-Wheeler,9,2,Rainy,Village Road,Under Construction,Daylight,None,82,27,None,No,Bridge
Madhya Pradesh,2018,April,Monday,01:57,Fatal,1,Auto-Rickshaw,10,1,Clear,Village Road,Under Construction,Dawn,None,97,62,Expired,Yes,Intersection
Telangana,2021,October,Saturday,06:59,Minor,4,Truck,7,3,Rainy,Urban Road,Wet,Dawn,Signals,60,28,Expired,No,Bridge
Sikkim,2023,April,Sunday,23:32,Fatal,3,Car,13,4,Clear,State Highway,Under Construction,Dawn,Signals,118,38,Valid,Yes,Bridge
Mizoram,2022,April,Wednesday,12:57,Serious,1,Auto-Rickshaw,5,0,Clear,State Highway,Damaged,Dawn,Signals,54,35,Expired,No,Curve
Maharashtra,2018,July,Saturday,08:57,Serious,3,Car,5,4,Stormy,National Highway,Damaged,Dawn,Signals,42,31,Expired,No,Bridge
Nagaland,2022,September,Tuesday,22:21,Fatal,2,Truck,12,0,Clear,National Highway,Under Construction,Dusk,Police Checkpost,109,59,Valid,Yes,Curve
Chandigarh,2018,June,Tuesday,11:30,Fatal,5,Cycle,9,2,Rainy,Urban Road,Damaged,Dawn,Police Checkpost,32,40,Valid,Yes,Curve
Telangana,2021,April,Thursday,05:49,Minor,4,Pedestrian,10,5,Foggy,State Highway,Dry,Daylight,Police Checkpost,77,45,None,No,Bridge
Tripura,2023,December,Monday,22:35,Fatal,1,Bus,9,1,Clear,State Highway,Under Construction,Dark,None,80,57,None,Yes,Bridge
Chandigarh,2020,August,Thursday,00:11,Fatal,5,Truck,16,4,Rainy,Urban Road,Under Construction,Dawn,None,116,29,None,Yes,Bridge
Chhattisgarh,2019,May,Friday,07:19,Serious,5,Truck,10,4,Rainy,Urban Road,Under Construction,Dusk,None,35,57,Valid,Yes,Intersection
Punjab,2019,November,Wednesday,09:56,Fatal,5,Cycle,12,0,Clear,State Highway,Under Construction,Dusk,Signs,97,45,Valid,Yes,Intersection
Madhya Pradesh,2019,November,Thursday,10:00,Serious,1,Auto-Rickshaw,8,5,Clear,Village Road,Dry,Dark,Police Checkpost,100,35,Expired,Yes,Curve
Puducherry,2018,July,Tuesday,13:41,Serious,5,Car,11,1,Stormy,Village Road,Damaged,Dawn,Police Checkpost,49,46,None,No,Curve
Gujarat,2022,July,Sunday,02:41,Minor,3,Auto-Rickshaw,9,0,Clear,Urban Road,Wet,Daylight,None,46,59,Valid,No,Bridge
West Bengal,2018,December,Sunday,19:34,Serious,5,Auto-Rickshaw,15,0,Clear,Urban Road,Dry,Dark,None,106,23,Expired,Yes,Bridge
Telangana,2021,March,Saturday,10:31,Minor,1,Pedestrian,3,0,Foggy,Village Road,Damaged,Dusk,Signals,41,61,None,No,Bridge
Bihar,2023,November,Monday,14:02,Minor,3,Cycle,14,2,Stormy,National Highway,Dry,Dark,Signs,104,27,Valid,No,Straight Road
Sikkim,2020,March,Sunday,06:42,Serious,5,Two-Wheeler,9,2,Rainy,Village Road,Dry,Dusk,Police Checkpost,50,21,Valid,Yes,Bridge
Rajasthan,2022,April,Friday,22:03,Fatal,4,Car,8,5,Foggy,State Highway,Under Construction,Dark,None,37,39,Valid,Yes,Straight Road
Nagaland,2018,May,Saturday,02:24,Minor,1,Auto-Rickshaw,8,4,Clear,Urban Road,Under Construction,Daylight,Police Checkpost,88,20,Expired,No,Curve
Arunachal Pradesh,2019,October,Tuesday,19:51,Serious,4,Car,11,3,Clear,State Highway,Damaged,Daylight,None,90,36,Valid,Yes,Straight Road
Kerala,2020,October,Saturday,00:47,Minor,1,Cycle,9,5,Stormy,Village Road,Wet,Daylight,Signals,108,38,None,No,Bridge
Tripura,2023,January,Sunday,09:09,Serious,1,Cycle,8,2,Clear,National Highway,Wet,Dusk,Signals,79,30,Expired,Yes,Straight Road
Telangana,2022,May,Thursday,04:55,Serious,5,Two-Wheeler,11,0,Clear,Village Road,Damaged,Dark,Signs,64,30,Valid,Yes,Bridge
Sikkim,2021,November,Thursday,00:26,Serious,5,Auto-Rickshaw,14,2,Clear,Urban Road,Damaged,Daylight,Police Checkpost,96,48,Valid,Yes,Straight Road
Haryana,2023,July,Friday,17:35,Minor,5,Two-Wheeler,10,1,Rainy,Village Road,Wet,Dawn,Signs,45,53,Expired,No,Intersection
Gujarat,2021,March,Sunday,19:43,Fatal,2,Cycle,7,4,Rainy,National Highway,Under Construction,Daylight,Signals,52,8,Valid,Yes,Straight Road
Sikkim,2022,October,Sunday,03:01,Minor,2,Car,11,4,Clear,Urban Road,Damaged,Daylight,Police Checkpost,107,47,Expired,No,Intersection
Nagaland,2018,October,Saturday,14:07,Fatal,5,Truck,12,5,Rainy,Urban Road,Wet,Dark,Police Checkpost,62,21,Valid,Yes,Intersection
Gujarat,2021,October,Tuesday,02:46,Minor,1,Auto-Rickshaw,3,4,Foggy,Village Road,Damaged,Dark,None,33,26,Valid,No,Curve
Haryana,2023,September,Thursday,16:51,Minor,1,Truck,8,0,Clear,National Highway,Under Construction,Dawn,Police Checkpost,96,35,Valid,No,Straight Road
Maharashtra,2023,March,Tuesday,11:29,Fatal,2,Bus,4,3,Stormy,State Highway,Under Construction,Daylight,Signs,30,33,Expired,Yes,Curve
Sikkim,2021,November,Monday,05:22,Fatal,2,Pedestrian,8,2,Clear,National Highway,Wet,Dark,Signs,63,43,Valid,Yes,Bridge
Madhya Pradesh,2018,November,Tuesday,07:47,Minor,3,Truck,11,3,Rainy,Village Road,Dry,Dark,Signs,109,48,None,No,Intersection
Kerala,2019,November,Friday,15:44,Minor,3,Cycle,6,0,Clear,State Highway,Damaged,Dawn,Signals,47,50,Expired,No,Bridge
West Bengal,2021,April,Friday,04:04,Minor,2,Two-Wheeler,8,2,Clear,Urban Road,Dry,Dark,None,36,37,Expired,No,Curve
Karnataka,2019,September,Thursday,16:40,Fatal,5,Pedestrian,14,4,Clear,Village Road,Wet,Dark,Signs,117,41,None,Yes,Straight Road
Nagaland,2019,September,Sunday,10:32,Minor,2,Pedestrian,9,4,Clear,Village Road,Under Construction,Dawn,Police Checkpost,86,43,Valid,No,Straight Road
Jammu and Kashmir,2020,December,Sunday,22:39,Serious,3,Bus,8,5,Clear,National Highway,Under Construction,Dark,None,51,25,Expired,Yes,Bridge
Mizoram,2021,August,Sunday,21:33,Minor,1,Cycle,9,0,Rainy,State Highway,Damaged,Dusk,Signals,86,35,Expired,No,Curve
Rajasthan,2021,June,Wednesday,08:32,Serious,4,Two-Wheeler,13,2,Clear,Urban Road,Damaged,Dawn,None,105,33,Valid,Yes,Curve
Haryana,2020,September,Friday,06:33,Serious,4,Auto-Rickshaw,10,1,Rainy,Village Road,Wet,Daylight,Signals,56,37,Expired,Yes,Intersection
West Bengal,2022,January,Wednesday,01:43,Minor,1,Truck,8,5,Foggy,Village Road,Wet,Dusk,Signals,95,51,None,No,Bridge
Assam,2021,October,Saturday,06:52,Fatal,1,Truck,5,5,Clear,Urban Road,Damaged,Dusk,Signs,37,34,None,Yes,Bridge
Uttar Pradesh,2020,March,Friday,12:31,Fatal,5,Cycle,14,2,Foggy,Village Road,Damaged,Dusk,Signals,108,34,Expired,Yes,Straight Road
Bihar,2018,April,Thursday,20:43,Serious,5,Auto-Rickshaw,9,5,Clear,State Highway,Wet,Dark,Police Checkpost,55,38,Valid,Yes,Intersection
Mizoram,2023,October,Saturday,17:58,Minor,3,Car,13,1,Foggy,State Highway,Wet,Dusk,None,117,20,None,No,Intersection
Himachal Pradesh,2018,November,Sunday,07:05,Minor,3,Truck,14,0,Rainy,State Highway,Wet,Dusk,Signals,109,61,None,No,Straight Road
Tamil Nadu,2021,May,Wednesday,21:47,Serious,4,Bus,8,1,Clear,National Highway,Damaged,Dawn,Signals,40,30,Expired,No,Intersection
Goa,2022,October,Tuesday,20:31,Fatal,5,Truck,15,0,Rainy,State Highway,Under Construction,Daylight,Signals,94,31,None,Yes,Intersection
Goa,2020,November,Wednesday,17:25,Minor,1,Two-Wheeler,6,3,Stormy,State Highway,Under Construction,Dusk,Police Checkpost,55,49,Valid,No,Intersection
Puducherry,2023,September,Thursday,05:38,Fatal,1,Auto-Rickshaw,4,0,Rainy,State Highway,Damaged,Daylight,Signals,52,49,Expired,Yes,Intersection
Tamil Nadu,2023,December,Monday,01:56,Serious,1,Bus,7,5,Rainy,State Highway,Damaged,Dusk,Signals,87,49,Expired,No,Intersection
Tamil Nadu,2019,September,Thursday,22:05,Fatal,3,Bus,8,5,Stormy,Village Road,Under Construction,Dusk,Signals,51,34,None,Yes,Intersection
Nagaland,2020,June,Wednesday,17:09,Minor,5,Cycle,8,2,Stormy,Urban Road,Dry,Daylight,Police Checkpost,54,37,None,No,Intersection
Punjab,2019,September,Wednesday,01:43,Fatal,2,Two-Wheeler,9,0,Clear,Urban Road,Wet,Daylight,None,87,32,Valid,Yes,Straight Road
Uttarakhand,2022,September,Saturday,21:34,Minor,2,Truck,9,0,Clear,Village Road,Damaged,Dark,Police Checkpost,71,43,None,No,Curve
Tamil Nadu,2023,September,Wednesday,00:21,Minor,5,Bus,12,3,Stormy,State Highway,Dry,Dark,Signals,62,26,Valid,No,Intersection
Sikkim,2019,June,Sunday,17:00,Serious,5,Car,15,5,Rainy,National Highway,Damaged,Dark,Signals,118,54,None,Yes,Bridge
Punjab,2021,April,Friday,15:48,Minor,4,Pedestrian,12,0,Rainy,National Highway,Damaged,Dusk,Signs,79,59,Expired,No,Curve
Assam,2018,February,Saturday,20:02,Fatal,4,Bus,10,3,Clear,Urban Road,Under Construction,Dawn,Police Checkpost,59,33,None,Yes,Bridge
Punjab,2019,May,Friday,19:05,Serious,5,Two-Wheeler,12,5,Stormy,State Highway,Wet,Dawn,Signals,80,38,Valid,Yes,Intersection
Himachal Pradesh,2020,May,Friday,18:56,Minor,5,Car,7,1,Clear,State Highway,Wet,Dawn,Signals,33,29,Valid,No,Intersection
Meghalaya,2023,November,Wednesday,01:34,Serious,5,Truck,12,1,Foggy,Urban Road,Under Construction,Dawn,Signals,81,53,None,Yes,Bridge
Himachal Pradesh,2021,May,Tuesday,00:37,Minor,2,Car,7,0,Clear,Village Road,Dry,Dark,None,64,57,None,No,Straight Road
Jammu and Kashmir,2018,May,Saturday,15:16,Minor,5,Two-Wheeler,15,3,Snowy,National Highway,Dry,Daylight,Police Checkpost,83,29,Expired,No,Intersection
Delhi,2018,November,Wednesday,10:45,Fatal,1,Truck,10,3,Clear,Urban Road,Under Construction,Daylight,Signals,105,23,Valid,Yes,Bridge
Goa,2023,March,Thursday,13:47,Minor,5,Truck,11,2,Stormy,National Highway,Wet,Dusk,Signals,75,61,None,No,Straight Road
Puducherry,2020,February,Wednesday,18:48,Fatal,1,Car,10,0,Foggy,Urban Road,Wet,Dark,Police Checkpost,106,44,Expired,Yes,Bridge
Jammu and Kashmir,2019,November,Sunday,00:51,Fatal,2,Auto-Rickshaw,7,2,Rainy,Village Road,Dry,Dawn,None,50,50,Expired,Yes,Straight Road
Arunachal Pradesh,2021,December,Wednesday,09:40,Minor,4,Auto-Rickshaw,9,0,Clear,Village Road,Dry,Dark,None,51,42,Expired,No,Intersection
Karnataka,2019,July,Friday,22:19,Fatal,2,Truck,8,2,Foggy,National Highway,Under Construction,Daylight,Signals,72,57,Valid,Yes,Bridge
Goa,2022,May,Wednesday,06:36,Minor,4,Bus,11,0,Clear,National Highway,Dry,Dark,Signs,91,51,None,No,Straight Road
Delhi,2023,March,Tuesday,22:57,Fatal,2,Bus,7,1,Rainy,State Highway,Damaged,Dark,None,65,38,Valid,Yes,Bridge
Chhattisgarh,2022,October,Friday,00:30,Minor,5,Cycle,12,5,Foggy,National Highway,Under Construction,Dawn,Police Checkpost,55,41,Expired,No,Curve
Haryana,2019,December,Sunday,23:51,Serious,2,Auto-Rickshaw,5,2,Rainy,Village Road,Dry,Dawn,Police Checkpost,53,20,Valid,No,Curve
Haryana,2019,January,Friday,15:02,Fatal,3,Two-Wheeler,5,1,Foggy,Village Road,Under Construction,Daylight,Signals,40,6,Valid,Yes,Straight Road
Assam,2023,February,Saturday,19:28,Minor,4,Car,13,4,Rainy,National Highway,Damaged,Dusk,None,115,37,Valid,No,Intersection
Madhya Pradesh,2023,June,Friday,15:24,Minor,2,Pedestrian,11,2,Clear,National Highway,Under Construction,Dawn,Signals,110,48,None,No,Straight Road
Meghalaya,2022,August,Thursday,11:47,Fatal,4,Cycle,14,0,Foggy,National Highway,Damaged,Dark,None,107,30,Expired,Yes,Straight Road
Chandigarh,2022,March,Thursday,16:43,Minor,2,Auto-Rickshaw,12,5,Clear,National Highway,Damaged,Dusk,Signs,95,65,Expired,No,Straight Road
Rajasthan,2020,May,Monday,22:59,Serious,1,Pedestrian,12,1,Clear,National Highway,Dry,Daylight,Signals,111,37,Valid,Yes,Straight Road
Punjab,2021,February,Wednesday,11:35,Serious,4,Auto-Rickshaw,12,0,Rainy,State Highway,Damaged,Dark,None,79,30,Valid,No,Curve
Assam,2020,October,Monday,04:48,Serious,4,Cycle,14,1,Rainy,Village Road,Under Construction,Daylight,Police Checkpost,113,40,Valid,Yes,Bridge
Telangana,2022,June,Friday,17:52,Fatal,4,Pedestrian,13,5,Clear,National Highway,Damaged,Daylight,None,101,67,Valid,Yes,Bridge
Uttarakhand,2022,November,Wednesday,15:48,Fatal,1,Cycle,9,0,Clear,State Highway,Damaged,Daylight,Signals,90,38,None,Yes,Curve
Karnataka,2021,March,Wednesday,03:38,Serious,3,Car,11,4,Rainy,Village Road,Damaged,Dusk,Police Checkpost,86,44,Expired,Yes,Bridge
Delhi,2018,November,Wednesday,09:22,Fatal,4,Cycle,11,4,Stormy,Village Road,Dry,Dawn,Signals,79,57,Valid,Yes,Curve
Maharashtra,2018,November,Tuesday,00:40,Serious,4,Auto-Rickshaw,13,0,Clear,Village Road,Wet,Dusk,Police Checkpost,113,42,Valid,Yes,Intersection
Uttarakhand,2018,October,Wednesday,23:54,Serious,5,Auto-Rickshaw,12,2,Rainy,Village Road,Dry,Daylight,Signals,62,45,Expired,No,Straight Road
Himachal Pradesh,2023,October,Sunday,07:45,Minor,2,Auto-Rickshaw,7,3,Clear,State Highway,Wet,Dawn,Signals,39,37,Valid,No,Intersection
Odisha,2019,September,Sunday,20:20,Fatal,5,Two-Wheeler,14,3,Stormy,Urban Road,Dry,Dawn,Signals,95,24,None,Yes,Intersection
Tamil Nadu,2021,September,Tuesday,04:20,Fatal,4,Bus,12,0,Clear,Village Road,Wet,Dusk,None,72,59,None,Yes,Intersection
Haryana,2019,August,Monday,14:16,Fatal,4,Bus,10,4,Clear,State Highway,Dry,Daylight,Signs,69,29,None,Yes,Straight Road
Kerala,2021,February,Sunday,05:08,Minor,1,Bus,4,0,Rainy,Village Road,Under Construction,Dawn,Signs,43,16,Expired,No,Straight Road
Odisha,2022,June,Tuesday,22:37,Minor,1,Truck,11,4,Rainy,Urban Road,Wet,Daylight,Police Checkpost,111,34,Valid,No,Intersection
Goa,2023,March,Thursday,14:05,Fatal,1,Car,10,5,Clear,National Highway,Under Construction,Daylight,None,100,32,None,Yes,Straight Road
Assam,2022,August,Wednesday,15:59,Minor,5,Bus,9,0,Clear,Urban Road,Under Construction,Daylight,Signals,35,37,None,No,Bridge
Nagaland,2021,September,Sunday,02:15,Fatal,2,Truck,10,0,Rainy,Urban Road,Dry,Dark,Signals,78,33,Valid,Yes,Straight Road
Arunachal Pradesh,2021,January,Thursday,14:23,Minor,1,Truck,11,4,Rainy,State Highway,Dry,Dawn,Signs,114,37,None,No,Curve
Rajasthan,2022,June,Wednesday,02:29,Fatal,3,Bus,10,5,Stormy,State Highway,Dry,Daylight,Signals,78,48,None,Yes,Straight Road
Chandigarh,2018,March,Wednesday,20:02,Fatal,2,Two-Wheeler,9,3,Rainy,National Highway,Wet,Dusk,None,92,29,Expired,Yes,Straight Road
Himachal Pradesh,2021,August,Monday,21:34,Fatal,4,Bus,12,1,Clear,State Highway,Damaged,Dark,Police Checkpost,91,56,Expired,Yes,Curve
Goa,2023,October,Wednesday,19:24,Fatal,1,Auto-Rickshaw,8,1,Stormy,State Highway,Under Construction,Dark,Police Checkpost,75,47,Valid,Yes,Bridge
Tripura,2020,February,Friday,11:09,Minor,2,Bus,11,2,Clear,Village Road,Wet,Dusk,Signs,105,34,Valid,No,Curve
Chandigarh,2021,June,Wednesday,17:17,Minor,4,Truck,12,5,Rainy,National Highway,Damaged,Dark,Signs,93,49,Valid,No,Curve
Madhya Pradesh,2021,February,Friday,22:52,Minor,1,Bus,9,5,Rainy,Urban Road,Dry,Dark,Signs,93,61,None,No,Straight Road
Meghalaya,2021,April,Thursday,13:59,Fatal,5,Pedestrian,16,3,Foggy,Urban Road,Dry,Daylight,None,113,70,None,Yes,Curve
Puducherry,2019,August,Friday,21:34,Minor,2,Car,6,1,Rainy,National Highway,Under Construction,Dawn,Police Checkpost,35,47,Valid,No,Curve
Jharkhand,2023,November,Monday,19:39,Fatal,5,Car,12,5,Foggy,Urban Road,Under Construction,Dark,Police Checkpost,90,48,Valid,Yes,Intersection
Chandigarh,2021,February,Wednesday,02:28,Fatal,2,Auto-Rickshaw,10,4,Rainy,State Highway,Damaged,Daylight,Police Checkpost,100,57,None,Yes,Curve
Tamil Nadu,2022,September,Wednesday,15:18,Minor,3,Truck,14,5,Rainy,State Highway,Wet,Dark,Police Checkpost,110,36,Valid,No,Bridge
Telangana,2018,March,Thursday,02:18,Minor,1,Truck,4,5,Foggy,Urban Road,Under Construction,Daylight,None,39,28,None,No,Bridge
Jharkhand,2020,April,Wednesday,09:34,Serious,2,Car,10,3,Clear,State Highway,Dry,Dawn,Signs,95,20,Valid,Yes,Curve
West Bengal,2022,March,Wednesday,22:37,Fatal,3,Cycle,8,5,Foggy,State Highway,Wet,Dark,Signs,39,30,None,Yes,Bridge
Uttar Pradesh,2020,May,Saturday,00:39,Fatal,1,Auto-Rickshaw,9,5,Foggy,National Highway,Damaged,Dark,None,79,40,Valid,Yes,Straight Road
Nagaland,2022,September,Tuesday,06:45,Serious,3,Truck,10,3,Clear,National Highway,Damaged,Dark,Signals,94,13,None,No,Curve
Jammu and Kashmir,2023,December,Wednesday,03:51,Minor,2,Cycle,10,0,Snowy,National Highway,Under Construction,Dawn,None,95,33,Expired,No,Bridge
Maharashtra,2023,April,Sunday,08:15,Serious,5,Two-Wheeler,13,5,Stormy,Village Road,Damaged,Dark,Signals,105,35,Expired,Yes,Curve
Mizoram,2019,January,Sunday,16:11,Fatal,5,Auto-Rickshaw,12,0,Clear,State Highway,Damaged,Dark,None,88,38,Valid,Yes,Bridge
Uttarakhand,2020,June,Sunday,03:49,Minor,2,Pedestrian,6,1,Stormy,Village Road,Wet,Daylight,Signals,38,39,None,No,Curve
Sikkim,2019,May,Sunday,21:07,Minor,3,Pedestrian,8,2,Clear,Urban Road,Dry,Dusk,Police Checkpost,30,49,Valid,No,Curve
Goa,2020,February,Monday,09:39,Fatal,2,Auto-Rickshaw,13,4,Foggy,Urban Road,Under Construction,Dark,Signals,117,53,Valid,Yes,Curve
Nagaland,2021,January,Monday,02:53,Fatal,5,Cycle,14,3,Rainy,State Highway,Wet,Daylight,Signals,115,21,Expired,Yes,Intersection
Karnataka,2022,June,Friday,21:24,Fatal,5,Cycle,11,0,Stormy,National Highway,Damaged,Dusk,Signals,53,34,Expired,Yes,Straight Road
Himachal Pradesh,2020,May,Monday,08:26,Serious,1,Bus,9,2,Clear,State Highway,Damaged,Dusk,Signals,88,56,Valid,No,Straight Road
Telangana,2018,February,Monday,20:53,Minor,3,Car,8,3,Stormy,State Highway,Under Construction,Daylight,Signs,63,21,Expired,No,Straight Road
Kerala,2022,March,Wednesday,09:37,Fatal,4,Bus,7,1,Rainy,National Highway,Damaged,Dawn,Signs,46,23,Expired,Yes,Intersection
Haryana,2021,October,Wednesday,07:58,Fatal,5,Truck,13,5,Clear,State Highway,Under Construction,Dusk,Signals,95,64,None,Yes,Intersection
Delhi,2020,November,Monday,22:58,Minor,5,Two-Wheeler,13,4,Foggy,State Highway,Dry,Dark,Police Checkpost,105,29,None,No,Intersection
Himachal Pradesh,2019,February,Tuesday,04:01,Minor,3,Truck,10,0,Rainy,National Highway,Wet,Dawn,Police Checkpost,79,53,Valid,No,Bridge
Arunachal Pradesh,2021,September,Sunday,11:21,Minor,3,Pedestrian,13,1,Clear,State Highway,Wet,Dark,Police Checkpost,112,28,Valid,No,Bridge
Assam,2022,May,Sunday,02:28,Fatal,5,Bus,14,5,Foggy,State Highway,Wet,Dark,Signals,90,23,None,Yes,Straight Road
Kerala,2023,March,Monday,02:43,Serious,1,Bus,10,1,Clear,National Highway,Damaged,Daylight,Signals,105,27,Valid,Yes,Bridge
Punjab,2020,September,Friday,11:11,Minor,4,Two-Wheeler,9,5,Foggy,National Highway,Under Construction,Dark,None,52,36,Valid,No,Bridge
Jharkhand,2021,February,Friday,06:55,Minor,4,Pedestrian,9,0,Clear,National Highway,Dry,Dawn,Signals,63,12,Expired,No,Bridge
Punjab,2018,July,Thursday,05:06,Fatal,5,Truck,16,2,Clear,Urban Road,Wet,Dark,Signs,120,49,None,Yes,Bridge
Jharkhand,2020,September,Monday,00:07,Minor,3,Truck,12,2,Stormy,State Highway,Under Construction,Dark,Signals,108,23,None,No,Bridge
Gujarat,2018,March,Friday,13:47,Minor,5,Two-Wheeler,11,2,Stormy,Village Road,Dry,Dark,None,45,35,Expired,No,Curve
Goa,2018,May,Wednesday,13:46,Minor,2,Bus,10,0,Rainy,Village Road,Under Construction,Dusk,None,99,38,Expired,No,Intersection
Uttar Pradesh,2022,December,Thursday,08:30,Fatal,2,Truck,12,0,Clear,Village Road,Dry,Dawn,None,115,61,Valid,Yes,Bridge
Sikkim,2018,December,Friday,11:49,Minor,4,Truck,15,5,Foggy,Urban Road,Under Construction,Daylight,Signals,117,73,Expired,No,Straight Road
Maharashtra,2020,October,Thursday,20:01,Minor,2,Auto-Rickshaw,6,5,Rainy,Urban Road,Under Construction,Dawn,Police Checkpost,45,55,Expired,No,Intersection
Mizoram,2021,September,Saturday,21:08,Minor,3,Two-Wheeler,12,1,Clear,Village Road,Dry,Dark,Signs,111,37,None,No,Curve
Odisha,2018,October,Monday,16:24,Fatal,2,Auto-Rickshaw,8,0,Rainy,State Highway,Under Construction,Dusk,Signs,82,38,Valid,Yes,Intersection
Uttarakhand,2018,March,Tuesday,21:54,Minor,4,Cycle,14,3,Rainy,State Highway,Under Construction,Dawn,Police Checkpost,109,26,None,No,Intersection
Madhya Pradesh,2022,November,Sunday,16:53,Minor,2,Two-Wheeler,10,4,Clear,State Highway,Wet,Dawn,None,100,26,Expired,No,Straight Road
Chhattisgarh,2021,October,Sunday,18:38,Minor,1,Car,9,0,Clear,Village Road,Under Construction,Dawn,Signs,105,47,Valid,No,Curve
Meghalaya,2023,February,Saturday,01:24,Serious,4,Bus,11,4,Clear,Urban Road,Dry,Dark,Signs,74,37,None,Yes,Bridge
Goa,2020,April,Wednesday,20:41,Fatal,5,Truck,13,0,Clear,National Highway,Dry,Dawn,Police Checkpost,62,59,Expired,Yes,Bridge
Puducherry,2023,April,Sunday,01:25,Fatal,5,Cycle,13,3,Rainy,Village Road,Dry,Dark,Signs,79,30,None,Yes,Intersection
Tamil Nadu,2022,November,Tuesday,04:04,Serious,1,Truck,4,0,Foggy,State Highway,Dry,Dawn,Police Checkpost,38,31,Expired,Yes,Bridge
Punjab,2022,May,Friday,21:28,Minor,1,Bus,9,1,Clear,Village Road,Wet,Dawn,Signs,110,47,None,No,Bridge
Telangana,2018,September,Tuesday,15:13,Fatal,2,Car,12,0,Foggy,Urban Road,Dry,Dark,Signals,119,46,None,Yes,Straight Road
Maharashtra,2020,January,Monday,15:32,Minor,2,Car,8,1,Stormy,Urban Road,Wet,Dawn,None,65,38,None,No,Straight Road
Uttarakhand,2020,January,Friday,05:14,Serious,1,Pedestrian,9,1,Rainy,Village Road,Dry,Daylight,None,95,37,None,No,Intersection
Punjab,2021,August,Monday,07:16,Fatal,4,Bus,11,0,Foggy,State Highway,Under Construction,Dawn,Signs,73,25,None,Yes,Straight Road
Telangana,2018,September,Sunday,02:51,Fatal,2,Cycle,10,5,Rainy,Urban Road,Wet,Dusk,Signals,111,59,None,Yes,Bridge
Gujarat,2019,January,Monday,22:17,Fatal,3,Truck,10,5,Stormy,National Highway,Damaged,Dawn,None,104,48,Expired,Yes,Bridge
Andhra Pradesh,2018,May,Wednesday,02:35,Minor,5,Auto-Rickshaw,15,2,Rainy,Urban Road,Under Construction,Dawn,Signs,101,38,Valid,No,Straight Road
West Bengal,2021,April,Thursday,22:58,Minor,2,Pedestrian,10,2,Rainy,National Highway,Under Construction,Dark,Signs,94,27,Expired,No,Bridge
Kerala,2023,June,Monday,07:25,Serious,1,Car,10,2,Clear,State Highway,Wet,Dawn,None,117,49,Expired,Yes,Straight Road
Uttarakhand,2021,August,Monday,13:32,Minor,3,Truck,13,1,Rainy,Village Road,Wet,Dusk,Signs,104,28,Valid,No,Intersection
Maharashtra,2018,February,Thursday,04:09,Fatal,1,Pedestrian,5,0,Clear,National Highway,Wet,Dark,None,62,37,None,Yes,Straight Road
Karnataka,2019,July,Tuesday,05:40,Serious,5,Truck,12,0,Clear,Village Road,Damaged,Dark,Signs,52,38,Expired,Yes,Straight Road
Odisha,2019,February,Sunday,07:43,Fatal,3,Two-Wheeler,11,1,Foggy,State Highway,Under Construction,Dawn,Signs,85,37,Expired,Yes,Intersection
Rajasthan,2021,January,Tuesday,16:38,Minor,3,Truck,8,4,Clear,Urban Road,Wet,Daylight,Signs,61,43,Valid,No,Curve
Jharkhand,2023,September,Saturday,07:48,Fatal,4,Bus,9,1,Clear,Urban Road,Damaged,Dusk,None,44,49,Expired,Yes,Bridge
Goa,2021,November,Tuesday,07:00,Minor,3,Pedestrian,7,2,Clear,State Highway,Dry,Dusk,Signals,53,54,Valid,No,Intersection
Madhya Pradesh,2019,May,Sunday,17:41,Fatal,3,Pedestrian,10,0,Clear,Urban Road,Under Construction,Dusk,Signs,53,48,Valid,Yes,Bridge
Odisha,2022,January,Sunday,09:58,Serious,3,Bus,12,2,Clear,Village Road,Dry,Dawn,None,100,33,None,Yes,Straight Road
West Bengal,2018,February,Wednesday,14:56,Fatal,2,Cycle,9,5,Rainy,Urban Road,Wet,Daylight,Police Checkpost,90,43,Valid,Yes,Curve
Tamil Nadu,2021,November,Friday,01:42,Serious,5,Truck,8,5,Foggy,National Highway,Damaged,Dark,Signs,39,38,None,No,Curve
Haryana,2018,February,Saturday,00:28,Fatal,4,Car,14,1,Clear,State Highway,Dry,Daylight,Police Checkpost,103,40,Valid,Yes,Bridge
Punjab,2021,November,Monday,06:22,Serious,1,Cycle,5,0,Clear,Urban Road,Under Construction,Daylight,Police Checkpost,67,65,None,Yes,Curve
Andhra Pradesh,2021,August,Wednesday,06:12,Fatal,1,Car,6,2,Rainy,Village Road,Under Construction,Dawn,None,48,36,Expired,Yes,Bridge
Nagaland,2021,December,Monday,06:37,Fatal,2,Bus,6,4,Clear,State Highway,Dry,Dark,Signals,40,41,Expired,Yes,Straight Road
Gujarat,2021,September,Saturday,21:47,Minor,1,Cycle,9,3,Stormy,State Highway,Dry,Daylight,Police Checkpost,109,37,Valid,No,Straight Road
Delhi,2023,February,Friday,16:58,Minor,4,Truck,6,3,Rainy,State Highway,Under Construction,Dark,Police Checkpost,31,58,None,No,Intersection
Jammu and Kashmir,2023,December,Tuesday,06:12,Minor,3,Cycle,13,2,Foggy,Urban Road,Damaged,Dusk,Signs,107,20,Valid,No,Curve
Punjab,2019,December,Tuesday,10:39,Serious,2,Cycle,8,3,Rainy,National Highway,Dry,Dawn,Signs,89,36,Valid,Yes,Bridge
Arunachal Pradesh,2021,April,Friday,07:07,Fatal,5,Auto-Rickshaw,9,0,Stormy,State Highway,Wet,Dawn,None,53,48,Expired,Yes,Bridge
Rajasthan,2019,December,Sunday,14:13,Fatal,2,Auto-Rickshaw,8,1,Clear,National Highway,Damaged,Dusk,Signs,51,50,Expired,Yes,Curve
West Bengal,2023,April,Monday,23:45,Fatal,5,Auto-Rickshaw,14,3,Clear,Urban Road,Wet,Dawn,Signs,112,41,Valid,Yes,Curve
Odisha,2022,November,Sunday,18:49,Minor,3,Truck,5,1,Clear,State Highway,Dry,Dawn,Signals,37,57,None,No,Intersection
Uttar Pradesh,2018,June,Monday,05:40,Serious,4,Bus,5,0,Foggy,Village Road,Wet,Dark,Signs,32,45,Expired,No,Intersection
Odisha,2018,June,Tuesday,10:28,Serious,3,Cycle,8,4,Rainy,Village Road,Under Construction,Dusk,Signs,54,45,Valid,Yes,Straight Road
Himachal Pradesh,2023,February,Friday,08:10,Serious,2,Auto-Rickshaw,10,3,Rainy,National Highway,Under Construction,Dark,Police Checkpost,115,41,Valid,Yes,Bridge
Puducherry,2023,August,Wednesday,18:16,Minor,3,Cycle,14,3,Stormy,Village Road,Damaged,Dark,Signals,120,31,None,No,Intersection
Tripura,2021,August,Sunday,14:50,Minor,3,Truck,10,0,Clear,Village Road,Damaged,Dark,Signs,81,22,Valid,No,Bridge
Manipur,2022,May,Friday,03:41,Fatal,1,Pedestrian,6,5,Clear,State Highway,Damaged,Daylight,None,49,37,None,Yes,Bridge
Odisha,2018,October,Friday,18:58,Minor,3,Auto-Rickshaw,9,1,Stormy,National Highway,Under Construction,Dusk,Police Checkpost,83,58,None,No,Bridge
Jammu and Kashmir,2021,July,Saturday,17:21,Serious,2,Pedestrian,7,2,Clear,National Highway,Wet,Dusk,Signs,51,36,Valid,No,Straight Road
Himachal Pradesh,2023,August,Thursday,15:14,Minor,2,Cycle,10,3,Rainy,Urban Road,Dry,Dark,Signals,96,23,Valid,No,Curve
Uttar Pradesh,2018,November,Thursday,03:28,Fatal,4,Two-Wheeler,10,4,Rainy,State Highway,Dry,Dusk,Signals,60,40,None,Yes,Curve
Telangana,2018,October,Sunday,04:55,Minor,3,Two-Wheeler,13,1,Foggy,National Highway,Wet,Dawn,Signals,106,42,Expired,No,Intersection
Tripura,2022,October,Saturday,22:25,Fatal,3,Car,12,4,Stormy,Urban Road,Dry,Dusk,Signs,105,26,Expired,Yes,Intersection
Goa,2023,August,Wednesday,19:24,Fatal,5,Car,14,0,Clear,Urban Road,Wet,Dark,Police Checkpost,84,41,Expired,Yes,Straight Road
Karnataka,2021,October,Saturday,11:32,Fatal,3,Car,9,3,Clear,State Highway,Wet,Dusk,Police Checkpost,57,24,Expired,Yes,Straight Road
Arunachal Pradesh,2022,May,Monday,19:02,Minor,5,Auto-Rickshaw,14,4,Clear,State Highway,Wet,Dark,Police Checkpost,103,35,Expired,No,Straight Road
Jammu and Kashmir,2023,August,Sunday,23:23,Fatal,3,Pedestrian,8,5,Clear,Village Road,Wet,Dawn,Signs,70,35,None,Yes,Straight Road
Andhra Pradesh,2021,November,Friday,13:45,Serious,4,Auto-Rickshaw,10,5,Clear,Urban Road,Wet,Dark,Police Checkpost,71,40,Valid,Yes,Curve
Gujarat,2021,October,Thursday,18:39,Fatal,3,Bus,9,0,Foggy,Urban Road,Dry,Daylight,Police Checkpost,57,55,Expired,Yes,Curve
Maharashtra,2019,January,Friday,14:28,Minor,3,Car,7,0,Rainy,Village Road,Wet,Dusk,Signals,39,41,Expired,No,Intersection
Madhya Pradesh,2023,October,Thursday,05:08,Serious,5,Pedestrian,14,0,Stormy,Urban Road,Damaged,Daylight,Signs,103,39,None,No,Bridge
Delhi,2023,March,Saturday,18:23,Fatal,3,Bus,12,3,Clear,National Highway,Under Construction,Dark,Signs,96,16,None,Yes,Intersection
Telangana,2022,February,Saturday,17:29,Serious,5,Bus,12,3,Rainy,Village Road,Under Construction,Dawn,Police Checkpost,67,33,None,Yes,Curve
Tripura,2020,February,Tuesday,21:53,Fatal,2,Bus,11,5,Clear,Urban Road,Dry,Daylight,Signs,118,38,None,Yes,Straight Road
Gujarat,2021,April,Thursday,06:45,Serious,5,Truck,13,5,Clear,National Highway,Wet,Daylight,Police Checkpost,69,45,None,Yes,Curve
Rajasthan,2018,March,Thursday,11:55,Fatal,3,Truck,9,4,Clear,National Highway,Dry,Dawn,Signs,58,52,None,Yes,Intersection
Odisha,2018,August,Friday,03:41,Minor,1,Pedestrian,10,1,Foggy,Village Road,Under Construction,Daylight,None,91,31,Expired,No,Bridge
Assam,2020,February,Monday,07:43,Minor,4,Two-Wheeler,12,5,Clear,National Highway,Wet,Dusk,Signs,81,57,Expired,No,Straight Road
Chandigarh,2023,February,Sunday,00:50,Serious,2,Bus,6,4,Rainy,Urban Road,Under Construction,Dusk,Police Checkpost,69,59,None,Yes,Bridge
Tamil Nadu,2021,December,Friday,23:18,Fatal,2,Cycle,6,1,Clear,National Highway,Under Construction,Dark,Signs,59,32,None,Yes,Intersection
Mizoram,2022,January,Monday,11:17,Serious,4,Car,12,1,Clear,Urban Road,Dry,Daylight,Police Checkpost,87,23,None,No,Curve
Uttarakhand,2023,August,Tuesday,18:40,Serious,2,Pedestrian,5,1,Rainy,State Highway,Wet,Dawn,None,31,54,Valid,No,Bridge
Madhya Pradesh,2021,May,Monday,23:56,Fatal,3,Cycle,13,5,Rainy,Village Road,Wet,Dawn,Signals,104,63,Expired,Yes,Bridge
Jharkhand,2023,September,Saturday,05:14,Minor,2,Bus,7,0,Rainy,Village Road,Wet,Dark,Signs,75,47,Expired,No,Straight Road
Meghalaya,2023,February,Wednesday,03:23,Fatal,3,Bus,6,3,Clear,National Highway,Dry,Daylight,Signals,49,41,None,Yes,Curve
Manipur,2021,July,Tuesday,16:37,Serious,1,Cycle,10,2,Stormy,National Highway,Wet,Daylight,Signs,101,49,Valid,Yes,Straight Road
Himachal Pradesh,2023,September,Sunday,19:16,Fatal,2,Truck,8,5,Rainy,National Highway,Under Construction,Dusk,Police Checkpost,86,36,Expired,Yes,Straight Road
Uttarakhand,2019,February,Saturday,03:49,Fatal,5,Two-Wheeler,10,1,Clear,National Highway,Damaged,Dark,None,60,16,Expired,Yes,Bridge
Kerala,2021,May,Wednesday,01:25,Serious,5,Truck,12,1,Foggy,Urban Road,Wet,Dark,Signs,79,28,None,Yes,Straight Road
Puducherry,2019,March,Thursday,22:44,Fatal,5,Cycle,11,2,Clear,Village Road,Dry,Daylight,Police Checkpost,65,31,None,Yes,Intersection
Puducherry,2018,April,Friday,15:35,Fatal,1,Bus,5,1,Rainy,State Highway,Damaged,Dark,Police Checkpost,58,77,None,Yes,Bridge
Maharashtra,2020,June,Sunday,12:28,Fatal,4,Car,12,0,Rainy,Village Road,Damaged,Dark,Police Checkpost,87,41,Valid,Yes,Bridge
Bihar,2020,November,Monday,20:49,Fatal,2,Bus,10,2,Foggy,Village Road,Damaged,Daylight,Police Checkpost,106,52,Expired,Yes,Bridge
Delhi,2022,August,Tuesday,11:09,Minor,2,Car,7,5,Clear,Village Road,Wet,Dawn,Signs,60,22,None,No,Curve
Odisha,2018,December,Thursday,22:33,Minor,1,Bus,5,0,Clear,State Highway,Wet,Daylight,Signs,51,52,Valid,No,Curve
West Bengal,2018,April,Wednesday,20:59,Serious,4,Cycle,8,1,Foggy,State Highway,Damaged,Dawn,Signals,37,24,Expired,No,Curve
Madhya Pradesh,2023,January,Thursday,23:47,Fatal,2,Pedestrian,5,5,Foggy,State Highway,Under Construction,Daylight,Signals,35,49,Valid,Yes,Intersection
Sikkim,2022,June,Monday,10:49,Fatal,2,Cycle,9,0,Clear,National Highway,Wet,Dusk,Police Checkpost,72,40,None,Yes,Bridge
Puducherry,2022,June,Saturday,23:43,Minor,5,Auto-Rickshaw,9,0,Clear,State Highway,Dry,Dark,Signals,78,49,Valid,No,Straight Road
Uttar Pradesh,2021,April,Wednesday,09:47,Fatal,3,Pedestrian,8,2,Stormy,State Highway,Under Construction,Dark,None,54,42,None,Yes,Intersection
Uttar Pradesh,2022,May,Thursday,03:50,Minor,5,Truck,15,5,Clear,Village Road,Wet,Dawn,None,98,12,Valid,No,Bridge
Sikkim,2018,June,Wednesday,16:31,Serious,3,Bus,10,1,Foggy,Urban Road,Damaged,Dawn,Signals,87,30,Expired,Yes,Straight Road
Andhra Pradesh,2018,April,Monday,20:13,Fatal,2,Auto-Rickshaw,12,1,Rainy,Village Road,Dry,Daylight,None,92,35,Valid,Yes,Bridge
Rajasthan,2018,February,Monday,07:01,Serious,1,Pedestrian,8,5,Clear,Urban Road,Under Construction,Dark,Signals,73,34,Expired,Yes,Curve
Andhra Pradesh,2021,January,Tuesday,03:21,Minor,1,Two-Wheeler,5,2,Stormy,State Highway,Under Construction,Dawn,None,46,33,Valid,No,Straight Road
Karnataka,2018,March,Sunday,03:39,Serious,2,Car,13,3,Foggy,Urban Road,Wet,Dark,Signals,118,26,None,Yes,Intersection
Haryana,2023,November,Friday,06:15,Minor,4,Bus,9,2,Stormy,Village Road,Wet,Dawn,Signals,64,50,Expired,No,Curve
Uttar Pradesh,2021,August,Wednesday,09:03,Serious,3,Cycle,11,0,Clear,Village Road,Dry,Daylight,Signs,101,41,Valid,No,Bridge
Haryana,2018,October,Monday,23:01,Minor,1,Car,9,1,Rainy,Urban Road,Damaged,Daylight,None,120,17,None,No,Intersection
Bihar,2023,October,Saturday,23:39,Fatal,3,Two-Wheeler,10,1,Clear,Urban Road,Wet,Dawn,None,83,15,None,Yes,Curve
Haryana,2019,October,Monday,20:38,Serious,4,Cycle,6,1,Stormy,State Highway,Dry,Daylight,Signs,31,47,Expired,Yes,Straight Road
Assam,2019,March,Friday,14:15,Minor,4,Cycle,14,5,Clear,Village Road,Wet,Dawn,Police Checkpost,107,34,Valid,No,Intersection
Assam,2022,May,Tuesday,01:19,Minor,1,Truck,7,3,Stormy,Village Road,Under Construction,Dawn,None,54,43,Valid,No,Intersection
Odisha,2020,October,Thursday,03:13,Fatal,5,Bus,12,0,Foggy,Urban Road,Under Construction,Dawn,Police Checkpost,76,46,None,Yes,Straight Road
Chandigarh,2020,January,Monday,12:52,Minor,5,Auto-Rickshaw,13,1,Clear,State Highway,Damaged,Dusk,Signals,100,52,Valid,No,Intersection
Maharashtra,2021,September,Tuesday,20:06,Fatal,3,Bus,8,4,Clear,Village Road,Dry,Dark,None,52,53,Valid,Yes,Intersection
Uttar Pradesh,2023,September,Friday,20:13,Minor,5,Pedestrian,12,1,Rainy,State Highway,Dry,Dusk,Signs,81,32,None,No,Bridge
Manipur,2023,April,Thursday,04:03,Minor,3,Car,8,1,Clear,Urban Road,Dry,Daylight,None,63,51,Valid,No,Straight Road
Karnataka,2022,December,Tuesday,08:14,Minor,1,Truck,8,2,Clear,Village Road,Dry,Daylight,Signs,109,24,Expired,No,Curve
Haryana,2022,October,Monday,01:04,Minor,2,Truck,13,0,Stormy,Urban Road,Dry,Dusk,Police Checkpost,114,49,Expired,No,Curve
Nagaland,2023,October,Thursday,07:37,Serious,1,Auto-Rickshaw,8,3,Foggy,Village Road,Dry,Dusk,Signs,84,56,None,No,Intersection
Goa,2022,January,Saturday,16:05,Minor,3,Auto-Rickshaw,12,5,Foggy,State Highway,Wet,Dusk,Signs,98,21,Expired,No,Intersection
Uttarakhand,2019,February,Sunday,18:06,Minor,1,Car,6,5,Rainy,State Highway,Under Construction,Daylight,None,44,54,Expired,No,Straight Road
Manipur,2019,December,Wednesday,18:24,Minor,4,Car,10,2,Foggy,Urban Road,Wet,Dark,Police Checkpost,59,48,Valid,No,Straight Road
Haryana,2020,January,Wednesday,22:36,Fatal,3,Cycle,6,3,Clear,Urban Road,Under Construction,Dawn,None,32,45,Expired,Yes,Bridge
Jammu and Kashmir,2022,November,Saturday,14:16,Minor,1,Cycle,3,1,Clear,Village Road,Wet,Dark,Signals,31,44,Expired,No,Bridge
Mizoram,2023,April,Sunday,00:59,Fatal,3,Auto-Rickshaw,9,0,Clear,Urban Road,Damaged,Dusk,Signs,65,51,Expired,Yes,Curve
Manipur,2020,April,Monday,16:38,Minor,2,Two-Wheeler,11,1,Clear,National Highway,Dry,Dark,Signals,93,28,None,No,Bridge
Andhra Pradesh,2018,November,Monday,09:44,Minor,1,Pedestrian,9,1,Clear,Urban Road,Damaged,Dark,Signs,98,34,Expired,No,Straight Road
Andhra Pradesh,2022,December,Friday,06:30,Minor,2,Bus,6,4,Rainy,National Highway,Dry,Dusk,Signals,59,44,Expired,No,Curve
Andhra Pradesh,2019,October,Monday,12:47,Minor,4,Truck,14,3,Clear,National Highway,Wet,Dark,Police Checkpost,112,25,None,No,Curve
Delhi,2021,July,Friday,06:50,Minor,1,Truck,7,0,Clear,Village Road,Wet,Dark,Signs,92,22,Expired,No,Curve
Tamil Nadu,2021,December,Monday,00:51,Fatal,1,Truck,3,3,Rainy,State Highway,Damaged,Dusk,Police Checkpost,30,54,None,Yes,Straight Road
Bihar,2022,January,Saturday,07:06,Serious,1,Auto-Rickshaw,2,1,Foggy,Village Road,Damaged,Dark,Signals,32,45,Expired,No,Curve
Kerala,2020,December,Sunday,14:53,Minor,1,Bus,7,5,Rainy,State Highway,Damaged,Daylight,Police Checkpost,96,35,Expired,No,Curve
Delhi,2022,January,Wednesday,11:58,Minor,5,Two-Wheeler,13,4,Rainy,National Highway,Wet,Dark,None,84,51,None,No,Curve
Rajasthan,2021,June,Sunday,12:23,Fatal,1,Auto-Rickshaw,7,1,Clear,State Highway,Under Construction,Dusk,Signs,80,17,Expired,Yes,Intersection
Odisha,2022,March,Wednesday,00:15,Minor,2,Bus,6,4,Rainy,Urban Road,Damaged,Daylight,Signals,37,18,None,No,Bridge
Maharashtra,2021,July,Saturday,11:39,Fatal,2,Cycle,9,4,Clear,Village Road,Under Construction,Dusk,Signs,101,45,Valid,Yes,Straight Road
Karnataka,2023,March,Tuesday,14:07,Fatal,3,Car,6,0,Clear,National Highway,Under Construction,Dusk,Signals,42,33,Expired,Yes,Curve
Meghalaya,2020,April,Wednesday,01:38,Fatal,5,Cycle,9,2,Stormy,State Highway,Dry,Dusk,None,49,49,Expired,Yes,Intersection
Madhya Pradesh,2021,August,Tuesday,07:36,Fatal,5,Cycle,15,4,Foggy,State Highway,Damaged,Dusk,Signs,105,24,None,Yes,Intersection
Nagaland,2021,April,Tuesday,21:37,Fatal,1,Bus,2,4,Clear,National Highway,Damaged,Daylight,None,39,38,Valid,Yes,Intersection
Andhra Pradesh,2019,February,Saturday,03:59,Serious,5,Two-Wheeler,12,4,Stormy,Village Road,Dry,Dawn,Police Checkpost,77,36,None,No,Intersection
Karnataka,2022,November,Tuesday,00:30,Serious,1,Bus,4,1,Clear,Village Road,Damaged,Dark,Signs,31,55,Valid,Yes,Straight Road
Manipur,2022,April,Sunday,12:56,Serious,1,Truck,9,0,Clear,Village Road,Dry,Dark,Signals,61,32,Valid,Yes,Curve
Odisha,2022,January,Thursday,07:51,Minor,5,Two-Wheeler,11,2,Clear,State Highway,Damaged,Dark,Signals,50,44,Expired,No,Intersection
Delhi,2019,June,Friday,08:27,Minor,2,Car,11,0,Clear,National Highway,Damaged,Dark,None,108,57,Valid,No,Straight Road
Puducherry,2020,December,Sunday,19:38,Minor,4,Car,10,0,Stormy,National Highway,Wet,Daylight,Signs,85,40,Valid,No,Intersection
Mizoram,2019,March,Monday,08:13,Minor,5,Truck,10,1,Rainy,Village Road,Under Construction,Dark,Signs,39,36,Expired,No,Intersection
Odisha,2023,March,Tuesday,14:28,Fatal,4,Truck,9,0,Clear,Village Road,Dry,Daylight,Police Checkpost,34,67,Valid,Yes,Bridge
Arunachal Pradesh,2021,February,Thursday,21:05,Serious,1,Two-Wheeler,6,0,Clear,Village Road,Wet,Dusk,Signals,75,28,None,Yes,Straight Road
Chhattisgarh,2021,May,Saturday,17:07,Fatal,2,Two-Wheeler,6,0,Clear,National Highway,Wet,Daylight,Signals,40,37,Expired,Yes,Intersection
Jammu and Kashmir,2019,October,Thursday,14:47,Minor,3,Pedestrian,11,3,Rainy,State Highway,Wet,Dark,Signs,96,41,Valid,No,Straight Road
Tripura,2021,March,Wednesday,21:42,Minor,1,Pedestrian,10,3,Clear,National Highway,Damaged,Daylight,Signs,107,62,None,No,Bridge
Delhi,2021,February,Thursday,18:19,Serious,2,Two-Wheeler,10,0,Clear,State Highway,Wet,Dusk,Police Checkpost,72,60,None,No,Intersection
West Bengal,2023,May,Tuesday,01:56,Minor,3,Car,13,5,Clear,Village Road,Damaged,Daylight,Signs,94,28,None,No,Bridge
Kerala,2019,April,Thursday,22:28,Serious,3,Truck,6,0,Rainy,National Highway,Damaged,Daylight,Signals,35,50,None,Yes,Curve
Uttarakhand,2020,December,Friday,08:50,Minor,3,Pedestrian,8,2,Foggy,National Highway,Wet,Dawn,None,61,28,Valid,No,Intersection
Punjab,2018,August,Tuesday,07:41,Serious,4,Pedestrian,7,2,Foggy,Village Road,Damaged,Dawn,None,30,62,Expired,Yes,Intersection
Telangana,2021,November,Tuesday,21:07,Fatal,5,Bus,9,5,Foggy,Urban Road,Wet,Dawn,Signals,45,46,None,Yes,Intersection
Tamil Nadu,2020,March,Thursday,11:18,Serious,2,Truck,12,2,Clear,National Highway,Damaged,Dusk,Police Checkpost,115,35,Valid,No,Curve
Tripura,2023,January,Saturday,19:52,Minor,5,Cycle,8,5,Clear,National Highway,Dry,Daylight,Police Checkpost,35,49,Valid,No,Straight Road
Punjab,2019,May,Saturday,11:21,Minor,4,Two-Wheeler,10,5,Clear,Village Road,Damaged,Dawn,Signals,66,69,Expired,No,Bridge
Manipur,2018,December,Sunday,17:19,Minor,5,Bus,7,3,Clear,Village Road,Wet,Dawn,Police Checkpost,34,46,Valid,No,Intersection
Puducherry,2019,May,Monday,19:01,Serious,3,Auto-Rickshaw,11,0,Foggy,Village Road,Damaged,Dark,Signals,99,40,Expired,Yes,Curve
West Bengal,2023,January,Tuesday,01:53,Fatal,4,Truck,10,0,Clear,National Highway,Dry,Dawn,Signals,73,62,Valid,Yes,Bridge
Jharkhand,2023,March,Saturday,07:47,Serious,5,Pedestrian,13,3,Foggy,National Highway,Under Construction,Dawn,Signals,59,46,None,No,Curve
Chandigarh,2021,February,Wednesday,21:34,Serious,4,Pedestrian,9,0,Clear,State Highway,Damaged,Dawn,Signs,46,40,Valid,Yes,Intersection
Chhattisgarh,2018,December,Friday,23:26,Fatal,5,Bus,12,2,Clear,State Highway,Damaged,Dusk,Signals,85,63,None,Yes,Curve
Manipur,2020,October,Wednesday,04:01,Fatal,3,Car,12,1,Clear,Urban Road,Under Construction,Dawn,Signals,98,26,Valid,Yes,Bridge
Tripura,2023,July,Saturday,07:12,Serious,1,Truck,4,0,Rainy,State Highway,Dry,Dawn,Police Checkpost,34,37,Expired,Yes,Straight Road
Meghalaya,2021,June,Wednesday,17:22,Fatal,1,Pedestrian,7,5,Rainy,National Highway,Dry,Dark,Signals,79,57,Expired,Yes,Curve
Haryana,2020,August,Sunday,15:30,Fatal,1,Auto-Rickshaw,6,3,Clear,Village Road,Damaged,Dawn,Police Checkpost,70,30,Valid,Yes,Intersection
Punjab,2018,December,Saturday,21:33,Minor,5,Bus,15,0,Stormy,Village Road,Under Construction,Dark,None,112,33,Expired,No,Curve
Meghalaya,2020,December,Thursday,23:40,Minor,5,Cycle,13,0,Stormy,Urban Road,Dry,Dawn,Signs,103,19,Valid,No,Curve
Goa,2021,June,Monday,01:18,Fatal,1,Car,5,2,Clear,State Highway,Wet,Dark,Signals,41,30,Expired,Yes,Curve
Goa,2023,March,Wednesday,22:59,Fatal,4,Two-Wheeler,11,3,Rainy,Village Road,Wet,Dawn,Police Checkpost,63,43,Expired,Yes,Intersection
Tamil Nadu,2022,November,Friday,19:19,Minor,3,Auto-Rickshaw,8,0,Foggy,National Highway,Dry,Dawn,Police Checkpost,61,56,Valid,No,Bridge
Puducherry,2021,October,Wednesday,22:23,Fatal,2,Truck,9,0,Rainy,National Highway,Wet,Dusk,Police Checkpost,93,38,None,Yes,Curve
Telangana,2019,January,Monday,14:47,Minor,3,Cycle,13,1,Foggy,Urban Road,Damaged,Dusk,None,117,36,None,No,Curve
Meghalaya,2019,June,Monday,18:08,Minor,2,Truck,5,2,Clear,Village Road,Dry,Dawn,None,33,39,Expired,No,Intersection
Uttar Pradesh,2020,August,Friday,05:52,Minor,3,Auto-Rickshaw,12,3,Stormy,Village Road,Wet,Dawn,Signals,97,30,Valid,No,Bridge
Uttarakhand,2019,June,Wednesday,21:12,Fatal,5,Auto-Rickshaw,15,4,Stormy,National Highway,Under Construction,Dark,Police Checkpost,115,40,Valid,Yes,Curve
Jammu and Kashmir,2019,January,Tuesday,18:58,Minor,5,Pedestrian,10,4,Rainy,Urban Road,Wet,Dark,Signals,70,53,Valid,No,Curve
Goa,2018,February,Tuesday,07:25,Minor,3,Truck,8,2,Clear,National Highway,Under Construction,Dusk,Police Checkpost,65,34,Valid,No,Curve
Puducherry,2022,April,Thursday,16:24,Serious,3,Car,12,3,Rainy,National Highway,Under Construction,Dusk,Signals,99,40,Expired,No,Intersection
Sikkim,2022,May,Monday,15:38,Minor,5,Bus,16,0,Clear,Village Road,Damaged,Dawn,Signs,102,46,Expired,No,Curve
Uttar Pradesh,2019,July,Monday,07:05,Fatal,5,Car,10,5,Clear,Urban Road,Damaged,Dusk,Signs,44,40,None,Yes,Curve
Uttarakhand,2022,June,Sunday,15:11,Serious,1,Truck,4,0,Rainy,National Highway,Damaged,Dawn,Signs,42,21,Valid,No,Intersection
Uttarakhand,2018,March,Sunday,19:29,Fatal,2,Car,10,2,Foggy,State Highway,Damaged,Dawn,Police Checkpost,86,56,Valid,Yes,Bridge
Sikkim,2022,February,Thursday,01:15,Minor,4,Pedestrian,8,1,Rainy,Village Road,Wet,Dusk,Signals,34,26,None,No,Intersection
Uttar Pradesh,2022,November,Friday,12:08,Fatal,2,Truck,7,5,Clear,State Highway,Damaged,Daylight,Police Checkpost,73,31,Expired,Yes,Curve
Madhya Pradesh,2022,August,Sunday,01:06,Minor,3,Truck,10,5,Rainy,National Highway,Wet,Dusk,Signals,114,47,Expired,No,Bridge
Telangana,2023,January,Monday,07:41,Minor,1,Car,4,1,Clear,State Highway,Dry,Daylight,Signals,75,49,None,No,Intersection
Meghalaya,2021,September,Friday,09:01,Minor,2,Truck,4,3,Clear,National Highway,Dry,Dark,None,35,56,None,No,Bridge
Tripura,2018,September,Wednesday,05:05,Fatal,2,Two-Wheeler,6,0,Clear,State Highway,Under Construction,Dusk,Police Checkpost,56,52,None,Yes,Straight Road
Puducherry,2018,July,Monday,15:17,Fatal,4,Cycle,10,3,Clear,State Highway,Dry,Dawn,None,70,29,None,Yes,Curve
Maharashtra,2021,January,Friday,12:58,Serious,1,Pedestrian,10,4,Clear,Village Road,Wet,Dark,Police Checkpost,91,58,None,Yes,Curve
Tamil Nadu,2023,January,Monday,09:47,Minor,5,Car,11,5,Clear,Village Road,Under Construction,Dusk,Police Checkpost,44,16,Expired,No,Intersection
Chandigarh,2021,March,Friday,09:14,Minor,3,Two-Wheeler,12,1,Foggy,Urban Road,Dry,Dusk,Signals,106,39,Expired,No,Intersection
Andhra Pradesh,2020,June,Monday,23:39,Serious,2,Pedestrian,6,2,Foggy,Village Road,Under Construction,Dawn,None,50,39,Valid,No,Curve
Chhattisgarh,2020,August,Sunday,04:02,Fatal,4,Bus,11,2,Foggy,State Highway,Dry,Dusk,Signs,74,34,Valid,Yes,Intersection
Mizoram,2019,January,Saturday,05:06,Fatal,3,Cycle,14,3,Rainy,Village Road,Dry,Dusk,None,109,33,Valid,Yes,Bridge
Madhya Pradesh,2018,June,Thursday,14:58,Minor,5,Auto-Rickshaw,15,2,Foggy,State Highway,Under Construction,Dawn,Signals,97,36,Valid,No,Straight Road
Himachal Pradesh,2019,February,Friday,18:24,Fatal,2,Car,6,5,Clear,National Highway,Under Construction,Dawn,None,49,13,Valid,Yes,Intersection
Bihar,2018,July,Wednesday,12:55,Fatal,5,Car,10,1,Foggy,State Highway,Wet,Dark,Signs,55,37,Valid,Yes,Straight Road
Tripura,2023,June,Saturday,02:50,Minor,1,Pedestrian,7,4,Rainy,Village Road,Under Construction,Dark,Signals,89,73,Expired,No,Straight Road
Gujarat,2018,July,Tuesday,05:17,Fatal,2,Cycle,9,5,Stormy,State Highway,Damaged,Dark,Signs,78,57,None,Yes,Straight Road
West Bengal,2020,November,Thursday,06:19,Minor,1,Pedestrian,3,0,Stormy,Urban Road,Wet,Dark,None,32,42,None,No,Bridge
Andhra Pradesh,2020,April,Saturday,11:30,Serious,5,Bus,13,4,Rainy,Village Road,Wet,Dusk,Police Checkpost,101,34,Valid,Yes,Bridge
Arunachal Pradesh,2020,July,Wednesday,22:14,Serious,5,Two-Wheeler,9,5,Clear,National Highway,Dry,Dawn,Police Checkpost,35,32,Valid,No,Curve
Madhya Pradesh,2020,April,Sunday,02:22,Minor,5,Cycle,13,4,Clear,State Highway,Under Construction,Daylight,Police Checkpost,58,41,Valid,No,Bridge
Andhra Pradesh,2023,September,Tuesday,20:07,Serious,3,Car,11,1,Rainy,National Highway,Wet,Dusk,Signs,91,52,Expired,No,Bridge
Tamil Nadu,2020,November,Monday,06:58,Serious,4,Cycle,13,1,Foggy,Village Road,Damaged,Dusk,Signs,114,25,None,Yes,Curve
Nagaland,2023,December,Saturday,14:42,Fatal,3,Pedestrian,10,1,Foggy,National Highway,Under Construction,Dawn,None,74,53,Valid,Yes,Intersection
Bihar,2018,July,Friday,08:01,Minor,4,Car,8,4,Clear,Urban Road,Wet,Daylight,Signals,34,23,None,No,Intersection
Jharkhand,2022,July,Wednesday,02:03,Minor,4,Auto-Rickshaw,10,3,Rainy,Village Road,Damaged,Dawn,Police Checkpost,87,51,Expired,No,Curve
Tripura,2019,October,Friday,17:38,Minor,4,Truck,9,2,Foggy,State Highway,Damaged,Daylight,Signals,51,39,None,No,Bridge
Rajasthan,2018,January,Saturday,09:34,Minor,1,Auto-Rickshaw,9,5,Clear,National Highway,Under Construction,Dawn,Signs,94,50,None,No,Bridge
Tripura,2020,April,Monday,00:36,Minor,1,Pedestrian,9,1,Rainy,National Highway,Wet,Dark,Signals,85,37,None,No,Straight Road
Mizoram,2023,December,Saturday,01:53,Fatal,3,Two-Wheeler,10,4,Rainy,National Highway,Under Construction,Dawn,None,53,41,Valid,Yes,Intersection
Jammu and Kashmir,2018,March,Monday,07:46,Minor,3,Pedestrian,9,3,Snowy,Village Road,Dry,Daylight,Signals,57,26,Expired,No,Intersection
Haryana,2021,September,Tuesday,19:09,Serious,4,Truck,13,4,Clear,Village Road,Under Construction,Dusk,Signals,104,75,Expired,No,Straight Road
Jammu and Kashmir,2022,July,Wednesday,04:35,Serious,3,Bus,12,1,Clear,State Highway,Damaged,Dusk,Signals,93,58,Expired,Yes,Curve
Uttar Pradesh,2021,December,Thursday,06:25,Fatal,3,Pedestrian,7,2,Foggy,State Highway,Wet,Dark,Police Checkpost,51,48,Expired,Yes,Straight Road
Arunachal Pradesh,2022,November,Wednesday,14:43,Minor,2,Truck,10,1,Rainy,Urban Road,Under Construction,Dawn,None,76,36,None,No,Bridge
Uttarakhand,2018,December,Monday,16:47,Minor,2,Auto-Rickshaw,10,2,Rainy,National Highway,Dry,Dawn,Police Checkpost,90,58,Expired,No,Curve
Chhattisgarh,2022,July,Thursday,00:49,Minor,1,Bus,4,5,Clear,Urban Road,Under Construction,Daylight,None,33,59,None,No,Curve
Bihar,2019,October,Thursday,18:48,Fatal,2,Auto-Rickshaw,6,5,Clear,State Highway,Damaged,Dawn,Signs,42,53,None,Yes,Curve
Manipur,2020,November,Wednesday,02:53,Minor,1,Two-Wheeler,5,3,Stormy,National Highway,Wet,Daylight,Signals,33,28,None,No,Straight Road
Chandigarh,2021,January,Thursday,06:37,Fatal,3,Truck,13,4,Rainy,Urban Road,Under Construction,Dark,Police Checkpost,117,31,Expired,Yes,Curve
Andhra Pradesh,2019,October,Thursday,06:21,Serious,1,Pedestrian,4,0,Clear,National Highway,Dry,Dark,None,53,33,Expired,No,Curve
Haryana,2021,March,Tuesday,14:20,Minor,3,Truck,10,0,Clear,State Highway,Dry,Dusk,Signs,84,39,Valid,No,Curve
Manipur,2022,January,Tuesday,10:05,Fatal,5,Auto-Rickshaw,15,0,Clear,State Highway,Dry,Dusk,Signs,78,38,Valid,Yes,Intersection
Manipur,2020,August,Sunday,02:36,Minor,3,Cycle,9,5,Foggy,Village Road,Dry,Dusk,Police Checkpost,64,50,Valid,No,Curve
Tamil Nadu,2019,May,Friday,06:32,Minor,5,Bus,10,4,Stormy,Urban Road,Damaged,Daylight,Signals,55,68,Expired,No,Straight Road
Tamil Nadu,2018,March,Sunday,10:54,Minor,3,Car,13,3,Clear,Village Road,Dry,Dark,None,120,47,Valid,No,Bridge
Odisha,2021,January,Tuesday,05:21,Serious,5,Bus,14,5,Clear,National Highway,Wet,Daylight,Signals,101,60,None,Yes,Curve
Chhattisgarh,2020,December,Tuesday,06:33,Fatal,2,Truck,10,1,Rainy,Village Road,Wet,Daylight,Police Checkpost,80,44,None,Yes,Curve
Kerala,2022,August,Thursday,23:34,Fatal,5,Bus,10,3,Rainy,State Highway,Wet,Dawn,None,53,45,Valid,Yes,Straight Road
Madhya Pradesh,2021,June,Wednesday,22:30,Serious,4,Auto-Rickshaw,8,2,Clear,National Highway,Under Construction,Dark,None,33,47,Valid,Yes,Straight Road
Chhattisgarh,2018,January,Sunday,08:45,Fatal,3,Bus,13,2,Stormy,Urban Road,Damaged,Dawn,None,108,53,None,Yes,Intersection
Chhattisgarh,2023,July,Thursday,11:29,Serious,4,Auto-Rickshaw,10,5,Clear,National Highway,Wet,Dark,Signs,55,40,None,Yes,Curve
Chhattisgarh,2021,July,Friday,00:17,Minor,5,Pedestrian,13,0,Foggy,State Highway,Damaged,Dark,Signs,76,24,Expired,No,Straight Road
Tripura,2021,September,Thursday,14:12,Fatal,1,Cycle,6,3,Stormy,National Highway,Wet,Dusk,None,70,38,None,Yes,Curve
Delhi,2022,June,Sunday,05:00,Minor,3,Auto-Rickshaw,7,3,Rainy,National Highway,Wet,Dark,Signals,46,74,None,No,Intersection
Himachal Pradesh,2023,October,Sunday,05:31,Fatal,4,Cycle,9,3,Clear,Urban Road,Under Construction,Dawn,Police Checkpost,42,36,Expired,Yes,Intersection
Uttarakhand,2022,October,Sunday,14:59,Minor,3,Cycle,5,1,Clear,State Highway,Damaged,Dawn,None,52,36,None,No,Curve
Delhi,2021,February,Friday,09:33,Fatal,4,Cycle,7,4,Rainy,State Highway,Wet,Dusk,Police Checkpost,36,41,Valid,Yes,Curve
Punjab,2023,June,Monday,10:40,Minor,4,Truck,9,4,Rainy,National Highway,Dry,Dawn,Police Checkpost,60,39,Valid,No,Curve
Mizoram,2020,July,Thursday,12:43,Serious,3,Auto-Rickshaw,7,2,Foggy,Urban Road,Damaged,Daylight,Signals,41,33,Valid,Yes,Straight Road
Andhra Pradesh,2018,December,Thursday,18:18,Minor,5,Cycle,11,2,Stormy,Village Road,Damaged,Dawn,Police Checkpost,58,52,Expired,No,Curve
Chhattisgarh,2020,January,Wednesday,07:24,Minor,5,Two-Wheeler,16,3,Clear,Village Road,Under Construction,Dark,None,98,40,Valid,No,Intersection
Nagaland,2022,July,Thursday,08:45,Minor,1,Car,10,3,Foggy,Urban Road,Wet,Daylight,Signs,93,53,Expired,No,Intersection
Sikkim,2021,March,Wednesday,00:05,Serious,4,Pedestrian,11,5,Clear,State Highway,Damaged,Dawn,Police Checkpost,87,57,Expired,No,Intersection
Uttarakhand,2023,April,Thursday,04:30,Fatal,4,Auto-Rickshaw,16,5,Rainy,State Highway,Wet,Dark,None,117,74,Valid,Yes,Curve
Bihar,2021,August,Sunday,09:25,Serious,4,Cycle,13,1,Clear,National Highway,Wet,Dark,Signals,113,66,Expired,No,Intersection
Goa,2018,February,Thursday,23:59,Minor,5,Truck,17,0,Rainy,State Highway,Damaged,Daylight,Police Checkpost,116,61,Valid,No,Intersection
Assam,2023,October,Sunday,14:03,Minor,1,Bus,6,2,Clear,State Highway,Dry,Daylight,None,41,40,Valid,No,Intersection
Madhya Pradesh,2019,September,Monday,20:41,Minor,2,Pedestrian,9,5,Clear,Village Road,Wet,Daylight,Signs,42,45,None,No,Straight Road
Jharkhand,2019,October,Wednesday,22:16,Minor,1,Cycle,9,5,Rainy,State Highway,Under Construction,Daylight,Signs,74,38,Expired,No,Curve
Mizoram,2022,August,Monday,19:57,Fatal,3,Auto-Rickshaw,7,2,Clear,National Highway,Under Construction,Dusk,Signs,37,40,Expired,Yes,Bridge
Rajasthan,2022,June,Thursday,07:52,Fatal,5,Bus,14,5,Clear,State Highway,Wet,Dawn,Signals,112,26,Expired,Yes,Straight Road
Nagaland,2023,July,Monday,02:39,Minor,2,Car,11,0,Foggy,State Highway,Wet,Dusk,Signs,116,50,None,No,Bridge
Nagaland,2020,October,Wednesday,06:32,Fatal,2,Auto-Rickshaw,8,0,Clear,Village Road,Under Construction,Dusk,None,90,26,None,Yes,Bridge
Nagaland,2022,December,Tuesday,05:43,Minor,3,Auto-Rickshaw,11,0,Foggy,National Highway,Wet,Dusk,Signs,76,38,None,No,Curve
Gujarat,2022,February,Tuesday,18:52,Serious,1,Bus,9,5,Rainy,State Highway,Damaged,Daylight,Signs,97,34,None,No,Bridge
Andhra Pradesh,2021,May,Saturday,22:24,Minor,2,Two-Wheeler,12,0,Foggy,Village Road,Wet,Daylight,Signals,102,33,None,No,Intersection
Arunachal Pradesh,2020,May,Thursday,17:29,Minor,1,Auto-Rickshaw,10,1,Foggy,State Highway,Dry,Dusk,Police Checkpost,108,51,Valid,No,Bridge
Rajasthan,2020,January,Thursday,08:27,Serious,2,Two-Wheeler,9,2,Rainy,National Highway,Under Construction,Dawn,None,67,31,Expired,Yes,Straight Road
Chhattisgarh,2018,March,Monday,21:10,Serious,2,Two-Wheeler,8,0,Rainy,State Highway,Damaged,Dawn,None,72,6,Valid,Yes,Curve
Karnataka,2020,September,Monday,15:31,Minor,2,Auto-Rickshaw,11,3,Foggy,National Highway,Under Construction,Dusk,Signals,94,30,None,No,Straight Road
Assam,2018,October,Saturday,02:38,Fatal,5,Bus,11,3,Rainy,State Highway,Under Construction,Dusk,Signs,56,39,Valid,Yes,Bridge
Himachal Pradesh,2019,September,Monday,22:11,Fatal,5,Auto-Rickshaw,12,1,Snowy,National Highway,Wet,Daylight,Signals,45,46,None,Yes,Straight Road
Odisha,2019,August,Saturday,16:58,Minor,4,Car,10,0,Clear,National Highway,Dry,Dawn,Signals,57,41,Expired,No,Bridge
Madhya Pradesh,2020,January,Sunday,08:05,Minor,4,Two-Wheeler,12,5,Clear,National Highway,Damaged,Dawn,None,100,31,Valid,No,Curve
Nagaland,2022,November,Monday,11:58,Serious,3,Auto-Rickshaw,8,4,Stormy,National Highway,Under Construction,Dark,Signals,36,53,Expired,Yes,Straight Road
Haryana,2023,November,Monday,06:32,Minor,3,Pedestrian,12,5,Foggy,Urban Road,Wet,Dark,Signs,106,36,Valid,No,Bridge
Tamil Nadu,2022,November,Thursday,10:22,Serious,5,Pedestrian,11,4,Stormy,Village Road,Dry,Daylight,Signals,74,35,Expired,No,Bridge
Nagaland,2020,August,Saturday,07:53,Fatal,5,Bus,9,4,Rainy,State Highway,Under Construction,Dusk,None,35,31,Valid,Yes,Intersection
Bihar,2023,May,Sunday,12:26,Fatal,4,Pedestrian,10,1,Clear,Village Road,Damaged,Dawn,Police Checkpost,63,52,None,Yes,Intersection
Delhi,2019,June,Monday,12:29,Serious,2,Auto-Rickshaw,9,1,Rainy,Urban Road,Under Construction,Daylight,None,63,33,Valid,No,Bridge
Sikkim,2019,September,Monday,07:05,Serious,5,Pedestrian,14,3,Clear,Urban Road,Damaged,Daylight,Signals,80,39,None,Yes,Intersection
Delhi,2020,November,Thursday,22:27,Fatal,4,Car,9,3,Foggy,Village Road,Damaged,Dusk,None,35,55,None,Yes,Intersection
Gujarat,2022,August,Sunday,13:32,Fatal,1,Truck,9,1,Rainy,National Highway,Wet,Dusk,Police Checkpost,83,34,Expired,Yes,Bridge
Kerala,2022,March,Thursday,04:53,Fatal,3,Two-Wheeler,6,5,Clear,Urban Road,Damaged,Dark,Police Checkpost,46,29,Expired,Yes,Intersection
Assam,2023,April,Sunday,04:58,Serious,2,Auto-Rickshaw,10,4,Rainy,National Highway,Damaged,Dawn,Signals,104,35,Expired,Yes,Straight Road
Mizoram,2022,October,Saturday,19:23,Serious,4,Cycle,8,3,Clear,State Highway,Under Construction,Dawn,None,47,43,None,No,Straight Road
Manipur,2020,June,Friday,15:56,Minor,4,Pedestrian,5,5,Clear,National Highway,Wet,Dark,Signals,42,47,None,No,Straight Road
Uttarakhand,2019,December,Thursday,08:29,Fatal,3,Car,9,5,Stormy,Urban Road,Dry,Dawn,Signals,73,43,Expired,Yes,Intersection
Mizoram,2018,November,Friday,04:30,Minor,4,Bus,12,3,Clear,State Highway,Wet,Dawn,Signs,108,34,Valid,No,Bridge
Himachal Pradesh,2020,March,Saturday,13:59,Fatal,3,Two-Wheeler,10,2,Clear,Village Road,Damaged,Daylight,None,63,48,Expired,Yes,Intersection
Uttarakhand,2021,April,Saturday,15:14,Fatal,2,Truck,5,0,Stormy,Village Road,Wet,Dark,Signs,39,5,Valid,Yes,Curve
Jammu and Kashmir,2021,December,Thursday,08:42,Fatal,1,Cycle,9,0,Clear,Village Road,Wet,Dusk,Signals,100,28,Valid,Yes,Bridge
Goa,2018,February,Monday,15:33,Minor,1,Bus,5,3,Stormy,State Highway,Under Construction,Dusk,Police Checkpost,53,32,None,No,Straight Road
Arunachal Pradesh,2022,July,Friday,13:30,Fatal,2,Cycle,10,1,Stormy,Village Road,Damaged,Dawn,None,90,44,None,Yes,Bridge
Karnataka,2023,July,Thursday,10:57,Minor,5,Auto-Rickshaw,13,3,Rainy,Village Road,Under Construction,Dawn,None,91,37,Expired,No,Bridge
Haryana,2019,October,Wednesday,18:54,Minor,2,Two-Wheeler,7,2,Foggy,National Highway,Under Construction,Dark,Signs,67,50,None,No,Intersection
Kerala,2021,December,Tuesday,17:01,Serious,1,Bus,5,3,Foggy,Village Road,Damaged,Daylight,Signals,46,34,None,No,Straight Road
Manipur,2018,April,Monday,12:17,Minor,1,Pedestrian,9,0,Foggy,State Highway,Damaged,Daylight,Signals,90,56,Expired,No,Intersection
Rajasthan,2022,October,Saturday,17:22,Minor,4,Truck,11,3,Clear,Village Road,Dry,Daylight,Signals,99,42,None,No,Intersection
Tamil Nadu,2023,November,Sunday,11:39,Minor,5,Auto-Rickshaw,8,2,Rainy,Village Road,Dry,Daylight,Police Checkpost,32,30,None,No,Bridge
Delhi,2021,February,Monday,13:20,Minor,2,Truck,8,3,Clear,Village Road,Wet,Dawn,Police Checkpost,72,39,Expired,No,Curve
Odisha,2021,September,Tuesday,18:17,Fatal,2,Cycle,6,2,Clear,National Highway,Dry,Dusk,Signs,60,39,Valid,Yes,Bridge
Jammu and Kashmir,2023,June,Friday,13:17,Serious,2,Cycle,7,2,Rainy,National Highway,Under Construction,Dark,None,61,46,Expired,Yes,Intersection
Sikkim,2022,February,Thursday,09:07,Minor,4,Car,7,0,Stormy,National Highway,Under Construction,Dusk,None,38,37,None,No,Intersection
Himachal Pradesh,2021,April,Thursday,20:00,Fatal,1,Truck,6,1,Clear,National Highway,Dry,Dusk,Police Checkpost,79,52,Expired,Yes,Bridge
Maharashtra,2020,October,Thursday,08:28,Serious,3,Truck,8,3,Rainy,National Highway,Dry,Daylight,Signals,63,49,Expired,No,Intersection
Assam,2021,July,Thursday,19:12,Fatal,1,Auto-Rickshaw,5,5,Rainy,Village Road,Damaged,Dawn,Signs,45,54,Valid,Yes,Intersection
Madhya Pradesh,2023,November,Wednesday,03:54,Fatal,4,Pedestrian,14,4,Clear,National Highway,Damaged,Dawn,Signs,107,27,Valid,Yes,Curve
Chhattisgarh,2023,September,Sunday,11:27,Minor,4,Cycle,11,1,Rainy,Urban Road,Wet,Dawn,Signs,77,37,Valid,No,Bridge
Puducherry,2022,December,Monday,15:40,Serious,1,Auto-Rickshaw,7,3,Foggy,State Highway,Dry,Dusk,Signals,75,41,None,Yes,Intersection
Chandigarh,2023,May,Tuesday,16:59,Serious,4,Two-Wheeler,8,4,Clear,National Highway,Dry,Daylight,Signs,44,22,Valid,Yes,Bridge
Arunachal Pradesh,2022,August,Tuesday,02:47,Fatal,4,Truck,13,3,Foggy,Village Road,Wet,Dawn,Signals,103,38,Valid,Yes,Curve
Uttarakhand,2020,December,Thursday,01:13,Minor,3,Cycle,12,3,Rainy,National Highway,Under Construction,Dawn,None,94,12,None,No,Curve
Odisha,2021,July,Monday,15:16,Fatal,4,Two-Wheeler,8,4,Rainy,National Highway,Dry,Dawn,Signals,43,44,Valid,Yes,Bridge
Arunachal Pradesh,2021,July,Monday,19:06,Serious,3,Truck,12,4,Foggy,Urban Road,Under Construction,Dark,Signals,105,47,Expired,No,Straight Road
Meghalaya,2019,June,Monday,05:36,Minor,3,Cycle,8,2,Stormy,State Highway,Damaged,Daylight,None,47,4,None,No,Bridge
Nagaland,2023,December,Wednesday,06:41,Serious,2,Bus,7,2,Clear,State Highway,Damaged,Daylight,Signs,43,25,Expired,Yes,Intersection
Mizoram,2020,January,Friday,20:31,Serious,4,Cycle,8,1,Clear,Village Road,Wet,Dusk,Signals,43,39,Expired,Yes,Curve
Meghalaya,2019,May,Friday,14:09,Serious,5,Pedestrian,12,2,Foggy,Village Road,Dry,Dawn,None,62,36,None,Yes,Curve
Haryana,2022,October,Monday,03:40,Fatal,3,Bus,11,5,Foggy,State Highway,Dry,Dark,None,87,27,Valid,Yes,Curve
Andhra Pradesh,2022,December,Sunday,21:42,Minor,5,Auto-Rickshaw,10,0,Clear,National Highway,Dry,Dusk,Signs,59,38,Valid,No,Curve
Uttarakhand,2019,March,Monday,03:10,Serious,1,Bus,4,2,Rainy,Urban Road,Wet,Dark,None,38,46,None,Yes,Curve
Bihar,2022,August,Monday,22:19,Serious,1,Truck,5,3,Foggy,Urban Road,Damaged,Dawn,Police Checkpost,58,54,None,No,Curve
Sikkim,2018,February,Wednesday,03:06,Fatal,3,Car,10,0,Clear,National Highway,Dry,Dark,None,70,40,None,Yes,Straight Road
Bihar,2022,November,Wednesday,20:02,Fatal,4,Auto-Rickshaw,9,2,Clear,Urban Road,Under Construction,Dark,Signals,61,15,Valid,Yes,Intersection
Bihar,2018,May,Saturday,21:26,Fatal,2,Cycle,9,5,Foggy,State Highway,Wet,Dark,None,86,46,Valid,Yes,Intersection
Uttar Pradesh,2021,May,Wednesday,09:39,Minor,4,Truck,15,5,Clear,Village Road,Wet,Dark,Police Checkpost,109,51,Expired,No,Intersection
Meghalaya,2021,January,Saturday,17:04,Serious,1,Truck,11,0,Rainy,National Highway,Under Construction,Daylight,Police Checkpost,101,41,Valid,No,Intersection
Punjab,2023,August,Wednesday,13:16,Fatal,1,Cycle,8,4,Clear,National Highway,Dry,Dark,Signals,99,53,Valid,Yes,Intersection
Haryana,2018,December,Sunday,16:46,Serious,1,Bus,6,1,Rainy,Village Road,Damaged,Dark,Signals,92,29,Expired,No,Bridge
Kerala,2021,March,Friday,05:42,Serious,4,Auto-Rickshaw,14,4,Rainy,Village Road,Dry,Dark,Police Checkpost,107,29,None,Yes,Curve
Chhattisgarh,2018,October,Wednesday,19:31,Minor,2,Bus,4,4,Rainy,State Highway,Dry,Dawn,Signs,31,34,Valid,No,Intersection
Karnataka,2021,March,Thursday,08:12,Serious,4,Pedestrian,12,2,Rainy,State Highway,Damaged,Daylight,Police Checkpost,108,43,None,Yes,Intersection
Jammu and Kashmir,2019,August,Saturday,13:29,Fatal,1,Truck,9,1,Clear,State Highway,Wet,Dark,Signs,87,32,Valid,Yes,Bridge
Mizoram,2023,October,Friday,23:46,Minor,5,Cycle,15,3,Foggy,National Highway,Under Construction,Daylight,Police Checkpost,96,58,None,No,Intersection
Chhattisgarh,2022,March,Tuesday,22:41,Fatal,4,Two-Wheeler,9,5,Clear,State Highway,Wet,Dusk,Signals,79,47,None,Yes,Curve
Odisha,2023,November,Sunday,12:32,Minor,1,Cycle,5,5,Foggy,Village Road,Under Construction,Dusk,Police Checkpost,46,30,Valid,No,Straight Road
Bihar,2019,August,Sunday,08:27,Fatal,2,Bus,8,1,Rainy,National Highway,Wet,Dark,None,58,27,None,Yes,Intersection
Arunachal Pradesh,2020,November,Monday,18:53,Minor,4,Bus,10,5,Foggy,Village Road,Wet,Daylight,Signals,56,68,None,No,Curve
Jammu and Kashmir,2022,June,Monday,21:24,Fatal,1,Bus,7,1,Snowy,Village Road,Damaged,Dawn,Signals,70,51,Valid,Yes,Bridge
Punjab,2021,June,Sunday,01:06,Fatal,5,Car,14,5,Stormy,National Highway,Under Construction,Daylight,Signals,118,69,Expired,Yes,Straight Road
Karnataka,2023,December,Tuesday,02:52,Serious,5,Auto-Rickshaw,9,1,Foggy,Village Road,Dry,Dark,None,43,42,None,Yes,Bridge
Haryana,2022,September,Wednesday,15:55,Minor,4,Two-Wheeler,9,2,Rainy,Urban Road,Wet,Dusk,Signals,56,34,None,No,Curve
Odisha,2021,February,Saturday,13:31,Serious,1,Truck,10,0,Rainy,State Highway,Under Construction,Daylight,Police Checkpost,102,43,Valid,No,Straight Road
Bihar,2018,April,Friday,14:08,Serious,2,Bus,10,3,Rainy,Village Road,Under Construction,Dark,None,118,63,Valid,No,Straight Road
Goa,2020,April,Thursday,09:42,Fatal,4,Auto-Rickshaw,13,3,Clear,Urban Road,Under Construction,Dusk,Signs,114,43,Expired,Yes,Straight Road
Bihar,2023,March,Thursday,17:09,Fatal,3,Pedestrian,13,2,Clear,Urban Road,Wet,Dawn,Signs,105,58,None,Yes,Curve
Telangana,2020,October,Friday,14:54,Serious,5,Car,15,3,Clear,State Highway,Dry,Dawn,Police Checkpost,116,32,None,Yes,Intersection
West Bengal,2023,January,Thursday,07:57,Serious,4,Pedestrian,11,4,Foggy,National Highway,Under Construction,Dusk,Signals,88,28,Expired,Yes,Bridge
Goa,2019,July,Friday,17:47,Fatal,5,Truck,12,4,Clear,National Highway,Wet,Daylight,Signals,75,39,Valid,Yes,Intersection
West Bengal,2023,September,Friday,09:42,Fatal,4,Auto-Rickshaw,12,4,Clear,Urban Road,Dry,Dark,Police Checkpost,77,28,Expired,Yes,Curve
West Bengal,2018,November,Friday,20:31,Minor,3,Cycle,13,5,Stormy,Urban Road,Wet,Dark,Signs,105,28,None,No,Curve
Delhi,2018,December,Tuesday,18:52,Serious,2,Bus,12,5,Clear,National Highway,Damaged,Dusk,Signs,109,30,None,No,Intersection
Arunachal Pradesh,2023,August,Thursday,17:45,Fatal,1,Truck,10,2,Stormy,National Highway,Damaged,Dusk,None,87,45,None,Yes,Bridge
Bihar,2019,February,Thursday,12:41,Fatal,1,Truck,8,2,Foggy,Village Road,Damaged,Dusk,None,96,44,None,Yes,Bridge
Uttarakhand,2023,May,Saturday,06:57,Serious,5,Auto-Rickshaw,10,0,Rainy,National Highway,Dry,Dusk,Police Checkpost,61,29,None,Yes,Intersection
Himachal Pradesh,2020,March,Monday,06:27,Minor,2,Cycle,10,3,Clear,Urban Road,Wet,Daylight,Police Checkpost,98,10,Valid,No,Bridge
Meghalaya,2020,July,Saturday,22:32,Fatal,5,Cycle,12,5,Rainy,National Highway,Under Construction,Dark,None,91,62,Expired,Yes,Intersection
Uttar Pradesh,2021,April,Sunday,12:06,Fatal,3,Car,11,3,Clear,Urban Road,Wet,Dusk,None,82,50,Valid,Yes,Curve
Arunachal Pradesh,2022,November,Tuesday,18:17,Fatal,4,Cycle,14,0,Stormy,Village Road,Under Construction,Dark,Signals,112,16,Expired,Yes,Curve
Tripura,2020,January,Monday,05:34,Fatal,2,Bus,12,4,Rainy,Urban Road,Under Construction,Dusk,Signs,105,39,Expired,Yes,Curve
Andhra Pradesh,2018,August,Wednesday,20:44,Minor,5,Auto-Rickshaw,16,2,Clear,Urban Road,Damaged,Dawn,None,112,42,None,No,Curve
Telangana,2019,July,Wednesday,07:58,Minor,3,Auto-Rickshaw,5,0,Clear,Village Road,Dry,Daylight,Signs,37,42,Valid,No,Curve
Assam,2020,November,Monday,07:34,Fatal,3,Truck,8,2,Clear,National Highway,Damaged,Dark,Police Checkpost,42,31,Expired,Yes,Curve
Maharashtra,2021,November,Wednesday,07:24,Fatal,4,Cycle,7,4,Clear,National Highway,Under Construction,Dusk,Signals,35,27,Valid,Yes,Intersection
Jammu and Kashmir,2022,September,Monday,00:48,Fatal,4,Truck,10,5,Foggy,State Highway,Damaged,Dusk,Police Checkpost,54,31,Valid,Yes,Intersection
Rajasthan,2022,November,Monday,19:50,Minor,4,Truck,9,3,Clear,Village Road,Damaged,Dark,Signs,54,42,Valid,No,Bridge
Jammu and Kashmir,2023,November,Wednesday,03:05,Serious,5,Truck,14,2,Clear,Urban Road,Damaged,Dark,None,114,43,Expired,No,Straight Road
Arunachal Pradesh,2018,November,Friday,13:27,Minor,5,Truck,13,5,Clear,Urban Road,Wet,Dawn,Police Checkpost,86,34,Expired,No,Straight Road
Chandigarh,2019,October,Tuesday,14:20,Minor,4,Two-Wheeler,11,4,Clear,National Highway,Under Construction,Daylight,Signs,71,36,Valid,No,Curve
Nagaland,2021,November,Friday,18:01,Serious,4,Cycle,12,4,Rainy,Urban Road,Dry,Dawn,Police Checkpost,76,32,None,No,Bridge
Jharkhand,2019,August,Friday,20:32,Serious,4,Truck,11,2,Foggy,Urban Road,Under Construction,Dawn,Signs,84,42,None,Yes,Curve
Haryana,2018,April,Friday,04:34,Fatal,2,Truck,8,1,Clear,Urban Road,Under Construction,Daylight,Signs,42,47,Expired,Yes,Straight Road
Jammu and Kashmir,2023,March,Tuesday,06:39,Minor,5,Car,11,2,Rainy,Village Road,Wet,Dusk,Police Checkpost,46,45,None,No,Bridge
Uttarakhand,2021,February,Wednesday,08:58,Fatal,3,Pedestrian,9,3,Foggy,National Highway,Damaged,Dusk,Signs,65,23,None,Yes,Intersection
Sikkim,2022,August,Wednesday,23:00,Serious,4,Car,11,3,Clear,Village Road,Under Construction,Dark,None,80,56,Expired,Yes,Curve
Assam,2022,May,Thursday,03:05,Fatal,5,Pedestrian,12,0,Clear,National Highway,Dry,Dusk,Signs,60,56,Valid,Yes,Intersection
Maharashtra,2019,August,Thursday,19:13,Fatal,4,Bus,10,3,Rainy,Urban Road,Wet,Dawn,Signals,64,22,None,Yes,Straight Road
Chandigarh,2023,July,Monday,23:00,Minor,2,Auto-Rickshaw,11,2,Foggy,State Highway,Damaged,Dark,Police Checkpost,100,36,Expired,No,Straight Road
Tamil Nadu,2023,April,Friday,21:17,Serious,3,Car,11,2,Stormy,State Highway,Dry,Dark,Signals,100,39,Valid,Yes,Bridge
Assam,2022,June,Saturday,21:29,Serious,5,Pedestrian,9,2,Clear,State Highway,Wet,Dawn,Signs,61,45,Expired,No,Curve
Uttar Pradesh,2018,May,Tuesday,13:24,Serious,3,Pedestrian,5,1,Clear,National Highway,Damaged,Dawn,None,34,43,None,No,Straight Road
Chhattisgarh,2023,April,Sunday,22:11,Minor,4,Auto-Rickshaw,10,2,Foggy,Urban Road,Under Construction,Dawn,None,67,42,None,No,Straight Road
Andhra Pradesh,2023,October,Tuesday,03:58,Minor,4,Cycle,6,2,Rainy,Urban Road,Damaged,Dawn,Police Checkpost,35,40,Valid,No,Intersection
Goa,2022,March,Thursday,00:54,Minor,2,Bus,11,0,Clear,National Highway,Dry,Dusk,Police Checkpost,115,27,None,No,Intersection
Tamil Nadu,2018,January,Tuesday,13:21,Serious,4,Two-Wheeler,9,1,Foggy,Urban Road,Under Construction,Daylight,None,69,42,Valid,No,Bridge
Chhattisgarh,2018,April,Thursday,06:35,Serious,1,Auto-Rickshaw,6,1,Clear,Urban Road,Under Construction,Dawn,Signals,75,41,Expired,Yes,Straight Road
Nagaland,2020,November,Friday,20:15,Serious,4,Cycle,5,3,Foggy,State Highway,Wet,Daylight,Signals,33,38,None,Yes,Straight Road
Himachal Pradesh,2021,November,Monday,07:04,Serious,4,Auto-Rickshaw,10,5,Foggy,State Highway,Damaged,Dark,Police Checkpost,71,55,None,No,Intersection
Puducherry,2022,January,Sunday,02:13,Minor,2,Truck,5,3,Clear,Village Road,Damaged,Daylight,Signals,34,41,None,No,Intersection
Puducherry,2023,October,Thursday,10:36,Serious,2,Pedestrian,7,1,Clear,Urban Road,Dry,Dusk,Police Checkpost,44,25,Valid,Yes,Intersection
Puducherry,2018,May,Saturday,17:09,Minor,1,Pedestrian,7,1,Rainy,Village Road,Damaged,Dawn,Signals,88,5,Valid,No,Intersection
Jammu and Kashmir,2020,July,Friday,02:46,Fatal,3,Two-Wheeler,14,0,Stormy,Urban Road,Wet,Dusk,None,114,41,Valid,Yes,Intersection
Delhi,2018,June,Wednesday,04:48,Minor,1,Bus,9,0,Clear,National Highway,Damaged,Dawn,Police Checkpost,100,42,Valid,No,Bridge
Uttarakhand,2019,April,Friday,12:40,Fatal,4,Cycle,15,5,Rainy,State Highway,Dry,Dusk,Police Checkpost,111,47,None,Yes,Intersection
Goa,2023,June,Monday,07:41,Minor,1,Cycle,6,2,Clear,Village Road,Wet,Dark,Signs,50,42,Valid,No,Straight Road
Punjab,2019,October,Sunday,15:23,Minor,2,Pedestrian,8,1,Stormy,Village Road,Dry,Dark,Police Checkpost,80,39,Expired,No,Intersection
West Bengal,2019,April,Sunday,03:12,Fatal,2,Bus,7,1,Foggy,National Highway,Under Construction,Dusk,None,55,56,Expired,Yes,Bridge
Tripura,2018,November,Saturday,09:30,Minor,5,Two-Wheeler,15,4,Rainy,National Highway,Damaged,Dusk,None,108,48,None,No,Straight Road
Rajasthan,2023,April,Saturday,12:42,Minor,2,Bus,8,5,Stormy,National Highway,Dry,Daylight,Police Checkpost,46,33,Valid,No,Intersection
Nagaland,2022,November,Sunday,17:53,Fatal,4,Pedestrian,9,5,Clear,Village Road,Under Construction,Dawn,Signs,38,49,Valid,Yes,Bridge
Rajasthan,2018,August,Friday,12:17,Minor,3,Pedestrian,12,1,Foggy,National Highway,Dry,Dawn,None,98,33,Valid,No,Curve
Arunachal Pradesh,2023,August,Wednesday,23:40,Minor,1,Pedestrian,6,1,Stormy,National Highway,Wet,Dark,Signs,65,19,Expired,No,Intersection
Punjab,2022,October,Tuesday,08:15,Minor,5,Car,10,5,Stormy,National Highway,Wet,Daylight,None,52,37,Valid,No,Intersection
Himachal Pradesh,2021,July,Tuesday,19:51,Minor,5,Bus,9,3,Clear,Urban Road,Dry,Dusk,Signs,55,57,None,No,Curve
Kerala,2018,June,Wednesday,02:30,Minor,4,Cycle,9,3,Stormy,Village Road,Damaged,Dusk,Police Checkpost,66,43,None,No,Intersection
Uttarakhand,2022,March,Saturday,10:42,Fatal,1,Bus,7,1,Clear,Village Road,Dry,Dawn,Signals,71,53,Valid,Yes,Intersection
Chhattisgarh,2019,April,Tuesday,21:21,Minor,5,Two-Wheeler,10,4,Clear,National Highway,Wet,Daylight,None,56,40,None,No,Curve
Rajasthan,2021,March,Sunday,04:50,Minor,5,Truck,10,2,Clear,Urban Road,Damaged,Dusk,Signals,48,39,None,No,Intersection
Kerala,2018,August,Monday,13:44,Fatal,3,Truck,9,2,Rainy,State Highway,Damaged,Dawn,None,81,19,Expired,Yes,Curve
Tamil Nadu,2018,August,Friday,16:37,Minor,4,Car,10,2,Foggy,Village Road,Under Construction,Daylight,None,75,29,None,No,Intersection
Jharkhand,2022,October,Monday,22:28,Serious,3,Auto-Rickshaw,10,5,Foggy,National Highway,Under Construction,Dawn,Signals,82,38,Valid,No,Curve
Haryana,2021,September,Wednesday,02:03,Serious,4,Car,12,0,Clear,Village Road,Dry,Dusk,Signals,86,33,None,Yes,Straight Road
Maharashtra,2023,January,Monday,09:40,Serious,2,Two-Wheeler,6,0,Clear,National Highway,Under Construction,Dark,Signals,34,52,Valid,Yes,Straight Road
Uttarakhand,2023,May,Sunday,12:15,Serious,1,Car,6,2,Clear,Urban Road,Damaged,Daylight,Signs,70,46,Valid,Yes,Bridge
Rajasthan,2020,November,Thursday,05:17,Minor,5,Auto-Rickshaw,10,1,Stormy,Village Road,Under Construction,Daylight,Police Checkpost,50,32,Expired,No,Curve
Goa,2021,August,Thursday,12:39,Serious,4,Car,7,4,Rainy,State Highway,Under Construction,Dusk,Police Checkpost,36,40,Valid,Yes,Intersection
Chhattisgarh,2023,November,Wednesday,07:53,Minor,1,Truck,5,0,Foggy,National Highway,Wet,Dusk,Signals,47,42,None,No,Bridge
Mizoram,2021,December,Sunday,02:01,Serious,4,Bus,9,2,Clear,State Highway,Wet,Dusk,Police Checkpost,72,33,None,Yes,Curve
Kerala,2018,July,Sunday,02:55,Serious,2,Bus,9,1,Rainy,National Highway,Damaged,Dark,Signs,89,49,Valid,No,Intersection
Odisha,2023,December,Saturday,17:51,Minor,1,Cycle,5,3,Rainy,National Highway,Dry,Dusk,Signs,48,49,Valid,No,Straight Road
Uttar Pradesh,2019,March,Friday,22:01,Serious,1,Auto-Rickshaw,7,5,Rainy,Village Road,Under Construction,Dawn,Police Checkpost,57,36,Expired,No,Bridge
Bihar,2023,January,Wednesday,03:17,Serious,1,Car,3,1,Stormy,National Highway,Damaged,Dusk,Signs,58,48,Expired,No,Curve
Bihar,2021,March,Thursday,22:33,Fatal,3,Truck,10,1,Rainy,Village Road,Under Construction,Dark,Police Checkpost,91,48,Expired,Yes,Straight Road
Kerala,2023,April,Saturday,10:38,Minor,4,Bus,13,3,Foggy,National Highway,Under Construction,Dawn,None,105,43,Valid,No,Intersection
Sikkim,2023,June,Friday,00:05,Fatal,3,Two-Wheeler,10,4,Clear,National Highway,Wet,Daylight,Signs,59,42,Expired,Yes,Intersection
Chandigarh,2019,November,Tuesday,10:03,Fatal,4,Bus,9,0,Rainy,State Highway,Damaged,Dawn,None,49,45,Expired,Yes,Bridge
West Bengal,2020,January,Thursday,23:52,Fatal,3,Pedestrian,8,3,Rainy,State Highway,Damaged,Dark,None,47,32,Valid,Yes,Bridge
Meghalaya,2020,January,Monday,20:26,Minor,2,Two-Wheeler,10,2,Rainy,Village Road,Under Construction,Dark,None,100,16,Valid,No,Curve
Uttarakhand,2021,July,Sunday,17:53,Serious,3,Pedestrian,8,0,Foggy,State Highway,Wet,Dawn,None,60,36,None,Yes,Intersection
Sikkim,2019,May,Monday,03:24,Minor,4,Two-Wheeler,12,0,Clear,Urban Road,Wet,Daylight,Signs,78,24,Expired,No,Curve
Puducherry,2021,March,Thursday,08:36,Fatal,4,Bus,11,5,Rainy,Urban Road,Under Construction,Daylight,Police Checkpost,84,30,Expired,Yes,Bridge
Kerala,2019,May,Saturday,15:49,Fatal,4,Car,11,0,Clear,Village Road,Wet,Dusk,Police Checkpost,77,32,None,Yes,Intersection
Uttarakhand,2023,September,Wednesday,01:36,Fatal,5,Truck,10,3,Clear,State Highway,Dry,Dusk,None,56,20,None,Yes,Intersection
Maharashtra,2022,January,Thursday,15:55,Fatal,1,Pedestrian,7,1,Foggy,National Highway,Dry,Daylight,Police Checkpost,75,38,None,Yes,Intersection
Manipur,2023,May,Saturday,22:55,Fatal,4,Car,7,4,Foggy,Urban Road,Dry,Dark,Signals,50,46,None,Yes,Bridge
Goa,2022,April,Saturday,09:45,Serious,1,Two-Wheeler,2,5,Rainy,National Highway,Under Construction,Dawn,Signals,35,55,None,Yes,Intersection
Uttar Pradesh,2021,December,Saturday,05:26,Minor,2,Bus,8,3,Clear,State Highway,Damaged,Dusk,Police Checkpost,75,50,Expired,No,Curve
Kerala,2022,February,Wednesday,23:44,Minor,3,Car,8,3,Clear,Village Road,Dry,Daylight,Signals,51,58,Expired,No,Bridge
Assam,2023,August,Sunday,22:58,Serious,1,Cycle,9,3,Clear,Village Road,Under Construction,Dawn,Signals,89,41,Valid,Yes,Bridge
Assam,2019,April,Sunday,07:21,Fatal,1,Bus,5,1,Clear,Urban Road,Damaged,Daylight,Police Checkpost,34,60,Expired,Yes,Straight Road
Rajasthan,2020,October,Wednesday,23:42,Fatal,5,Bus,17,2,Rainy,National Highway,Wet,Dawn,None,108,70,None,Yes,Intersection
Bihar,2018,February,Wednesday,04:55,Minor,4,Pedestrian,15,0,Rainy,State Highway,Under Construction,Dawn,Police Checkpost,119,56,Expired,No,Bridge
West Bengal,2022,November,Saturday,22:31,Minor,1,Cycle,10,5,Foggy,National Highway,Dry,Daylight,Signs,111,33,Expired,No,Straight Road
Kerala,2018,January,Tuesday,05:18,Serious,3,Two-Wheeler,9,3,Clear,State Highway,Damaged,Dark,Signs,68,19,Valid,No,Straight Road
Telangana,2020,January,Monday,15:34,Serious,3,Two-Wheeler,5,0,Rainy,Village Road,Wet,Dawn,Signals,30,30,None,No,Curve
Assam,2023,October,Monday,12:07,Fatal,2,Pedestrian,6,0,Rainy,Urban Road,Dry,Dusk,None,53,37,None,Yes,Curve
Chandigarh,2020,April,Sunday,00:55,Minor,4,Two-Wheeler,10,1,Stormy,State Highway,Under Construction,Daylight,Signs,55,38,Valid,No,Straight Road
Punjab,2018,August,Saturday,18:56,Fatal,4,Bus,14,5,Stormy,National Highway,Dry,Dusk,Signs,104,31,None,Yes,Straight Road
Tripura,2020,April,Monday,10:35,Minor,4,Bus,13,4,Foggy,Village Road,Wet,Dusk,Signs,88,14,Expired,No,Intersection
Nagaland,2018,July,Saturday,20:00,Fatal,3,Car,7,1,Foggy,State Highway,Dry,Dark,Signals,42,34,Expired,Yes,Bridge
Andhra Pradesh,2020,March,Tuesday,06:53,Minor,3,Cycle,9,1,Foggy,Village Road,Dry,Daylight,Signs,57,37,Valid,No,Curve
Mizoram,2023,February,Friday,08:20,Minor,5,Pedestrian,9,4,Foggy,National Highway,Dry,Dusk,None,43,50,Valid,No,Straight Road
Karnataka,2020,August,Friday,17:28,Fatal,2,Truck,9,0,Rainy,Urban Road,Damaged,Dusk,Police Checkpost,98,41,Valid,Yes,Curve
Sikkim,2020,July,Friday,23:34,Fatal,1,Two-Wheeler,4,0,Clear,National Highway,Wet,Dawn,Signs,34,43,Valid,Yes,Intersection
Jharkhand,2019,May,Thursday,09:38,Fatal,1,Pedestrian,6,0,Foggy,National Highway,Damaged,Dark,Police Checkpost,78,60,None,Yes,Straight Road
Manipur,2022,March,Thursday,18:37,Fatal,5,Pedestrian,13,2,Clear,State Highway,Under Construction,Daylight,Police Checkpost,90,52,Expired,Yes,Intersection
Punjab,2020,August,Wednesday,04:49,Serious,5,Auto-Rickshaw,15,2,Stormy,Urban Road,Damaged,Dark,Signs,99,42,Valid,Yes,Curve
Haryana,2021,December,Wednesday,03:04,Serious,1,Car,10,5,Clear,National Highway,Dry,Daylight,Police Checkpost,115,28,None,Yes,Straight Road
Tripura,2023,November,Tuesday,05:07,Fatal,3,Car,8,1,Rainy,Village Road,Damaged,Dawn,Signals,76,46,Valid,Yes,Straight Road
Maharashtra,2022,June,Monday,06:33,Minor,3,Cycle,5,1,Clear,Village Road,Dry,Dark,Signs,37,36,Valid,No,Curve
Rajasthan,2021,February,Monday,21:37,Fatal,3,Truck,11,5,Foggy,Urban Road,Dry,Dusk,Signals,94,32,None,Yes,Curve
Odisha,2021,May,Sunday,00:39,Serious,3,Two-Wheeler,6,1,Stormy,Urban Road,Damaged,Dusk,Signals,32,46,Expired,No,Intersection
Himachal Pradesh,2020,February,Saturday,07:55,Fatal,1,Car,4,0,Clear,State Highway,Under Construction,Dawn,Signals,46,32,Expired,Yes,Curve
Arunachal Pradesh,2018,October,Saturday,14:10,Fatal,5,Auto-Rickshaw,14,2,Rainy,State Highway,Wet,Dawn,Signs,90,23,Expired,Yes,Curve
Meghalaya,2021,June,Thursday,13:31,Fatal,2,Bus,12,3,Clear,State Highway,Dry,Dawn,Signs,107,43,Expired,Yes,Intersection
Tamil Nadu,2021,September,Sunday,14:48,Serious,1,Pedestrian,5,3,Stormy,Urban Road,Damaged,Daylight,Police Checkpost,63,43,Expired,Yes,Intersection
Gujarat,2020,February,Monday,16:29,Minor,3,Two-Wheeler,11,1,Foggy,State Highway,Dry,Dark,Signals,97,42,Valid,No,Intersection
Chhattisgarh,2018,July,Wednesday,08:05,Fatal,4,Car,12,3,Clear,State Highway,Dry,Dusk,Signs,83,33,Valid,Yes,Straight Road
Odisha,2022,December,Friday,10:46,Serious,3,Car,9,3,Rainy,National Highway,Dry,Dusk,Police Checkpost,61,46,Expired,No,Intersection
Goa,2020,May,Monday,21:51,Serious,4,Truck,14,2,Foggy,Urban Road,Under Construction,Dark,Police Checkpost,104,39,Expired,Yes,Straight Road
Jammu and Kashmir,2021,November,Sunday,21:39,Serious,1,Two-Wheeler,5,2,Rainy,State Highway,Dry,Dark,Police Checkpost,41,40,None,No,Intersection
Telangana,2023,August,Saturday,22:07,Serious,3,Pedestrian,7,0,Stormy,Village Road,Under Construction,Dark,Signs,36,37,Expired,No,Curve
Arunachal Pradesh,2019,August,Monday,18:44,Serious,3,Cycle,8,5,Stormy,State Highway,Dry,Dark,Signs,35,43,None,Yes,Intersection
Jharkhand,2020,September,Sunday,07:27,Minor,3,Cycle,6,3,Clear,National Highway,Wet,Daylight,Signs,40,42,Valid,No,Curve
Andhra Pradesh,2023,March,Thursday,08:37,Serious,1,Pedestrian,4,1,Clear,State Highway,Damaged,Dusk,None,49,46,Expired,No,Curve
Bihar,2019,May,Saturday,22:32,Fatal,1,Bus,4,5,Clear,State Highway,Damaged,Dark,Police Checkpost,49,32,None,Yes,Intersection
Gujarat,2023,March,Wednesday,09:15,Fatal,1,Car,10,0,Clear,Village Road,Wet,Daylight,None,119,37,None,Yes,Intersection
Punjab,2023,July,Thursday,12:43,Fatal,3,Pedestrian,12,5,Rainy,Urban Road,Wet,Dusk,Signs,115,32,Expired,Yes,Straight Road
Himachal Pradesh,2023,April,Sunday,04:10,Fatal,5,Bus,16,1,Clear,Village Road,Damaged,Dark,Signs,113,41,Expired,Yes,Straight Road
Sikkim,2019,January,Wednesday,23:24,Serious,2,Two-Wheeler,12,4,Foggy,National Highway,Under Construction,Daylight,Signs,115,35,Valid,Yes,Curve
Jammu and Kashmir,2019,February,Friday,02:18,Serious,2,Pedestrian,9,4,Stormy,Urban Road,Wet,Dusk,None,85,8,Valid,Yes,Bridge
Telangana,2021,February,Sunday,03:31,Fatal,2,Auto-Rickshaw,10,1,Foggy,Village Road,Wet,Dark,Signs,84,33,None,Yes,Intersection
West Bengal,2018,July,Tuesday,09:28,Fatal,1,Two-Wheeler,9,0,Rainy,National Highway,Dry,Dawn,Police Checkpost,115,24,Expired,Yes,Intersection
Meghalaya,2022,May,Sunday,13:11,Fatal,5,Car,15,3,Rainy,Village Road,Damaged,Daylight,Signals,116,45,Expired,Yes,Bridge
Bihar,2023,April,Saturday,12:45,Fatal,4,Truck,14,5,Foggy,State Highway,Wet,Dawn,Signs,99,48,None,Yes,Intersection
Himachal Pradesh,2021,July,Wednesday,17:00,Fatal,1,Bus,7,2,Stormy,Urban Road,Wet,Daylight,None,73,29,Expired,Yes,Curve
Himachal Pradesh,2020,October,Sunday,01:59,Serious,5,Bus,16,4,Foggy,Village Road,Dry,Dawn,Signs,114,26,Expired,Yes,Intersection
Assam,2022,November,Friday,20:50,Fatal,1,Truck,11,0,Stormy,State Highway,Dry,Dark,Signs,111,43,Valid,Yes,Bridge
Mizoram,2022,June,Wednesday,06:34,Fatal,1,Truck,9,3,Clear,National Highway,Dry,Dark,Police Checkpost,89,34,Expired,Yes,Bridge
Tamil Nadu,2019,January,Friday,05:49,Serious,3,Cycle,13,1,Foggy,Village Road,Under Construction,Dark,None,112,55,Expired,Yes,Intersection
Himachal Pradesh,2021,November,Thursday,23:58,Fatal,5,Pedestrian,11,5,Clear,State Highway,Dry,Dawn,None,85,52,None,Yes,Bridge
Assam,2019,July,Tuesday,06:28,Minor,2,Truck,12,3,Rainy,Urban Road,Under Construction,Dawn,None,118,32,None,No,Straight Road
Tripura,2022,June,Wednesday,04:57,Fatal,5,Car,11,3,Clear,National Highway,Under Construction,Dusk,Signs,60,14,Valid,Yes,Bridge
Sikkim,2021,December,Friday,18:49,Fatal,5,Bus,8,5,Clear,National Highway,Dry,Dawn,Signals,36,45,Valid,Yes,Bridge
Chhattisgarh,2021,December,Saturday,11:10,Serious,4,Truck,12,1,Rainy,State Highway,Damaged,Dusk,Signals,87,36,Expired,Yes,Curve
Kerala,2021,February,Tuesday,17:07,Minor,2,Cycle,11,2,Rainy,National Highway,Damaged,Daylight,Signs,93,42,Expired,No,Bridge
Uttar Pradesh,2018,July,Tuesday,19:59,Fatal,4,Cycle,11,5,Clear,Village Road,Damaged,Dawn,Police Checkpost,82,49,None,Yes,Straight Road
Mizoram,2021,December,Monday,16:19,Serious,4,Cycle,10,0,Clear,Village Road,Under Construction,Dusk,Signs,63,42,Valid,Yes,Intersection
Tamil Nadu,2020,July,Tuesday,11:50,Fatal,2,Two-Wheeler,6,1,Stormy,State Highway,Dry,Dawn,Signals,46,41,Expired,Yes,Bridge
Haryana,2020,May,Thursday,16:24,Fatal,2,Pedestrian,8,0,Clear,State Highway,Damaged,Dawn,Signs,82,32,Expired,Yes,Intersection
Telangana,2022,July,Friday,20:32,Serious,5,Auto-Rickshaw,12,0,Clear,National Highway,Under Construction,Dark,Police Checkpost,77,55,Expired,No,Bridge
Tamil Nadu,2020,April,Friday,11:13,Serious,1,Auto-Rickshaw,10,3,Foggy,Urban Road,Under Construction,Daylight,Police Checkpost,99,29,Expired,Yes,Curve
Uttar Pradesh,2021,December,Friday,00:34,Minor,2,Truck,13,1,Clear,Urban Road,Under Construction,Daylight,Signs,112,33,None,No,Curve
Gujarat,2018,March,Friday,07:15,Minor,1,Two-Wheeler,8,0,Clear,Village Road,Under Construction,Daylight,None,70,35,Valid,No,Intersection
Jharkhand,2022,August,Sunday,18:05,Serious,3,Auto-Rickshaw,13,4,Stormy,State Highway,Under Construction,Dusk,Police Checkpost,105,30,Valid,Yes,Straight Road
Punjab,2023,July,Friday,22:17,Fatal,3,Pedestrian,10,3,Clear,State Highway,Damaged,Dusk,Police Checkpost,78,36,Expired,Yes,Bridge
Uttar Pradesh,2020,June,Wednesday,01:17,Serious,2,Bus,8,5,Rainy,Village Road,Damaged,Dusk,None,101,33,None,Yes,Curve
Haryana,2022,February,Wednesday,01:11,Fatal,5,Auto-Rickshaw,12,5,Clear,National Highway,Under Construction,Daylight,None,52,42,None,Yes,Bridge
Puducherry,2018,April,Thursday,00:41,Minor,2,Cycle,11,5,Clear,National Highway,Damaged,Dark,Signs,96,41,None,No,Bridge
Delhi,2021,June,Sunday,14:29,Fatal,4,Two-Wheeler,13,5,Rainy,Urban Road,Under Construction,Dusk,None,100,28,None,Yes,Intersection
Telangana,2021,June,Friday,04:08,Fatal,3,Auto-Rickshaw,12,4,Clear,National Highway,Damaged,Dusk,Police Checkpost,97,42,Valid,Yes,Bridge
Jharkhand,2023,May,Tuesday,05:34,Minor,3,Truck,9,1,Clear,Urban Road,Dry,Dawn,Signs,64,30,None,No,Straight Road
Kerala,2018,May,Monday,01:07,Fatal,4,Auto-Rickshaw,11,5,Rainy,Village Road,Under Construction,Daylight,Police Checkpost,88,36,None,Yes,Curve
Tripura,2021,August,Friday,18:55,Minor,4,Cycle,13,2,Stormy,National Highway,Damaged,Dawn,Signals,97,34,None,No,Curve
Puducherry,2023,February,Sunday,12:06,Minor,4,Bus,10,4,Clear,Village Road,Wet,Dawn,Signals,60,43,Expired,No,Bridge
Telangana,2019,May,Sunday,23:37,Minor,5,Car,11,3,Clear,National Highway,Dry,Daylight,None,56,51,Valid,No,Curve
Goa,2018,October,Wednesday,21:52,Serious,5,Two-Wheeler,13,5,Foggy,State Highway,Under Construction,Dusk,Signs,77,33,Expired,No,Curve
Kerala,2018,September,Friday,09:07,Fatal,1,Car,7,3,Rainy,State Highway,Damaged,Dark,Signals,99,20,Valid,Yes,Curve
Bihar,2022,March,Thursday,22:08,Minor,2,Pedestrian,11,5,Foggy,State Highway,Under Construction,Dawn,Signs,110,20,None,No,Straight Road
Maharashtra,2019,October,Thursday,19:01,Minor,2,Cycle,5,5,Stormy,Urban Road,Under Construction,Dark,Signals,41,47,Expired,No,Bridge
Haryana,2023,February,Monday,08:12,Fatal,1,Auto-Rickshaw,7,5,Rainy,Urban Road,Wet,Dark,Police Checkpost,80,29,Valid,Yes,Bridge
Rajasthan,2023,April,Tuesday,05:53,Serious,4,Pedestrian,12,4,Clear,Urban Road,Under Construction,Dawn,Signs,103,57,Valid,Yes,Bridge
Goa,2018,October,Wednesday,18:09,Minor,2,Bus,4,5,Clear,Village Road,Dry,Dawn,Signals,46,22,Expired,No,Straight Road
Assam,2020,May,Monday,03:21,Minor,3,Auto-Rickshaw,11,3,Foggy,Urban Road,Under Construction,Daylight,None,85,41,None,No,Straight Road
Madhya Pradesh,2023,November,Monday,01:19,Minor,1,Pedestrian,7,4,Foggy,Urban Road,Under Construction,Dark,Signals,71,45,None,No,Bridge
Arunachal Pradesh,2021,April,Thursday,07:30,Fatal,5,Pedestrian,16,1,Stormy,Urban Road,Damaged,Daylight,None,116,50,Valid,Yes,Intersection
Sikkim,2018,August,Thursday,08:26,Serious,4,Auto-Rickshaw,9,1,Clear,Village Road,Wet,Dark,None,48,24,Valid,Yes,Bridge
Uttar Pradesh,2018,September,Friday,16:25,Serious,1,Pedestrian,9,4,Foggy,Urban Road,Damaged,Dark,Signs,107,49,Expired,Yes,Straight Road
Manipur,2019,June,Sunday,04:38,Minor,5,Truck,16,0,Foggy,National Highway,Dry,Dusk,None,114,53,Expired,No,Curve
Sikkim,2023,June,Friday,00:11,Minor,5,Cycle,9,5,Clear,State Highway,Wet,Daylight,Police Checkpost,43,24,None,No,Curve
Haryana,2022,May,Friday,23:48,Fatal,5,Pedestrian,15,3,Foggy,State Highway,Wet,Dawn,Signs,96,41,Valid,Yes,Intersection
Maharashtra,2018,April,Friday,17:55,Minor,5,Truck,11,2,Stormy,National Highway,Dry,Dark,Signals,85,50,Expired,No,Curve
Chandigarh,2020,November,Wednesday,14:36,Minor,5,Car,14,5,Clear,National Highway,Damaged,Dawn,Police Checkpost,102,26,None,No,Curve
Haryana,2022,August,Monday,10:14,Minor,1,Cycle,7,1,Rainy,National Highway,Damaged,Dark,Signs,62,25,Expired,No,Straight Road
Jammu and Kashmir,2021,October,Thursday,08:03,Minor,1,Pedestrian,5,4,Foggy,Village Road,Under Construction,Dawn,Signs,59,37,None,No,Straight Road
Chandigarh,2022,May,Thursday,00:21,Fatal,4,Auto-Rickshaw,12,1,Stormy,National Highway,Wet,Dusk,Signs,106,48,Expired,Yes,Bridge
Kerala,2018,August,Wednesday,05:45,Fatal,4,Bus,13,3,Clear,Urban Road,Under Construction,Dawn,Signals,82,26,Valid,Yes,Bridge
Tripura,2021,February,Monday,15:06,Minor,3,Auto-Rickshaw,10,4,Clear,State Highway,Damaged,Dark,Signs,75,17,None,No,Curve
Tamil Nadu,2018,May,Wednesday,11:22,Serious,3,Cycle,10,0,Foggy,National Highway,Dry,Dawn,Signs,79,21,Expired,Yes,Straight Road
Telangana,2020,December,Wednesday,12:22,Fatal,5,Pedestrian,12,1,Rainy,State Highway,Under Construction,Dusk,Police Checkpost,103,40,Valid,Yes,Bridge
Punjab,2022,March,Sunday,14:03,Minor,4,Bus,10,2,Stormy,Village Road,Dry,Daylight,Signals,68,31,Valid,No,Curve
Jharkhand,2019,February,Tuesday,13:55,Minor,5,Pedestrian,14,5,Clear,Village Road,Wet,Dawn,Signs,100,48,Expired,No,Intersection
Odisha,2022,February,Wednesday,10:33,Minor,4,Bus,12,1,Clear,State Highway,Dry,Dusk,Signs,89,37,Valid,No,Bridge
Delhi,2018,September,Monday,20:24,Fatal,5,Two-Wheeler,15,4,Clear,National Highway,Dry,Dusk,Signals,104,39,Valid,Yes,Intersection
Karnataka,2018,December,Friday,10:23,Minor,3,Pedestrian,6,3,Clear,State Highway,Under Construction,Dusk,Signs,36,28,Valid,No,Curve
Maharashtra,2020,January,Monday,15:33,Minor,2,Cycle,9,0,Clear,National Highway,Wet,Daylight,Police Checkpost,99,38,Valid,No,Straight Road
Tripura,2020,May,Saturday,18:51,Fatal,3,Bus,7,1,Clear,National Highway,Damaged,Dusk,None,37,41,Expired,Yes,Straight Road
Rajasthan,2019,August,Sunday,21:18,Fatal,5,Pedestrian,13,4,Clear,Village Road,Under Construction,Daylight,Signs,87,65,None,Yes,Curve
Maharashtra,2018,June,Tuesday,12:50,Fatal,5,Bus,14,1,Clear,Urban Road,Dry,Daylight,Police Checkpost,120,33,Valid,Yes,Bridge
Jharkhand,2021,September,Monday,09:45,Serious,1,Pedestrian,4,3,Clear,National Highway,Under Construction,Dawn,Police Checkpost,46,55,Valid,No,Straight Road
Tamil Nadu,2021,April,Friday,05:00,Minor,1,Bus,10,4,Clear,Village Road,Wet,Dawn,Police Checkpost,104,37,Valid,No,Straight Road
Odisha,2020,December,Tuesday,02:03,Minor,3,Car,11,2,Clear,Village Road,Damaged,Dark,Signals,94,40,None,No,Bridge
Jammu and Kashmir,2023,March,Wednesday,21:32,Serious,2,Pedestrian,12,5,Clear,State Highway,Damaged,Dark,Police Checkpost,111,30,Valid,Yes,Intersection
Assam,2022,August,Wednesday,00:38,Minor,3,Two-Wheeler,13,3,Rainy,Village Road,Under Construction,Dusk,None,103,24,Valid,No,Intersection
Mizoram,2019,June,Sunday,08:49,Serious,4,Auto-Rickshaw,7,3,Stormy,Urban Road,Wet,Dusk,Signals,32,38,Valid,Yes,Straight Road
Maharashtra,2021,January,Sunday,20:12,Fatal,3,Pedestrian,11,3,Clear,Urban Road,Under Construction,Dark,Signals,97,33,None,Yes,Bridge
Tamil Nadu,2021,September,Tuesday,05:17,Serious,3,Two-Wheeler,9,2,Rainy,Urban Road,Wet,Dusk,None,72,53,Expired,Yes,Bridge
Karnataka,2019,December,Saturday,23:12,Fatal,5,Bus,11,0,Stormy,State Highway,Under Construction,Dawn,Police Checkpost,61,48,None,Yes,Straight Road
Goa,2022,December,Friday,08:52,Serious,4,Bus,13,2,Clear,Village Road,Wet,Dark,Signals,102,54,Expired,Yes,Intersection
Andhra Pradesh,2023,October,Wednesday,15:40,Minor,1,Car,6,3,Rainy,Urban Road,Damaged,Dusk,None,42,36,Expired,No,Intersection
Maharashtra,2022,June,Monday,04:07,Minor,4,Car,13,3,Clear,Urban Road,Under Construction,Dusk,None,104,37,None,No,Intersection
Rajasthan,2022,December,Monday,11:08,Fatal,1,Two-Wheeler,11,0,Rainy,Village Road,Under Construction,Dark,Police Checkpost,115,57,None,Yes,Curve
Chandigarh,2020,February,Monday,17:26,Minor,5,Car,12,0,Clear,National Highway,Damaged,Daylight,Signals,74,49,None,No,Intersection
Kerala,2021,June,Saturday,18:10,Fatal,4,Auto-Rickshaw,10,4,Foggy,Urban Road,Dry,Dusk,Police Checkpost,68,30,Valid,Yes,Bridge
Kerala,2020,February,Monday,02:36,Fatal,2,Two-Wheeler,10,2,Clear,State Highway,Wet,Dawn,Police Checkpost,117,26,Expired,Yes,Intersection
Telangana,2023,November,Monday,19:20,Serious,4,Cycle,10,2,Foggy,Urban Road,Dry,Dark,Signals,67,69,None,Yes,Intersection
Odisha,2022,August,Wednesday,01:55,Minor,3,Truck,7,0,Foggy,Village Road,Dry,Dusk,Signals,51,55,Valid,No,Straight Road
Assam,2020,December,Friday,01:52,Minor,3,Pedestrian,11,2,Clear,State Highway,Under Construction,Dark,Signals,98,37,None,No,Straight Road
Nagaland,2021,April,Monday,11:47,Fatal,2,Two-Wheeler,4,1,Clear,State Highway,Dry,Daylight,Signs,30,53,Valid,Yes,Straight Road
Chhattisgarh,2023,March,Tuesday,01:36,Serious,1,Auto-Rickshaw,3,1,Clear,Village Road,Wet,Dawn,Police Checkpost,47,45,Valid,No,Straight Road
Kerala,2021,September,Thursday,11:23,Fatal,2,Cycle,9,3,Clear,State Highway,Wet,Dawn,Signals,77,35,Valid,Yes,Bridge
Uttar Pradesh,2021,June,Friday,21:50,Serious,1,Cycle,10,4,Clear,Village Road,Wet,Dawn,Police Checkpost,119,31,Expired,Yes,Straight Road
Karnataka,2020,October,Saturday,00:25,Minor,3,Truck,9,3,Clear,State Highway,Damaged,Dark,Signs,76,56,Valid,No,Bridge
Telangana,2023,September,Monday,19:51,Serious,1,Truck,7,5,Clear,National Highway,Damaged,Dark,None,60,31,None,Yes,Intersection
Punjab,2018,September,Saturday,19:22,Fatal,1,Truck,11,4,Clear,State Highway,Damaged,Dark,None,114,48,None,Yes,Intersection
Telangana,2021,May,Saturday,14:39,Fatal,2,Auto-Rickshaw,8,5,Stormy,National Highway,Damaged,Daylight,None,82,30,Valid,Yes,Bridge
Bihar,2019,February,Monday,01:07,Minor,1,Auto-Rickshaw,5,3,Rainy,Village Road,Wet,Dawn,Signs,41,37,None,No,Curve
Uttar Pradesh,2020,September,Saturday,07:21,Fatal,5,Pedestrian,11,4,Rainy,National Highway,Damaged,Daylight,None,60,37,None,Yes,Intersection
Goa,2018,April,Thursday,15:33,Fatal,2,Truck,9,2,Clear,Village Road,Under Construction,Daylight,Police Checkpost,75,36,Valid,Yes,Curve
Nagaland,2022,January,Friday,14:55,Minor,1,Two-Wheeler,11,5,Clear,Urban Road,Damaged,Dawn,Signals,118,35,None,No,Intersection
Tamil Nadu,2022,December,Tuesday,05:03,Minor,1,Car,8,4,Stormy,Village Road,Under Construction,Dark,Police Checkpost,102,48,Valid,No,Curve
Madhya Pradesh,2021,March,Friday,09:51,Fatal,5,Car,15,0,Foggy,Village Road,Wet,Dark,Signals,92,20,Expired,Yes,Straight Road
Uttarakhand,2021,June,Tuesday,09:32,Serious,3,Two-Wheeler,13,4,Foggy,Village Road,Damaged,Dawn,None,72,49,None,Yes,Curve
Meghalaya,2018,February,Wednesday,06:21,Minor,4,Cycle,7,3,Rainy,National Highway,Wet,Daylight,Signs,32,25,Expired,No,Intersection
Karnataka,2022,July,Thursday,01:47,Fatal,1,Pedestrian,5,4,Rainy,National Highway,Wet,Daylight,Signs,58,49,Expired,Yes,Straight Road
Madhya Pradesh,2021,February,Friday,01:39,Minor,4,Two-Wheeler,15,2,Clear,National Highway,Dry,Dusk,Signs,119,34,Expired,No,Intersection
Kerala,2018,July,Tuesday,19:12,Serious,5,Truck,9,3,Clear,National Highway,Dry,Dawn,Signals,38,48,Expired,Yes,Bridge
Sikkim,2023,July,Wednesday,22:21,Serious,1,Bus,7,4,Clear,State Highway,Wet,Dark,Signals,60,33,None,No,Intersection
Delhi,2023,February,Wednesday,15:29,Minor,3,Cycle,11,1,Clear,National Highway,Dry,Dawn,Signals,80,36,None,No,Intersection
West Bengal,2021,January,Monday,09:39,Minor,1,Auto-Rickshaw,6,5,Clear,State Highway,Wet,Daylight,Signs,55,34,Valid,No,Curve
Kerala,2018,January,Saturday,00:16,Fatal,4,Car,14,3,Stormy,Village Road,Dry,Dark,Signals,113,48,None,Yes,Curve
Uttarakhand,2019,August,Thursday,03:52,Serious,3,Truck,13,1,Clear,State Highway,Wet,Dawn,Police Checkpost,107,38,Valid,No,Intersection
Bihar,2018,November,Monday,09:35,Fatal,5,Auto-Rickshaw,11,4,Rainy,Urban Road,Under Construction,Dark,Signs,78,26,Expired,Yes,Curve
Chandigarh,2018,March,Tuesday,03:22,Fatal,3,Car,8,3,Rainy,Village Road,Wet,Dark,Signs,69,40,Expired,Yes,Bridge
Manipur,2018,April,Saturday,14:10,Serious,3,Auto-Rickshaw,5,1,Clear,National Highway,Dry,Dark,Signals,36,28,Expired,No,Intersection
Sikkim,2021,July,Thursday,11:07,Serious,3,Truck,13,0,Clear,National Highway,Dry,Dark,None,119,32,Valid,No,Bridge
Odisha,2023,November,Thursday,20:05,Serious,5,Pedestrian,14,0,Rainy,State Highway,Dry,Daylight,Signs,79,25,None,No,Straight Road
Sikkim,2020,March,Saturday,23:35,Minor,2,Truck,9,0,Foggy,State Highway,Dry,Dark,None,94,28,Expired,No,Curve
Rajasthan,2023,September,Monday,03:43,Fatal,5,Bus,11,3,Foggy,Urban Road,Dry,Daylight,Signals,42,14,Expired,Yes,Straight Road
Uttarakhand,2020,August,Saturday,16:24,Minor,5,Cycle,14,2,Clear,Urban Road,Wet,Daylight,Police Checkpost,83,38,Expired,No,Straight Road
Sikkim,2020,July,Saturday,13:31,Fatal,5,Auto-Rickshaw,11,0,Clear,Village Road,Dry,Dawn,None,76,34,Expired,Yes,Bridge
Haryana,2023,January,Monday,06:45,Minor,5,Bus,9,4,Foggy,Village Road,Under Construction,Dawn,Signals,55,51,None,No,Bridge
Jammu and Kashmir,2020,December,Sunday,12:27,Fatal,1,Pedestrian,10,1,Clear,State Highway,Damaged,Dawn,Signs,106,33,Valid,Yes,Bridge
Kerala,2018,June,Saturday,00:58,Serious,1,Truck,7,2,Clear,Village Road,Damaged,Dark,Police Checkpost,78,56,Expired,No,Intersection
Jharkhand,2021,September,Monday,19:37,Serious,1,Cycle,7,0,Clear,Urban Road,Dry,Dark,Signals,82,16,Expired,No,Straight Road
Maharashtra,2022,April,Monday,10:58,Minor,3,Truck,5,4,Clear,State Highway,Under Construction,Daylight,Signs,40,28,Valid,No,Intersection
Maharashtra,2019,May,Friday,02:03,Serious,3,Auto-Rickshaw,9,2,Rainy,National Highway,Dry,Dawn,Police Checkpost,65,42,None,No,Straight Road
Chhattisgarh,2020,October,Saturday,10:45,Serious,4,Auto-Rickshaw,7,1,Clear,National Highway,Wet,Dusk,Signals,35,27,Valid,No,Curve
Gujarat,2018,January,Thursday,18:02,Serious,1,Bus,4,2,Rainy,State Highway,Dry,Dusk,Signs,33,24,Expired,Yes,Bridge
Nagaland,2020,August,Sunday,04:53,Minor,1,Auto-Rickshaw,9,5,Rainy,State Highway,Damaged,Dawn,Police Checkpost,106,39,Expired,No,Straight Road
Delhi,2021,April,Saturday,03:23,Fatal,1,Bus,7,2,Foggy,National Highway,Under Construction,Daylight,None,75,33,None,Yes,Bridge
Uttarakhand,2021,March,Thursday,03:08,Fatal,4,Car,14,5,Clear,Village Road,Dry,Dusk,Police Checkpost,97,43,Valid,Yes,Bridge
Puducherry,2018,June,Tuesday,08:30,Minor,2,Pedestrian,6,2,Clear,National Highway,Damaged,Dark,None,49,30,Valid,No,Straight Road
Jammu and Kashmir,2019,May,Wednesday,08:43,Fatal,1,Auto-Rickshaw,4,2,Snowy,National Highway,Wet,Daylight,Police Checkpost,51,20,None,Yes,Curve
Gujarat,2019,November,Friday,03:46,Minor,4,Cycle,15,1,Clear,Village Road,Dry,Dusk,Signals,116,43,None,No,Intersection
Arunachal Pradesh,2022,August,Monday,06:21,Minor,4,Pedestrian,12,0,Foggy,Urban Road,Wet,Dusk,Signals,75,53,Expired,No,Straight Road
Himachal Pradesh,2022,May,Monday,09:52,Minor,4,Car,13,2,Rainy,National Highway,Wet,Daylight,Signs,92,30,Expired,No,Intersection
Gujarat,2022,June,Monday,08:18,Minor,1,Cycle,9,3,Clear,Village Road,Dry,Dusk,Signs,102,26,Expired,No,Curve
Uttar Pradesh,2021,December,Sunday,14:14,Minor,4,Two-Wheeler,11,1,Clear,National Highway,Wet,Dusk,Signals,79,47,Expired,No,Straight Road
Andhra Pradesh,2019,December,Thursday,19:40,Minor,4,Truck,14,1,Clear,Urban Road,Damaged,Dark,Signals,105,41,Expired,No,Curve
Assam,2023,January,Tuesday,23:45,Fatal,1,Cycle,10,1,Clear,National Highway,Dry,Dawn,Signs,118,36,Expired,Yes,Bridge
Jammu and Kashmir,2021,October,Monday,11:52,Fatal,4,Car,10,3,Clear,Urban Road,Wet,Dark,Signals,53,49,Expired,Yes,Curve
Mizoram,2023,June,Thursday,08:19,Serious,4,Two-Wheeler,9,1,Rainy,Urban Road,Under Construction,Dark,Police Checkpost,72,53,Valid,Yes,Curve
Tamil Nadu,2018,February,Wednesday,15:38,Serious,2,Truck,9,2,Rainy,State Highway,Damaged,Dark,Signs,66,27,None,No,Bridge
Maharashtra,2021,December,Monday,21:47,Serious,3,Two-Wheeler,12,1,Rainy,Urban Road,Wet,Dark,Police Checkpost,100,26,Expired,Yes,Curve
Punjab,2019,February,Friday,18:20,Fatal,1,Two-Wheeler,12,0,Clear,National Highway,Under Construction,Dusk,Police Checkpost,120,28,Expired,Yes,Intersection
West Bengal,2022,May,Sunday,15:52,Fatal,1,Pedestrian,10,3,Clear,State Highway,Wet,Dawn,Signs,111,33,Expired,Yes,Bridge
Uttar Pradesh,2020,October,Saturday,12:43,Minor,3,Truck,12,0,Foggy,State Highway,Under Construction,Dark,Police Checkpost,105,27,Expired,No,Intersection
Madhya Pradesh,2018,March,Thursday,19:14,Minor,2,Two-Wheeler,9,3,Clear,State Highway,Under Construction,Daylight,None,81,18,None,No,Bridge
Andhra Pradesh,2022,October,Friday,05:05,Fatal,4,Auto-Rickshaw,7,5,Rainy,National Highway,Under Construction,Dusk,Signs,33,29,Expired,Yes,Bridge
Chhattisgarh,2022,September,Friday,17:58,Serious,3,Pedestrian,9,4,Rainy,Village Road,Under Construction,Dark,Signals,67,42,Valid,No,Intersection
Jharkhand,2022,March,Friday,11:58,Minor,4,Cycle,11,5,Rainy,National Highway,Under Construction,Daylight,Signals,84,25,Expired,No,Curve
Sikkim,2019,September,Wednesday,12:57,Fatal,2,Car,4,3,Rainy,National Highway,Wet,Daylight,Signals,41,29,Expired,Yes,Intersection
Punjab,2022,September,Thursday,07:53,Fatal,2,Pedestrian,4,3,Rainy,National Highway,Wet,Daylight,Police Checkpost,37,29,None,Yes,Curve
West Bengal,2020,February,Tuesday,10:34,Fatal,2,Truck,11,1,Rainy,National Highway,Wet,Dawn,Police Checkpost,108,37,Expired,Yes,Bridge
West Bengal,2020,January,Saturday,03:34,Serious,2,Truck,7,3,Clear,Village Road,Under Construction,Dawn,Police Checkpost,48,53,Valid,Yes,Curve
Tripura,2019,August,Thursday,23:56,Minor,5,Truck,12,4,Foggy,National Highway,Dry,Dusk,Police Checkpost,73,35,Valid,No,Curve
Puducherry,2019,October,Wednesday,11:48,Minor,2,Two-Wheeler,7,5,Clear,State Highway,Dry,Daylight,Police Checkpost,60,55,Valid,No,Bridge
Sikkim,2019,November,Sunday,22:02,Fatal,1,Bus,7,3,Clear,Urban Road,Dry,Dusk,None,96,52,Valid,Yes,Bridge
Sikkim,2018,July,Friday,11:10,Serious,5,Auto-Rickshaw,12,5,Foggy,Village Road,Dry,Daylight,Signs,86,52,Valid,No,Bridge
Andhra Pradesh,2023,July,Sunday,16:34,Fatal,3,Truck,6,3,Clear,State Highway,Dry,Dark,Signals,40,39,Expired,Yes,Curve
Maharashtra,2023,July,Wednesday,02:05,Minor,3,Auto-Rickshaw,8,2,Rainy,State Highway,Wet,Dark,Police Checkpost,73,55,None,No,Curve
Andhra Pradesh,2018,December,Thursday,10:38,Fatal,1,Car,8,5,Rainy,State Highway,Damaged,Dark,Signals,88,34,Expired,Yes,Intersection
Meghalaya,2023,June,Wednesday,02:16,Minor,3,Car,13,0,Rainy,Urban Road,Wet,Daylight,Police Checkpost,106,28,Expired,No,Curve
Nagaland,2023,March,Monday,02:41,Fatal,1,Pedestrian,7,1,Clear,State Highway,Dry,Dark,Signs,74,25,Valid,Yes,Straight Road
Meghalaya,2023,March,Monday,07:38,Minor,4,Pedestrian,12,5,Clear,State Highway,Wet,Dark,Signs,83,41,Expired,No,Bridge
Nagaland,2020,August,Monday,18:16,Fatal,2,Bus,6,4,Clear,National Highway,Dry,Dawn,Signs,54,44,None,Yes,Straight Road
Manipur,2023,July,Friday,17:07,Minor,5,Auto-Rickshaw,8,0,Clear,Village Road,Wet,Dawn,Police Checkpost,33,22,None,No,Curve
Karnataka,2023,June,Friday,04:36,Fatal,4,Two-Wheeler,14,2,Clear,Urban Road,Damaged,Dusk,Signs,113,48,Expired,Yes,Intersection
Gujarat,2018,January,Saturday,23:43,Serious,4,Bus,14,4,Foggy,National Highway,Under Construction,Dawn,Signals,101,33,Valid,Yes,Straight Road
Gujarat,2019,March,Monday,02:41,Minor,1,Bus,9,1,Stormy,Village Road,Under Construction,Dusk,Police Checkpost,89,49,Expired,No,Straight Road
Arunachal Pradesh,2021,December,Wednesday,17:54,Minor,3,Pedestrian,11,5,Clear,Village Road,Under Construction,Dark,Signals,112,35,None,No,Straight Road
Uttar Pradesh,2020,October,Saturday,12:34,Serious,2,Two-Wheeler,7,2,Clear,Village Road,Under Construction,Dawn,None,49,57,None,No,Intersection
Meghalaya,2023,May,Monday,11:33,Minor,5,Two-Wheeler,7,5,Rainy,Urban Road,Under Construction,Dusk,Signals,30,28,Valid,No,Intersection
Manipur,2022,January,Wednesday,17:30,Serious,5,Auto-Rickshaw,8,5,Clear,National Highway,Damaged,Dark,Police Checkpost,48,57,None,Yes,Curve
Andhra Pradesh,2021,November,Saturday,04:53,Fatal,5,Two-Wheeler,8,5,Rainy,Urban Road,Wet,Dawn,Police Checkpost,33,45,Valid,Yes,Curve
Himachal Pradesh,2022,March,Saturday,13:16,Fatal,2,Car,5,5,Clear,National Highway,Wet,Dusk,None,32,34,Expired,Yes,Curve
Punjab,2019,February,Friday,01:39,Fatal,4,Two-Wheeler,15,4,Rainy,State Highway,Dry,Dusk,Police Checkpost,112,41,Expired,Yes,Straight Road
Uttar Pradesh,2019,February,Monday,21:20,Fatal,5,Pedestrian,12,4,Clear,Village Road,Damaged,Dusk,Police Checkpost,65,42,Expired,Yes,Intersection
Tamil Nadu,2022,June,Friday,01:59,Serious,2,Two-Wheeler,6,3,Clear,State Highway,Under Construction,Dawn,Police Checkpost,49,33,None,No,Curve
Rajasthan,2023,July,Friday,11:38,Fatal,3,Car,5,4,Clear,State Highway,Dry,Dark,Signals,32,44,Expired,Yes,Straight Road
Assam,2023,October,Monday,10:13,Minor,1,Cycle,7,1,Rainy,State Highway,Wet,Dusk,Signs,57,50,Valid,No,Straight Road
Karnataka,2022,January,Tuesday,02:08,Minor,1,Auto-Rickshaw,3,4,Stormy,National Highway,Wet,Dawn,Signs,47,23,Expired,No,Bridge
Tamil Nadu,2019,November,Tuesday,16:20,Serious,1,Bus,10,2,Foggy,Village Road,Under Construction,Dawn,None,94,26,Valid,Yes,Straight Road
Madhya Pradesh,2023,September,Thursday,18:08,Fatal,1,Auto-Rickshaw,11,0,Rainy,National Highway,Under Construction,Dawn,Police Checkpost,115,61,Expired,Yes,Bridge
Punjab,2018,September,Monday,02:12,Serious,5,Two-Wheeler,11,5,Rainy,National Highway,Under Construction,Dark,None,64,35,Valid,Yes,Curve
Uttar Pradesh,2019,February,Monday,11:49,Serious,1,Cycle,10,0,Rainy,National Highway,Under Construction,Dusk,Signs,105,45,Valid,No,Intersection
Puducherry,2022,August,Wednesday,21:37,Minor,3,Pedestrian,12,1,Rainy,Village Road,Dry,Daylight,Police Checkpost,105,55,Expired,No,Straight Road
Rajasthan,2022,February,Friday,21:55,Minor,3,Truck,7,4,Clear,Village Road,Wet,Dusk,Signals,39,29,Expired,No,Curve
Jammu and Kashmir,2022,April,Friday,03:43,Minor,1,Two-Wheeler,10,3,Clear,National Highway,Under Construction,Dark,Police Checkpost,87,17,None,No,Intersection
Tripura,2023,July,Thursday,07:25,Minor,2,Pedestrian,10,1,Clear,National Highway,Damaged,Daylight,Signs,95,31,Expired,No,Straight Road
Madhya Pradesh,2019,December,Thursday,16:58,Serious,3,Truck,6,3,Clear,Village Road,Under Construction,Dusk,Signals,41,41,Expired,No,Bridge
Odisha,2020,October,Friday,13:19,Fatal,2,Bus,9,4,Rainy,National Highway,Dry,Dawn,Signs,89,41,None,Yes,Intersection
Rajasthan,2018,May,Monday,14:18,Fatal,4,Bus,10,4,Clear,National Highway,Wet,Daylight,Police Checkpost,77,29,None,Yes,Curve
Gujarat,2019,November,Sunday,22:06,Minor,4,Cycle,13,0,Clear,Urban Road,Damaged,Daylight,Signs,85,24,None,No,Straight Road
Maharashtra,2019,July,Tuesday,12:22,Minor,2,Bus,12,5,Clear,State Highway,Dry,Daylight,Signs,111,47,Expired,No,Bridge
Gujarat,2020,May,Wednesday,07:10,Serious,5,Bus,12,5,Clear,Urban Road,Damaged,Daylight,None,86,36,None,No,Straight Road
Bihar,2018,November,Tuesday,00:39,Minor,4,Auto-Rickshaw,10,0,Clear,Village Road,Damaged,Dusk,Signs,82,62,None,No,Intersection
Delhi,2022,December,Friday,10:59,Serious,2,Two-Wheeler,8,0,Clear,State Highway,Wet,Dark,Signals,43,28,Expired,Yes,Curve
Manipur,2019,February,Sunday,11:27,Fatal,3,Cycle,12,0,Rainy,Village Road,Under Construction,Daylight,Signs,108,51,Expired,Yes,Curve
Jammu and Kashmir,2020,April,Friday,06:31,Minor,1,Bus,8,0,Rainy,National Highway,Damaged,Dusk,Signals,70,43,Valid,No,Intersection
Madhya Pradesh,2019,November,Friday,01:19,Minor,1,Cycle,7,3,Rainy,Village Road,Under Construction,Dark,Signals,64,22,None,No,Bridge
West Bengal,2023,July,Wednesday,17:55,Serious,4,Cycle,13,1,Clear,Urban Road,Wet,Dusk,Signals,86,35,Expired,Yes,Curve
Meghalaya,2022,January,Monday,23:55,Minor,4,Truck,11,2,Clear,National Highway,Wet,Daylight,Police Checkpost,57,54,Expired,No,Straight Road
Manipur,2019,March,Friday,04:19,Fatal,3,Cycle,8,5,Foggy,Village Road,Dry,Daylight,Signals,49,44,Valid,Yes,Bridge
Arunachal Pradesh,2021,October,Wednesday,01:28,Minor,1,Bus,7,3,Clear,State Highway,Dry,Dusk,Signals,78,27,None,No,Bridge
Tripura,2023,March,Tuesday,02:43,Minor,1,Truck,8,5,Stormy,National Highway,Dry,Daylight,Signals,71,19,Expired,No,Bridge
Maharashtra,2023,October,Wednesday,01:52,Fatal,1,Two-Wheeler,8,5,Clear,Village Road,Wet,Dark,Signals,75,26,None,Yes,Intersection
Mizoram,2021,May,Sunday,16:54,Fatal,3,Auto-Rickshaw,8,4,Rainy,Village Road,Wet,Daylight,None,80,45,Expired,Yes,Intersection
Arunachal Pradesh,2019,October,Wednesday,11:26,Serious,2,Bus,9,1,Clear,Urban Road,Wet,Dark,None,65,38,None,Yes,Straight Road
Gujarat,2019,March,Sunday,03:22,Minor,1,Two-Wheeler,3,2,Clear,Urban Road,Dry,Dusk,None,38,36,Valid,No,Straight Road
Assam,2022,October,Friday,04:39,Fatal,4,Cycle,11,3,Clear,Village Road,Dry,Dawn,Signs,80,51,Expired,Yes,Straight Road
Manipur,2021,September,Monday,15:01,Fatal,2,Auto-Rickshaw,6,2,Clear,Urban Road,Under Construction,Daylight,Signals,60,21,Valid,Yes,Bridge
Mizoram,2023,July,Tuesday,07:52,Fatal,2,Auto-Rickshaw,10,1,Clear,Village Road,Wet,Dawn,Signals,103,20,None,Yes,Straight Road
Sikkim,2020,February,Monday,20:27,Minor,2,Truck,8,0,Foggy,State Highway,Dry,Dawn,Signals,54,26,Valid,No,Straight Road
Bihar,2019,September,Monday,03:23,Fatal,5,Bus,8,1,Clear,Urban Road,Damaged,Dawn,Signals,48,44,Valid,Yes,Intersection
Sikkim,2018,November,Wednesday,21:33,Fatal,2,Bus,10,0,Clear,Village Road,Under Construction,Dark,Signs,93,62,Valid,Yes,Curve
Karnataka,2023,March,Thursday,01:20,Serious,1,Bus,6,3,Clear,National Highway,Dry,Dawn,Police Checkpost,62,36,None,Yes,Intersection
Sikkim,2020,January,Monday,02:56,Minor,2,Pedestrian,8,4,Clear,National Highway,Dry,Dusk,Police Checkpost,63,45,Valid,No,Intersection
Kerala,2022,July,Sunday,09:27,Serious,3,Cycle,12,1,Clear,Urban Road,Wet,Dusk,Signs,96,43,Valid,Yes,Bridge
West Bengal,2021,November,Saturday,21:54,Fatal,5,Truck,11,1,Clear,National Highway,Damaged,Dusk,Signs,59,46,None,Yes,Straight Road
Nagaland,2023,October,Thursday,01:25,Fatal,3,Bus,5,1,Clear,Village Road,Dry,Dawn,Police Checkpost,40,40,None,Yes,Intersection
Chhattisgarh,2018,February,Wednesday,18:23,Minor,5,Cycle,11,5,Stormy,National Highway,Wet,Dusk,None,30,38,None,No,Curve
Jammu and Kashmir,2023,September,Thursday,21:45,Minor,3,Auto-Rickshaw,8,3,Snowy,Village Road,Wet,Dawn,None,51,36,Valid,No,Straight Road
Kerala,2019,May,Sunday,22:18,Serious,1,Pedestrian,5,2,Foggy,National Highway,Under Construction,Dark,Signs,60,55,Valid,Yes,Bridge
Gujarat,2021,January,Friday,07:24,Serious,2,Auto-Rickshaw,10,5,Rainy,State Highway,Wet,Dusk,Signs,94,22,Expired,Yes,Curve
Goa,2018,September,Tuesday,23:14,Minor,2,Truck,7,4,Rainy,Urban Road,Under Construction,Daylight,Signs,59,33,None,No,Bridge
Gujarat,2023,September,Monday,17:41,Fatal,1,Auto-Rickshaw,7,5,Clear,National Highway,Damaged,Dusk,None,99,23,Valid,Yes,Curve
Bihar,2022,September,Tuesday,23:09,Fatal,1,Pedestrian,6,4,Clear,State Highway,Under Construction,Dark,Police Checkpost,57,53,Valid,Yes,Curve
Telangana,2020,October,Tuesday,08:45,Minor,5,Car,16,4,Foggy,Urban Road,Damaged,Dark,Signs,117,36,None,No,Bridge
Rajasthan,2019,January,Tuesday,08:08,Fatal,5,Pedestrian,9,3,Clear,Urban Road,Dry,Daylight,Police Checkpost,35,32,Valid,Yes,Intersection
Odisha,2020,September,Thursday,07:42,Serious,2,Auto-Rickshaw,5,2,Clear,State Highway,Dry,Daylight,None,39,21,None,Yes,Bridge
Jammu and Kashmir,2019,October,Thursday,19:16,Minor,2,Pedestrian,5,5,Clear,National Highway,Wet,Dawn,Police Checkpost,35,26,Expired,No,Bridge
Rajasthan,2020,December,Monday,01:15,Minor,5,Two-Wheeler,11,4,Clear,State Highway,Under Construction,Dusk,Signs,74,46,Expired,No,Curve
Mizoram,2019,January,Tuesday,11:19,Minor,1,Truck,10,1,Stormy,Urban Road,Wet,Daylight,None,99,46,None,No,Curve
Uttar Pradesh,2022,February,Sunday,23:41,Fatal,4,Truck,7,4,Clear,Village Road,Damaged,Dawn,Police Checkpost,35,35,Expired,Yes,Curve
Tamil Nadu,2020,September,Wednesday,23:49,Serious,3,Car,8,1,Rainy,National Highway,Under Construction,Daylight,Signs,47,34,None,Yes,Curve
Tamil Nadu,2020,July,Thursday,16:30,Minor,3,Auto-Rickshaw,14,1,Clear,State Highway,Dry,Dark,Signs,119,51,Valid,No,Bridge
Tamil Nadu,2021,February,Friday,14:19,Minor,5,Bus,15,2,Rainy,State Highway,Wet,Daylight,Signs,106,58,None,No,Intersection
Sikkim,2020,July,Tuesday,16:20,Minor,5,Pedestrian,15,5,Clear,National Highway,Wet,Daylight,Police Checkpost,111,41,Expired,No,Curve
West Bengal,2022,August,Wednesday,11:06,Serious,3,Auto-Rickshaw,12,2,Rainy,Urban Road,Damaged,Daylight,Police Checkpost,80,42,None,No,Straight Road
Uttar Pradesh,2020,November,Wednesday,18:31,Serious,4,Auto-Rickshaw,11,0,Rainy,State Highway,Dry,Daylight,Police Checkpost,77,59,Expired,Yes,Intersection
Sikkim,2021,November,Tuesday,21:38,Fatal,2,Auto-Rickshaw,7,3,Clear,National Highway,Dry,Dark,None,50,45,Valid,Yes,Straight Road
West Bengal,2023,April,Sunday,13:02,Minor,1,Bus,8,3,Rainy,Village Road,Damaged,Dusk,Signals,79,54,Expired,No,Intersection
Nagaland,2023,October,Tuesday,13:25,Fatal,4,Auto-Rickshaw,12,5,Clear,Urban Road,Dry,Dark,Police Checkpost,106,50,Expired,Yes,Straight Road
Haryana,2018,December,Friday,06:06,Minor,5,Two-Wheeler,14,4,Clear,Village Road,Under Construction,Daylight,Police Checkpost,80,59,None,No,Intersection
Jharkhand,2020,March,Friday,23:11,Fatal,3,Auto-Rickshaw,6,3,Rainy,State Highway,Wet,Dawn,Signals,48,61,None,Yes,Straight Road
Bihar,2023,January,Sunday,06:01,Minor,4,Bus,16,3,Rainy,Village Road,Dry,Dusk,Signals,107,39,Valid,No,Bridge
Telangana,2021,September,Sunday,03:21,Minor,5,Cycle,10,2,Rainy,Urban Road,Wet,Dawn,Police Checkpost,49,44,Expired,No,Bridge
Tripura,2020,January,Tuesday,22:38,Serious,5,Car,15,2,Stormy,Village Road,Under Construction,Dawn,None,114,10,Expired,Yes,Bridge
Nagaland,2020,June,Saturday,03:47,Serious,1,Truck,5,3,Clear,Urban Road,Dry,Dawn,Signals,37,28,Valid,No,Bridge
Andhra Pradesh,2021,April,Tuesday,05:52,Minor,3,Two-Wheeler,10,0,Clear,State Highway,Damaged,Dawn,Signs,60,31,None,No,Straight Road
Tamil Nadu,2023,August,Sunday,02:37,Minor,5,Car,13,0,Foggy,Urban Road,Dry,Dawn,Signals,64,53,Expired,No,Bridge
Puducherry,2021,January,Friday,06:46,Fatal,4,Auto-Rickshaw,8,3,Clear,State Highway,Damaged,Dawn,None,60,56,None,Yes,Intersection
Gujarat,2019,February,Monday,03:02,Fatal,5,Auto-Rickshaw,8,0,Clear,National Highway,Under Construction,Dusk,Signals,40,49,Valid,Yes,Intersection
Karnataka,2018,July,Monday,04:02,Minor,1,Pedestrian,8,0,Clear,Urban Road,Dry,Dusk,None,83,50,Expired,No,Bridge
Puducherry,2018,June,Thursday,03:10,Fatal,5,Auto-Rickshaw,13,0,Clear,Urban Road,Damaged,Daylight,Signals,75,33,Valid,Yes,Curve
Punjab,2023,August,Thursday,21:22,Minor,4,Truck,14,2,Clear,State Highway,Damaged,Daylight,Police Checkpost,106,31,None,No,Bridge
Rajasthan,2022,November,Friday,12:52,Minor,3,Car,6,0,Clear,Urban Road,Dry,Dusk,Signs,34,36,Valid,No,Intersection
Andhra Pradesh,2021,June,Saturday,05:00,Serious,1,Auto-Rickshaw,7,2,Stormy,Urban Road,Under Construction,Dusk,None,56,39,Valid,No,Bridge
Chhattisgarh,2020,September,Tuesday,18:34,Serious,1,Cycle,8,3,Rainy,State Highway,Under Construction,Daylight,Signals,94,42,Expired,Yes,Straight Road
Maharashtra,2022,March,Friday,19:43,Minor,1,Cycle,5,5,Clear,State Highway,Damaged,Daylight,Signals,49,37,Valid,No,Bridge
Uttarakhand,2020,June,Wednesday,04:56,Minor,3,Car,8,4,Stormy,Village Road,Damaged,Daylight,Signs,49,51,Valid,No,Curve
Maharashtra,2019,December,Thursday,09:14,Minor,2,Auto-Rickshaw,9,2,Clear,National Highway,Damaged,Dark,None,87,49,Valid,No,Bridge
Assam,2020,January,Saturday,18:33,Minor,4,Cycle,13,1,Clear,State Highway,Wet,Dark,Police Checkpost,106,37,Valid,No,Curve
Karnataka,2018,April,Sunday,01:05,Minor,3,Pedestrian,10,3,Clear,National Highway,Under Construction,Dusk,Signs,83,28,None,No,Intersection
Goa,2022,April,Friday,23:30,Minor,1,Bus,5,0,Rainy,Village Road,Wet,Dusk,Signs,56,21,Expired,No,Intersection
Maharashtra,2020,November,Wednesday,13:23,Fatal,2,Two-Wheeler,8,3,Foggy,Urban Road,Damaged,Dawn,Police Checkpost,80,32,None,Yes,Bridge
Assam,2022,September,Monday,06:01,Minor,2,Cycle,8,1,Clear,State Highway,Dry,Dark,Signals,102,30,Expired,No,Bridge
Haryana,2022,September,Friday,21:24,Minor,3,Car,10,3,Clear,Village Road,Under Construction,Dusk,Police Checkpost,79,30,Expired,No,Bridge
Mizoram,2018,March,Wednesday,08:34,Serious,4,Truck,14,2,Rainy,Urban Road,Dry,Dark,None,119,48,Expired,Yes,Bridge
Madhya Pradesh,2022,July,Sunday,14:16,Fatal,3,Bus,10,1,Clear,Village Road,Wet,Dawn,Signals,77,39,Valid,Yes,Intersection
Goa,2021,December,Friday,23:26,Fatal,2,Auto-Rickshaw,12,4,Rainy,Village Road,Damaged,Daylight,Signs,120,47,None,Yes,Curve
West Bengal,2022,February,Friday,04:43,Minor,1,Pedestrian,5,4,Clear,Village Road,Damaged,Dark,None,57,28,None,No,Curve
Uttarakhand,2022,December,Friday,16:11,Fatal,5,Truck,10,4,Stormy,Urban Road,Damaged,Dusk,None,67,50,Valid,Yes,Straight Road
Punjab,2021,June,Wednesday,00:34,Minor,4,Cycle,15,4,Clear,Urban Road,Wet,Daylight,Signs,116,46,Valid,No,Curve
Sikkim,2018,March,Monday,02:51,Fatal,1,Auto-Rickshaw,9,5,Clear,State Highway,Dry,Dawn,Police Checkpost,100,55,Valid,Yes,Intersection
Madhya Pradesh,2023,November,Saturday,21:48,Serious,4,Pedestrian,11,3,Clear,Urban Road,Damaged,Daylight,None,82,49,Valid,Yes,Intersection
Haryana,2019,September,Thursday,17:16,Minor,1,Pedestrian,6,5,Clear,Village Road,Wet,Dusk,Police Checkpost,53,51,Expired,No,Bridge
West Bengal,2023,March,Wednesday,07:22,Minor,2,Truck,13,4,Stormy,State Highway,Under Construction,Dark,Police Checkpost,115,57,None,No,Straight Road
Delhi,2021,April,Wednesday,01:16,Fatal,4,Two-Wheeler,12,4,Clear,National Highway,Under Construction,Dawn,None,119,41,Expired,Yes,Curve
Himachal Pradesh,2019,November,Wednesday,02:55,Fatal,5,Pedestrian,14,1,Clear,National Highway,Dry,Dusk,None,100,50,None,Yes,Straight Road
Mizoram,2021,January,Wednesday,09:06,Minor,2,Auto-Rickshaw,9,1,Foggy,Village Road,Dry,Daylight,Police Checkpost,87,20,None,No,Straight Road
Uttarakhand,2018,September,Saturday,04:00,Minor,1,Pedestrian,9,3,Clear,State Highway,Damaged,Dawn,Signs,70,46,Expired,No,Intersection
Uttarakhand,2018,July,Saturday,15:56,Minor,2,Two-Wheeler,6,5,Clear,National Highway,Under Construction,Daylight,Signals,45,19,Expired,No,Intersection
Odisha,2018,August,Thursday,12:17,Fatal,3,Bus,13,3,Clear,Village Road,Damaged,Daylight,Signs,107,45,None,Yes,Intersection
Punjab,2022,September,Thursday,04:24,Fatal,3,Truck,14,1,Clear,Village Road,Wet,Dusk,Signs,105,50,Expired,Yes,Bridge
Tamil Nadu,2023,December,Sunday,20:25,Serious,2,Car,9,0,Rainy,Village Road,Damaged,Dawn,Signals,82,49,Valid,No,Straight Road
Manipur,2019,August,Friday,15:47,Minor,1,Car,7,3,Rainy,Urban Road,Under Construction,Dusk,Signs,57,54,Expired,No,Bridge
Andhra Pradesh,2023,February,Saturday,16:12,Serious,2,Two-Wheeler,6,4,Clear,Village Road,Dry,Dusk,Signs,39,82,None,No,Straight Road
Manipur,2019,February,Saturday,10:26,Fatal,1,Auto-Rickshaw,4,0,Rainy,Village Road,Under Construction,Dark,Signs,37,34,Valid,Yes,Straight Road
Goa,2018,March,Sunday,11:58,Serious,2,Bus,6,0,Clear,National Highway,Wet,Dark,None,63,45,Valid,No,Intersection
Telangana,2021,August,Saturday,09:33,Fatal,2,Pedestrian,10,3,Clear,State Highway,Under Construction,Dusk,Signals,84,42,Valid,Yes,Intersection
Tamil Nadu,2022,June,Saturday,19:22,Minor,4,Pedestrian,16,0,Foggy,State Highway,Dry,Daylight,Signs,119,48,Expired,No,Intersection
Haryana,2019,February,Tuesday,19:59,Serious,3,Bus,12,2,Clear,National Highway,Dry,Dark,Signs,96,39,Valid,No,Bridge
Gujarat,2021,March,Sunday,02:11,Fatal,5,Auto-Rickshaw,15,0,Clear,Urban Road,Damaged,Dark,Signals,99,68,None,Yes,Intersection
Chhattisgarh,2021,July,Sunday,02:53,Serious,2,Auto-Rickshaw,11,5,Clear,Urban Road,Dry,Dawn,Police Checkpost,108,49,Expired,Yes,Bridge
Delhi,2018,April,Wednesday,06:02,Fatal,3,Cycle,9,0,Clear,Village Road,Wet,Daylight,Signs,61,44,Expired,Yes,Straight Road
Puducherry,2023,March,Wednesday,15:21,Minor,1,Truck,5,1,Clear,Urban Road,Wet,Daylight,Signs,54,23,Expired,No,Intersection
Uttarakhand,2022,October,Friday,15:25,Serious,5,Car,12,0,Clear,Urban Road,Dry,Dusk,Signs,70,54,None,No,Curve
Assam,2021,June,Tuesday,08:07,Minor,4,Two-Wheeler,12,3,Clear,National Highway,Wet,Dusk,Signals,87,46,Valid,No,Curve
Nagaland,2022,December,Thursday,01:48,Serious,5,Truck,11,3,Clear,Village Road,Under Construction,Dawn,Signals,58,18,Valid,Yes,Curve
Sikkim,2020,February,Monday,21:06,Minor,5,Car,12,4,Rainy,Village Road,Wet,Dark,None,70,31,Expired,No,Curve
Delhi,2019,September,Tuesday,17:14,Minor,3,Truck,6,5,Rainy,Urban Road,Dry,Dusk,Police Checkpost,50,54,Valid,No,Straight Road
Assam,2020,December,Sunday,08:21,Minor,5,Pedestrian,10,1,Clear,National Highway,Under Construction,Dusk,Signs,51,58,Valid,No,Intersection
Gujarat,2018,January,Tuesday,04:07,Fatal,2,Car,6,3,Clear,State Highway,Under Construction,Dark,Police Checkpost,40,53,None,Yes,Straight Road
Nagaland,2019,August,Wednesday,01:10,Serious,2,Auto-Rickshaw,6,2,Clear,National Highway,Dry,Dusk,Police Checkpost,32,35,None,No,Intersection
Goa,2021,January,Friday,00:32,Fatal,2,Auto-Rickshaw,11,1,Foggy,State Highway,Dry,Daylight,Signals,107,34,None,Yes,Intersection
West Bengal,2019,December,Friday,23:13,Minor,4,Two-Wheeler,6,2,Clear,Village Road,Dry,Dawn,None,33,55,None,No,Curve
Karnataka,2022,October,Monday,03:13,Serious,3,Cycle,9,1,Rainy,National Highway,Damaged,Dusk,Signals,58,55,Valid,Yes,Bridge
Chandigarh,2023,March,Saturday,08:19,Fatal,4,Auto-Rickshaw,9,0,Clear,National Highway,Under Construction,Dusk,Police Checkpost,56,38,Expired,Yes,Straight Road
Mizoram,2018,November,Wednesday,04:55,Minor,1,Truck,11,3,Clear,Urban Road,Damaged,Daylight,None,116,48,Expired,No,Bridge
Sikkim,2020,August,Friday,23:43,Serious,1,Pedestrian,6,4,Rainy,Village Road,Damaged,Dark,Signs,64,41,None,No,Bridge
Madhya Pradesh,2018,July,Monday,23:44,Serious,5,Pedestrian,8,1,Rainy,State Highway,Damaged,Dark,Signals,51,56,None,Yes,Curve
Karnataka,2020,March,Tuesday,02:36,Minor,4,Truck,9,4,Rainy,Village Road,Damaged,Daylight,Signs,48,59,None,No,Straight Road
Rajasthan,2019,July,Saturday,11:14,Minor,1,Car,7,1,Clear,National Highway,Wet,Dark,Police Checkpost,71,41,Expired,No,Straight Road
Puducherry,2022,December,Friday,11:09,Serious,5,Pedestrian,10,2,Clear,National Highway,Wet,Dawn,None,43,34,None,No,Bridge
Uttar Pradesh,2018,April,Thursday,23:33,Minor,2,Pedestrian,8,2,Rainy,National Highway,Wet,Dark,Signs,79,49,Valid,No,Straight Road
Sikkim,2022,July,Wednesday,22:20,Minor,4,Bus,7,0,Clear,State Highway,Wet,Dawn,Police Checkpost,37,46,Valid,No,Curve
Rajasthan,2022,November,Sunday,00:51,Fatal,4,Pedestrian,14,2,Clear,Village Road,Under Construction,Dusk,Police Checkpost,115,28,Expired,Yes,Straight Road
Karnataka,2023,December,Saturday,15:23,Minor,4,Pedestrian,10,1,Foggy,Urban Road,Damaged,Daylight,Police Checkpost,69,20,Expired,No,Bridge
Kerala,2023,January,Tuesday,12:26,Minor,1,Auto-Rickshaw,9,1,Clear,Urban Road,Dry,Dusk,Signs,104,30,None,No,Bridge
Uttarakhand,2019,February,Friday,08:08,Fatal,4,Auto-Rickshaw,13,1,Rainy,National Highway,Damaged,Daylight,Police Checkpost,104,47,Expired,Yes,Straight Road
Rajasthan,2020,December,Wednesday,21:46,Fatal,5,Truck,9,0,Rainy,Village Road,Wet,Dusk,Police Checkpost,33,37,Valid,Yes,Curve
Gujarat,2022,November,Friday,19:57,Serious,3,Two-Wheeler,11,3,Clear,State Highway,Under Construction,Dusk,Police Checkpost,107,42,Expired,Yes,Straight Road
Jammu and Kashmir,2021,April,Wednesday,02:34,Fatal,2,Pedestrian,10,2,Clear,State Highway,Under Construction,Dawn,Signs,88,45,Valid,Yes,Curve
Jammu and Kashmir,2019,October,Wednesday,06:29,Fatal,1,Pedestrian,6,3,Clear,Village Road,Wet,Dusk,Signals,65,47,Valid,Yes,Straight Road
Himachal Pradesh,2018,April,Friday,01:25,Serious,2,Car,3,2,Rainy,National Highway,Dry,Dusk,Police Checkpost,30,46,Expired,No,Intersection
Tripura,2018,June,Friday,20:28,Minor,5,Car,13,5,Clear,Village Road,Damaged,Dawn,Signs,105,41,Expired,No,Intersection
Jammu and Kashmir,2021,April,Thursday,04:55,Serious,1,Two-Wheeler,9,0,Clear,Urban Road,Dry,Daylight,Signs,85,39,Valid,Yes,Bridge
Goa,2023,February,Saturday,15:38,Minor,1,Pedestrian,6,4,Clear,Urban Road,Damaged,Dark,Signals,59,26,Expired,No,Intersection
Telangana,2020,May,Monday,07:02,Fatal,3,Bus,8,5,Clear,State Highway,Dry,Dusk,Police Checkpost,50,49,Valid,Yes,Curve
Meghalaya,2021,December,Tuesday,03:09,Fatal,4,Cycle,11,5,Clear,National Highway,Wet,Dusk,Signs,65,55,None,Yes,Intersection
Punjab,2023,December,Saturday,20:27,Minor,2,Pedestrian,6,5,Rainy,Village Road,Under Construction,Dawn,Signs,54,21,None,No,Bridge
Madhya Pradesh,2018,March,Friday,13:34,Fatal,4,Two-Wheeler,13,1,Clear,Village Road,Dry,Dusk,Signals,111,63,Expired,Yes,Straight Road
Chhattisgarh,2023,July,Tuesday,21:52,Minor,1,Auto-Rickshaw,11,0,Clear,Village Road,Dry,Dusk,Signals,118,40,None,No,Bridge
Jharkhand,2019,April,Sunday,05:24,Minor,3,Cycle,7,1,Rainy,Urban Road,Dry,Dawn,None,38,27,None,No,Bridge
Tamil Nadu,2022,April,Friday,10:06,Serious,2,Truck,8,5,Rainy,Urban Road,Damaged,Dawn,Police Checkpost,39,49,None,No,Intersection
Jharkhand,2020,October,Wednesday,06:29,Minor,5,Truck,9,0,Stormy,Village Road,Wet,Dusk,Signals,35,49,Valid,No,Straight Road
Sikkim,2022,April,Tuesday,12:28,Serious,2,Car,7,0,Rainy,Village Road,Wet,Dusk,Signs,54,32,None,Yes,Curve
Uttarakhand,2023,April,Saturday,02:07,Minor,2,Pedestrian,7,3,Clear,State Highway,Dry,Dusk,Signs,44,39,Valid,No,Bridge
Goa,2020,October,Saturday,22:40,Serious,2,Truck,11,5,Clear,Urban Road,Wet,Dawn,None,110,45,Valid,No,Curve
Himachal Pradesh,2022,May,Thursday,19:28,Fatal,1,Pedestrian,7,2,Rainy,National Highway,Wet,Daylight,Signals,65,63,Valid,Yes,Bridge
Karnataka,2020,February,Thursday,19:57,Fatal,5,Truck,14,4,Foggy,Village Road,Dry,Dusk,Police Checkpost,95,44,Valid,Yes,Intersection
Mizoram,2020,April,Monday,12:36,Minor,3,Car,12,0,Clear,State Highway,Dry,Daylight,None,86,33,None,No,Bridge
Jammu and Kashmir,2021,October,Wednesday,18:47,Minor,1,Truck,8,5,Clear,State Highway,Dry,Dusk,Signs,82,56,None,No,Straight Road
Maharashtra,2022,February,Saturday,12:06,Fatal,2,Two-Wheeler,6,4,Clear,Urban Road,Dry,Dawn,Police Checkpost,71,39,Valid,Yes,Bridge
Bihar,2022,February,Tuesday,21:48,Minor,4,Two-Wheeler,11,2,Clear,National Highway,Damaged,Dawn,Police Checkpost,48,38,None,No,Straight Road
Jharkhand,2019,December,Wednesday,10:34,Serious,5,Truck,10,1,Clear,Urban Road,Wet,Dark,Signs,42,43,Valid,Yes,Straight Road
West Bengal,2021,June,Wednesday,15:12,Minor,3,Bus,12,1,Rainy,Urban Road,Under Construction,Dusk,Signs,102,40,None,No,Bridge
Delhi,2022,February,Tuesday,19:10,Fatal,2,Bus,8,1,Clear,National Highway,Under Construction,Dusk,Signs,73,49,None,Yes,Intersection
Uttar Pradesh,2021,November,Thursday,17:19,Fatal,1,Bus,10,4,Clear,National Highway,Damaged,Dusk,Signs,98,30,None,Yes,Straight Road
Goa,2019,March,Saturday,19:05,Minor,4,Bus,13,2,Stormy,Urban Road,Damaged,Daylight,None,76,46,None,No,Straight Road
Andhra Pradesh,2021,June,Tuesday,15:15,Serious,3,Cycle,10,0,Clear,National Highway,Under Construction,Dark,Signals,83,40,Valid,No,Intersection
Tripura,2018,October,Sunday,19:28,Fatal,5,Two-Wheeler,12,5,Rainy,National Highway,Dry,Dawn,Signs,76,53,Valid,Yes,Straight Road
Himachal Pradesh,2023,July,Tuesday,01:18,Minor,1,Cycle,9,0,Rainy,Urban Road,Under Construction,Daylight,None,103,24,Expired,No,Intersection
Uttarakhand,2022,April,Sunday,08:08,Fatal,5,Cycle,14,2,Clear,Village Road,Wet,Daylight,Signals,87,45,Valid,Yes,Intersection
Nagaland,2020,November,Sunday,07:11,Minor,5,Truck,7,1,Rainy,State Highway,Damaged,Dark,None,36,38,Expired,No,Bridge
Meghalaya,2023,October,Wednesday,01:34,Minor,2,Bus,6,3,Rainy,National Highway,Damaged,Daylight,None,47,58,Valid,No,Straight Road
Odisha,2021,February,Monday,20:05,Fatal,5,Truck,14,4,Clear,Village Road,Dry,Dark,Signs,113,47,Valid,Yes,Straight Road
Nagaland,2022,March,Friday,20:28,Minor,3,Two-Wheeler,9,0,Foggy,National Highway,Wet,Daylight,Signs,64,11,None,No,Intersection
Chandigarh,2020,September,Thursday,10:57,Serious,2,Pedestrian,13,3,Clear,Village Road,Wet,Dark,Signals,113,42,Valid,No,Intersection
Karnataka,2018,January,Saturday,19:34,Fatal,1,Two-Wheeler,4,2,Rainy,State Highway,Wet,Daylight,Signals,37,54,Expired,Yes,Intersection
Mizoram,2019,February,Wednesday,08:12,Fatal,4,Car,12,1,Clear,State Highway,Wet,Dusk,Signs,80,40,None,Yes,Straight Road
Haryana,2018,June,Friday,06:56,Fatal,2,Pedestrian,4,5,Rainy,State Highway,Wet,Dawn,Police Checkpost,30,30,None,Yes,Intersection
Jammu and Kashmir,2023,August,Monday,23:54,Serious,2,Cycle,10,1,Clear,State Highway,Dry,Daylight,None,94,39,Valid,Yes,Intersection
Maharashtra,2022,July,Saturday,09:37,Minor,3,Car,12,3,Foggy,Village Road,Dry,Dark,Signs,101,42,None,No,Intersection
Kerala,2018,September,Tuesday,23:21,Minor,3,Truck,9,4,Clear,National Highway,Dry,Dusk,Police Checkpost,71,41,Expired,No,Intersection
Tripura,2019,November,Wednesday,21:54,Fatal,4,Bus,13,1,Clear,State Highway,Dry,Dark,None,92,38,Valid,Yes,Bridge
Kerala,2020,December,Thursday,03:43,Minor,5,Bus,15,2,Clear,Urban Road,Wet,Dusk,None,97,52,Valid,No,Bridge
Himachal Pradesh,2019,July,Thursday,22:25,Fatal,4,Pedestrian,9,5,Clear,Urban Road,Damaged,Dusk,Signs,48,49,Expired,Yes,Curve
Chandigarh,2019,October,Wednesday,00:47,Minor,3,Auto-Rickshaw,14,2,Clear,State Highway,Dry,Dark,Signals,112,60,Expired,No,Bridge
Punjab,2023,July,Tuesday,13:26,Minor,5,Truck,9,0,Rainy,National Highway,Wet,Dusk,Police Checkpost,34,35,Expired,No,Straight Road
Jharkhand,2022,May,Thursday,23:01,Fatal,5,Two-Wheeler,12,0,Clear,National Highway,Damaged,Dark,None,90,49,Valid,Yes,Straight Road
Puducherry,2018,May,Thursday,19:02,Fatal,2,Car,11,3,Clear,National Highway,Dry,Dusk,None,115,33,Valid,Yes,Curve
Telangana,2023,March,Monday,16:38,Fatal,2,Bus,9,4,Clear,National Highway,Wet,Dusk,None,101,5,Valid,Yes,Curve
Manipur,2018,May,Saturday,10:14,Minor,5,Truck,12,2,Foggy,State Highway,Dry,Daylight,None,85,31,Valid,No,Bridge
Mizoram,2019,September,Saturday,19:35,Fatal,3,Pedestrian,8,2,Clear,Urban Road,Wet,Dusk,Signs,49,40,Valid,Yes,Curve
Mizoram,2019,September,Tuesday,06:20,Serious,3,Two-Wheeler,12,3,Rainy,Urban Road,Dry,Dawn,None,94,52,None,Yes,Bridge
Uttarakhand,2019,September,Saturday,05:24,Minor,3,Pedestrian,7,3,Clear,Village Road,Dry,Dawn,Signals,48,46,Valid,No,Intersection
Andhra Pradesh,2020,May,Friday,18:02,Serious,2,Truck,12,1,Clear,Urban Road,Wet,Dark,Police Checkpost,111,37,None,Yes,Intersection
Uttar Pradesh,2023,October,Friday,07:31,Minor,2,Pedestrian,10,4,Clear,Village Road,Damaged,Dusk,Signals,113,63,Valid,No,Bridge
Chandigarh,2018,July,Thursday,02:51,Minor,4,Auto-Rickshaw,12,4,Foggy,Urban Road,Under Construction,Daylight,Signs,93,32,None,No,Intersection
Jammu and Kashmir,2019,August,Wednesday,18:24,Serious,1,Two-Wheeler,8,5,Clear,Village Road,Wet,Dawn,Signs,78,28,None,Yes,Straight Road
Gujarat,2018,February,Monday,10:59,Serious,3,Two-Wheeler,11,1,Clear,State Highway,Dry,Daylight,Police Checkpost,87,43,Expired,Yes,Curve
Telangana,2018,August,Friday,18:00,Serious,5,Auto-Rickshaw,12,0,Clear,Urban Road,Dry,Daylight,Police Checkpost,70,63,None,Yes,Curve
Puducherry,2023,September,Tuesday,12:09,Serious,5,Truck,14,3,Clear,Village Road,Under Construction,Dawn,None,90,56,Valid,Yes,Bridge
Assam,2023,November,Wednesday,03:29,Minor,3,Bus,12,1,Clear,National Highway,Damaged,Dark,Signals,111,40,Valid,No,Intersection
Telangana,2023,December,Tuesday,10:25,Minor,5,Auto-Rickshaw,10,3,Clear,Village Road,Dry,Dark,Signs,58,33,Valid,No,Straight Road
Himachal Pradesh,2019,September,Wednesday,18:52,Serious,4,Pedestrian,12,3,Rainy,Urban Road,Wet,Daylight,None,109,30,Valid,Yes,Curve
Tamil Nadu,2023,January,Sunday,17:11,Minor,4,Bus,10,4,Clear,Village Road,Dry,Daylight,Signals,70,24,Valid,No,Bridge
Sikkim,2020,July,Monday,23:29,Minor,4,Truck,13,0,Clear,Village Road,Under Construction,Dusk,Signs,111,37,None,No,Curve
Jammu and Kashmir,2021,June,Thursday,23:27,Fatal,3,Pedestrian,12,5,Clear,State Highway,Wet,Dawn,Signs,89,36,Expired,Yes,Curve
Assam,2021,November,Saturday,12:14,Serious,3,Car,8,2,Stormy,Village Road,Wet,Dark,Police Checkpost,61,32,None,No,Bridge
Uttar Pradesh,2022,September,Thursday,20:23,Fatal,3,Two-Wheeler,13,3,Rainy,State Highway,Damaged,Dawn,Signals,114,53,Expired,Yes,Bridge
Goa,2022,July,Friday,08:10,Minor,3,Car,8,1,Clear,Urban Road,Dry,Daylight,Police Checkpost,42,39,Valid,No,Bridge
Rajasthan,2018,September,Saturday,20:47,Minor,1,Auto-Rickshaw,5,4,Clear,State Highway,Dry,Dawn,Signs,43,45,Valid,No,Curve
Kerala,2021,September,Saturday,21:12,Fatal,2,Pedestrian,11,3,Clear,Urban Road,Dry,Dusk,Police Checkpost,107,27,Valid,Yes,Curve
Chhattisgarh,2022,December,Monday,10:48,Serious,2,Truck,9,5,Foggy,Village Road,Dry,Dusk,Signs,66,70,Valid,No,Intersection
Arunachal Pradesh,2023,October,Thursday,14:09,Minor,1,Truck,6,1,Clear,State Highway,Damaged,Dark,Signs,69,53,Valid,No,Intersection
Manipur,2022,March,Monday,10:47,Fatal,2,Car,5,4,Rainy,State Highway,Under Construction,Dawn,Signs,46,19,Valid,Yes,Straight Road
Odisha,2021,July,Saturday,00:49,Fatal,4,Bus,13,0,Clear,Urban Road,Under Construction,Dark,None,104,49,Expired,Yes,Intersection
Uttar Pradesh,2018,November,Sunday,18:21,Fatal,2,Two-Wheeler,13,2,Clear,Village Road,Dry,Dawn,None,107,36,Expired,Yes,Curve
Mizoram,2020,April,Friday,00:32,Fatal,4,Auto-Rickshaw,13,5,Clear,State Highway,Wet,Daylight,Signs,109,41,Valid,Yes,Intersection
Haryana,2023,November,Friday,05:04,Fatal,4,Auto-Rickshaw,9,0,Clear,State Highway,Dry,Dawn,Signals,48,48,Expired,Yes,Straight Road
Himachal Pradesh,2023,February,Friday,12:16,Fatal,4,Car,11,0,Clear,State Highway,Wet,Daylight,Signals,68,39,Valid,Yes,Curve
Uttarakhand,2022,November,Thursday,12:15,Fatal,1,Bus,6,0,Clear,Urban Road,Dry,Dark,Signs,87,51,Valid,Yes,Straight Road
Andhra Pradesh,2018,October,Wednesday,03:40,Fatal,4,Bus,15,3,Rainy,Village Road,Under Construction,Dusk,Signals,117,55,None,Yes,Intersection
Tamil Nadu,2022,May,Saturday,13:58,Minor,3,Car,12,4,Foggy,State Highway,Dry,Dark,Signs,109,50,Expired,No,Bridge
Goa,2022,July,Friday,07:03,Fatal,5,Truck,10,3,Stormy,National Highway,Damaged,Dusk,None,59,22,Valid,Yes,Straight Road
Arunachal Pradesh,2020,April,Tuesday,03:42,Serious,1,Truck,9,2,Rainy,National Highway,Wet,Daylight,None,90,41,None,No,Curve
Rajasthan,2019,June,Sunday,21:59,Serious,1,Two-Wheeler,7,0,Rainy,Village Road,Dry,Dawn,None,70,46,Valid,No,Intersection
Assam,2019,February,Tuesday,07:57,Minor,2,Bus,12,3,Clear,State Highway,Dry,Dusk,Signs,120,48,None,No,Intersection
Karnataka,2023,December,Monday,15:59,Fatal,1,Bus,4,5,Clear,Village Road,Damaged,Dawn,Signals,59,32,Valid,Yes,Curve
Maharashtra,2019,June,Saturday,12:09,Minor,3,Pedestrian,10,1,Foggy,Village Road,Dry,Dawn,Signals,63,16,None,No,Straight Road
Bihar,2023,January,Saturday,19:01,Minor,4,Car,10,2,Clear,National Highway,Under Construction,Dark,Police Checkpost,34,21,None,No,Curve
Rajasthan,2020,June,Saturday,14:31,Fatal,1,Auto-Rickshaw,10,0,Clear,Urban Road,Damaged,Daylight,Signals,119,41,Expired,Yes,Straight Road
Gujarat,2019,July,Friday,07:46,Minor,5,Auto-Rickshaw,15,1,Clear,State Highway,Wet,Dusk,Signals,104,38,None,No,Bridge
Arunachal Pradesh,2020,February,Wednesday,09:05,Minor,1,Cycle,5,5,Clear,Urban Road,Under Construction,Dusk,None,46,21,Valid,No,Straight Road
Madhya Pradesh,2020,December,Saturday,15:42,Fatal,1,Pedestrian,6,1,Clear,State Highway,Under Construction,Dawn,Signs,38,46,Valid,Yes,Straight Road
Jammu and Kashmir,2020,January,Monday,21:09,Fatal,3,Truck,10,2,Rainy,Village Road,Under Construction,Dawn,Police Checkpost,90,36,Expired,Yes,Straight Road
Gujarat,2020,January,Friday,04:30,Fatal,3,Two-Wheeler,8,5,Clear,National Highway,Under Construction,Daylight,None,62,28,None,Yes,Intersection
Nagaland,2020,November,Saturday,23:41,Fatal,2,Cycle,11,5,Clear,Urban Road,Dry,Daylight,None,100,31,Valid,Yes,Curve
Nagaland,2020,March,Saturday,20:41,Serious,2,Car,11,1,Clear,Urban Road,Wet,Dawn,Signs,117,49,Valid,Yes,Intersection
Jammu and Kashmir,2019,August,Monday,04:54,Serious,3,Auto-Rickshaw,11,0,Clear,Urban Road,Wet,Dark,Signs,112,21,Valid,Yes,Intersection
Madhya Pradesh,2020,September,Friday,17:51,Minor,5,Truck,12,5,Clear,National Highway,Wet,Dawn,Signals,72,43,None,No,Straight Road
Telangana,2019,March,Wednesday,09:47,Serious,5,Auto-Rickshaw,15,3,Clear,State Highway,Wet,Dawn,Police Checkpost,110,28,None,Yes,Curve
Tripura,2018,March,Thursday,22:38,Fatal,3,Pedestrian,12,3,Rainy,State Highway,Damaged,Dark,Signs,96,26,Expired,Yes,Bridge
Assam,2021,December,Wednesday,03:12,Serious,4,Two-Wheeler,15,5,Foggy,National Highway,Wet,Dawn,Signs,109,24,None,Yes,Curve
Haryana,2022,June,Wednesday,06:32,Minor,4,Car,9,3,Foggy,Urban Road,Damaged,Dusk,Signs,77,42,None,No,Bridge
Jammu and Kashmir,2023,August,Monday,06:41,Serious,1,Two-Wheeler,7,3,Clear,Village Road,Under Construction,Dawn,Police Checkpost,64,34,None,No,Bridge
Nagaland,2021,June,Friday,08:28,Fatal,4,Truck,12,2,Clear,Village Road,Under Construction,Dusk,Signs,106,45,None,Yes,Straight Road
Tamil Nadu,2018,November,Saturday,01:42,Fatal,2,Truck,5,5,Clear,State Highway,Wet,Dark,Police Checkpost,50,31,Valid,Yes,Bridge
Goa,2022,August,Wednesday,14:37,Minor,2,Truck,7,5,Rainy,Village Road,Under Construction,Dark,Police Checkpost,55,45,None,No,Curve
Mizoram,2020,August,Monday,10:52,Fatal,3,Auto-Rickshaw,9,2,Clear,National Highway,Dry,Daylight,Signals,30,25,None,Yes,Curve
Meghalaya,2019,July,Monday,06:31,Serious,5,Bus,14,3,Clear,State Highway,Under Construction,Dusk,Signals,101,47,None,Yes,Intersection
Madhya Pradesh,2019,December,Tuesday,06:32,Minor,5,Bus,9,2,Clear,National Highway,Damaged,Dawn,Police Checkpost,43,35,Expired,No,Straight Road
Kerala,2021,September,Friday,05:43,Minor,5,Truck,8,3,Clear,Urban Road,Wet,Dawn,Signals,34,47,Expired,No,Straight Road
Rajasthan,2019,August,Saturday,05:51,Minor,2,Auto-Rickshaw,8,0,Rainy,Village Road,Damaged,Daylight,Signals,53,47,Valid,No,Bridge
Tripura,2019,November,Saturday,20:50,Minor,2,Two-Wheeler,7,3,Rainy,National Highway,Damaged,Dusk,Police Checkpost,69,61,Valid,No,Straight Road
Delhi,2023,July,Friday,15:43,Minor,4,Two-Wheeler,14,1,Clear,State Highway,Damaged,Dark,Signals,105,36,None,No,Intersection
Madhya Pradesh,2021,January,Tuesday,15:03,Minor,4,Bus,14,3,Clear,State Highway,Under Construction,Dusk,Signs,98,38,Valid,No,Bridge
Chhattisgarh,2019,November,Friday,04:19,Fatal,5,Bus,11,2,Clear,National Highway,Under Construction,Dusk,Signs,64,30,Valid,Yes,Straight Road
Delhi,2020,August,Saturday,01:17,Serious,3,Car,12,2,Clear,National Highway,Wet,Dark,Signals,116,72,Valid,No,Straight Road
Meghalaya,2022,October,Saturday,03:11,Fatal,1,Pedestrian,5,0,Clear,State Highway,Dry,Dawn,Signals,77,44,Valid,Yes,Bridge
Manipur,2020,October,Saturday,23:27,Minor,4,Pedestrian,10,0,Clear,Urban Road,Under Construction,Dawn,Police Checkpost,45,32,Valid,No,Bridge
Manipur,2019,January,Saturday,11:44,Minor,3,Auto-Rickshaw,8,5,Foggy,State Highway,Under Construction,Dawn,None,72,30,Expired,No,Bridge
Chandigarh,2021,September,Tuesday,23:04,Minor,3,Two-Wheeler,5,5,Clear,National Highway,Damaged,Dusk,Police Checkpost,30,26,Valid,No,Bridge
Assam,2019,December,Sunday,09:54,Fatal,1,Bus,8,0,Clear,State Highway,Under Construction,Dark,Signs,75,23,Valid,Yes,Bridge
West Bengal,2020,February,Sunday,17:38,Fatal,4,Pedestrian,13,2,Clear,Village Road,Dry,Daylight,None,111,29,Valid,Yes,Curve
Mizoram,2021,July,Saturday,06:06,Minor,5,Pedestrian,14,2,Clear,Urban Road,Under Construction,Dusk,Police Checkpost,103,39,None,No,Straight Road
Nagaland,2019,December,Saturday,07:43,Minor,4,Car,14,1,Clear,State Highway,Wet,Dark,Signs,100,57,None,No,Bridge
Bihar,2020,May,Monday,02:00,Fatal,1,Car,5,4,Foggy,Village Road,Dry,Daylight,Signals,36,49,Expired,Yes,Intersection
Mizoram,2023,August,Sunday,01:47,Minor,1,Two-Wheeler,5,3,Clear,Village Road,Damaged,Dark,Police Checkpost,44,50,Valid,No,Bridge
Rajasthan,2022,April,Sunday,19:34,Minor,3,Truck,7,5,Clear,State Highway,Dry,Dark,Signs,42,57,Expired,No,Curve
Madhya Pradesh,2020,September,Tuesday,04:59,Minor,2,Cycle,6,5,Rainy,Urban Road,Wet,Dawn,None,54,44,None,No,Intersection
West Bengal,2021,November,Saturday,03:04,Minor,2,Two-Wheeler,12,5,Clear,National Highway,Dry,Dawn,Signals,103,38,Expired,No,Curve
Jharkhand,2019,December,Thursday,12:53,Serious,1,Pedestrian,10,3,Clear,State Highway,Under Construction,Daylight,Signs,92,18,Valid,Yes,Bridge
Himachal Pradesh,2023,March,Wednesday,11:58,Fatal,4,Car,8,1,Clear,State Highway,Under Construction,Dark,Police Checkpost,41,23,Expired,Yes,Straight Road
Himachal Pradesh,2023,July,Tuesday,22:15,Minor,3,Two-Wheeler,9,5,Rainy,Village Road,Wet,Daylight,None,62,44,None,No,Intersection
Chhattisgarh,2021,May,Friday,18:36,Minor,4,Truck,7,3,Clear,Urban Road,Damaged,Dawn,Signs,32,35,Expired,No,Curve
Meghalaya,2019,May,Saturday,01:23,Minor,3,Bus,6,1,Clear,Village Road,Damaged,Dusk,Signs,36,69,Valid,No,Curve
Nagaland,2023,November,Monday,04:51,Fatal,1,Bus,9,5,Clear,Village Road,Damaged,Dawn,Signals,113,40,None,Yes,Straight Road
Tripura,2020,July,Saturday,11:42,Serious,2,Cycle,9,4,Clear,Village Road,Wet,Dawn,Signals,77,26,Valid,No,Bridge
Jharkhand,2020,December,Friday,06:44,Serious,4,Truck,13,0,Clear,National Highway,Damaged,Dark,None,100,34,Valid,Yes,Curve
Jharkhand,2022,March,Friday,08:03,Minor,3,Truck,12,2,Clear,State Highway,Wet,Daylight,Police Checkpost,89,35,Valid,No,Bridge
Karnataka,2021,March,Tuesday,02:12,Minor,1,Two-Wheeler,10,2,Foggy,Village Road,Wet,Dusk,Police Checkpost,99,36,Valid,No,Bridge
Goa,2021,April,Monday,14:44,Minor,5,Car,8,0,Stormy,Village Road,Wet,Dark,Signs,35,43,Valid,No,Curve
Madhya Pradesh,2022,January,Thursday,22:11,Minor,5,Bus,10,5,Clear,Urban Road,Damaged,Dark,Signals,65,36,None,No,Curve
Maharashtra,2018,March,Sunday,13:26,Fatal,5,Two-Wheeler,14,4,Rainy,Urban Road,Damaged,Dark,Police Checkpost,87,54,Valid,Yes,Straight Road
Puducherry,2022,August,Saturday,14:36,Minor,3,Auto-Rickshaw,10,5,Clear,Village Road,Damaged,Dark,Signals,82,38,Valid,No,Curve
Punjab,2020,March,Sunday,06:11,Fatal,5,Auto-Rickshaw,10,5,Rainy,National Highway,Wet,Dawn,Police Checkpost,40,37,None,Yes,Intersection
Gujarat,2022,January,Monday,11:22,Serious,5,Auto-Rickshaw,9,2,Clear,Village Road,Dry,Dusk,None,54,31,Valid,No,Bridge
Kerala,2020,December,Thursday,14:51,Serious,4,Bus,13,5,Clear,Village Road,Wet,Dark,None,104,26,Valid,Yes,Curve
Chandigarh,2018,March,Saturday,05:27,Minor,1,Bus,3,1,Foggy,Urban Road,Wet,Dawn,Police Checkpost,31,13,Valid,No,Intersection
Manipur,2019,August,Wednesday,22:24,Serious,4,Auto-Rickshaw,10,5,Clear,National Highway,Damaged,Dusk,Police Checkpost,50,42,Expired,Yes,Straight Road
Karnataka,2022,October,Thursday,22:34,Minor,2,Cycle,13,1,Rainy,Urban Road,Under Construction,Dawn,Police Checkpost,119,31,Expired,No,Straight Road
Rajasthan,2021,April,Wednesday,22:10,Serious,1,Bus,9,4,Rainy,National Highway,Dry,Daylight,Police Checkpost,69,27,Valid,Yes,Straight Road
Odisha,2022,March,Thursday,03:40,Fatal,3,Auto-Rickshaw,14,3,Clear,State Highway,Dry,Dark,Signs,119,32,Valid,Yes,Intersection
Madhya Pradesh,2018,June,Thursday,16:15,Minor,2,Bus,9,4,Rainy,Urban Road,Wet,Dark,None,95,58,None,No,Straight Road
Jammu and Kashmir,2020,April,Friday,16:03,Minor,2,Cycle,7,0,Clear,National Highway,Wet,Dawn,Police Checkpost,74,68,Valid,No,Straight Road
Nagaland,2023,October,Monday,07:37,Serious,5,Bus,9,1,Clear,State Highway,Dry,Dark,None,63,60,Expired,Yes,Straight Road
Maharashtra,2020,March,Thursday,08:01,Fatal,1,Truck,5,3,Clear,Village Road,Dry,Dark,Signs,44,34,Valid,Yes,Intersection
Jharkhand,2023,February,Monday,20:29,Serious,1,Car,7,4,Clear,National Highway,Under Construction,Dawn,Signals,84,28,Expired,No,Bridge
Chandigarh,2022,October,Monday,17:23,Fatal,5,Auto-Rickshaw,9,4,Clear,Village Road,Wet,Dawn,Signs,43,34,None,Yes,Intersection
Manipur,2023,March,Friday,03:06,Minor,4,Auto-Rickshaw,11,0,Clear,Urban Road,Under Construction,Daylight,Signs,66,26,Expired,No,Curve
Haryana,2018,July,Monday,20:56,Minor,2,Pedestrian,8,5,Foggy,Urban Road,Wet,Daylight,Signs,75,51,Expired,No,Bridge
Jharkhand,2022,September,Thursday,04:36,Minor,4,Auto-Rickshaw,10,2,Clear,National Highway,Damaged,Dawn,Police Checkpost,44,33,Expired,No,Curve
Odisha,2021,November,Sunday,20:21,Serious,4,Car,6,1,Rainy,National Highway,Under Construction,Dawn,None,30,33,Valid,Yes,Curve
Maharashtra,2020,June,Thursday,02:49,Fatal,2,Auto-Rickshaw,13,4,Clear,State Highway,Wet,Dawn,Police Checkpost,118,42,Valid,Yes,Intersection
West Bengal,2023,December,Monday,14:41,Minor,5,Truck,10,5,Clear,Urban Road,Wet,Dusk,None,35,76,None,No,Bridge
Andhra Pradesh,2019,December,Thursday,01:12,Fatal,4,Two-Wheeler,12,0,Clear,Village Road,Wet,Dusk,Signals,82,45,Valid,Yes,Straight Road
Odisha,2023,November,Sunday,04:42,Serious,5,Cycle,11,1,Rainy,Village Road,Dry,Daylight,Police Checkpost,68,46,Expired,No,Bridge
Puducherry,2022,March,Tuesday,04:27,Minor,4,Two-Wheeler,10,3,Foggy,National Highway,Wet,Daylight,Signals,61,64,Valid,No,Intersection
Puducherry,2019,August,Tuesday,05:15,Fatal,2,Pedestrian,5,5,Clear,Village Road,Damaged,Dark,None,35,40,None,Yes,Curve
Puducherry,2018,January,Thursday,10:32,Minor,2,Auto-Rickshaw,10,3,Clear,National Highway,Dry,Daylight,Police Checkpost,86,23,None,No,Intersection
Delhi,2019,July,Thursday,00:01,Fatal,1,Auto-Rickshaw,9,4,Clear,Village Road,Under Construction,Dawn,None,108,43,Valid,Yes,Bridge
Haryana,2022,February,Saturday,07:44,Minor,4,Car,9,1,Clear,Urban Road,Under Construction,Daylight,Police Checkpost,39,25,Expired,No,Intersection
Meghalaya,2018,August,Friday,19:11,Fatal,3,Cycle,8,4,Rainy,Village Road,Dry,Dawn,Signals,75,50,Expired,Yes,Intersection
Uttarakhand,2023,March,Saturday,16:36,Serious,3,Auto-Rickshaw,8,0,Clear,National Highway,Under Construction,Dawn,Signs,62,51,None,Yes,Straight Road
Uttarakhand,2022,July,Sunday,21:03,Minor,2,Auto-Rickshaw,5,1,Rainy,State Highway,Wet,Dark,Signs,35,31,Valid,No,Curve
Nagaland,2020,May,Tuesday,13:37,Fatal,1,Auto-Rickshaw,7,5,Rainy,Village Road,Wet,Dark,Signs,62,47,Expired,Yes,Straight Road
Uttarakhand,2023,December,Sunday,13:02,Minor,2,Two-Wheeler,10,2,Stormy,Urban Road,Under Construction,Daylight,Signs,87,34,Expired,No,Straight Road
Madhya Pradesh,2022,June,Sunday,17:00,Fatal,2,Auto-Rickshaw,9,0,Clear,Village Road,Under Construction,Dark,Signals,79,89,Valid,Yes,Curve
Jharkhand,2023,January,Monday,02:22,Minor,5,Pedestrian,12,0,Clear,National Highway,Dry,Daylight,None,75,26,None,No,Bridge
Chandigarh,2018,January,Monday,21:32,Serious,5,Cycle,11,0,Clear,Urban Road,Wet,Daylight,Police Checkpost,59,31,None,Yes,Bridge
Nagaland,2019,July,Thursday,19:33,Serious,4,Cycle,13,0,Rainy,State Highway,Wet,Dusk,None,102,36,Expired,No,Curve
Maharashtra,2018,July,Sunday,12:03,Fatal,4,Car,8,1,Clear,State Highway,Dry,Dark,Signals,33,44,Valid,Yes,Straight Road
Kerala,2023,October,Monday,00:52,Serious,1,Two-Wheeler,6,1,Rainy,Village Road,Damaged,Daylight,None,51,55,Valid,No,Curve
Andhra Pradesh,2023,August,Tuesday,06:44,Fatal,4,Car,11,4,Clear,National Highway,Damaged,Dusk,Police Checkpost,92,41,Valid,Yes,Straight Road
Puducherry,2018,November,Friday,14:04,Serious,5,Bus,8,0,Stormy,National Highway,Wet,Dark,Signals,44,56,Valid,No,Curve
West Bengal,2018,September,Wednesday,08:46,Minor,5,Two-Wheeler,12,5,Clear,Village Road,Dry,Daylight,Signs,64,67,None,No,Intersection
Delhi,2021,October,Sunday,13:55,Minor,3,Truck,14,5,Rainy,Village Road,Dry,Dawn,Signs,117,47,Valid,No,Straight Road
Chhattisgarh,2018,June,Saturday,10:23,Fatal,5,Truck,10,1,Rainy,State Highway,Dry,Dusk,Signs,69,20,Valid,Yes,Bridge
Andhra Pradesh,2019,July,Saturday,15:47,Minor,2,Auto-Rickshaw,10,0,Clear,National Highway,Dry,Dusk,Signals,117,65,None,No,Straight Road
West Bengal,2019,July,Monday,00:58,Fatal,1,Car,6,1,Rainy,Village Road,Wet,Dawn,Signs,55,51,None,Yes,Straight Road
Manipur,2022,November,Saturday,16:27,Minor,3,Cycle,14,3,Rainy,National Highway,Under Construction,Daylight,Signals,105,43,Valid,No,Curve
Manipur,2022,January,Saturday,11:23,Minor,4,Two-Wheeler,11,0,Clear,National Highway,Dry,Daylight,Signs,60,50,Valid,No,Intersection
Odisha,2023,January,Friday,06:09,Fatal,3,Two-Wheeler,4,0,Clear,Urban Road,Dry,Dawn,Police Checkpost,36,40,Expired,Yes,Curve
West Bengal,2022,November,Friday,11:33,Fatal,3,Cycle,6,2,Foggy,State Highway,Wet,Dawn,None,42,51,None,Yes,Curve
Himachal Pradesh,2020,December,Monday,19:26,Fatal,1,Auto-Rickshaw,8,3,Rainy,Urban Road,Under Construction,Dusk,Signs,47,31,Expired,Yes,Straight Road
Chhattisgarh,2023,June,Sunday,00:40,Serious,2,Two-Wheeler,6,0,Clear,Village Road,Wet,Dark,None,48,58,Expired,Yes,Straight Road
Sikkim,2018,May,Tuesday,00:17,Serious,3,Pedestrian,10,4,Clear,National Highway,Wet,Daylight,Police Checkpost,76,14,None,Yes,Intersection
Nagaland,2018,December,Wednesday,23:46,Minor,4,Cycle,14,5,Clear,State Highway,Damaged,Dawn,Police Checkpost,104,35,Valid,No,Intersection
Chhattisgarh,2023,April,Friday,09:59,Minor,2,Truck,11,0,Rainy,National Highway,Dry,Dark,None,96,54,Valid,No,Bridge
Jammu and Kashmir,2018,March,Thursday,07:49,Minor,1,Truck,5,3,Clear,State Highway,Dry,Dusk,Police Checkpost,37,38,None,No,Curve
Jammu and Kashmir,2021,September,Friday,10:20,Minor,2,Bus,9,3,Clear,National Highway,Wet,Dark,Signs,84,40,Expired,No,Bridge
Karnataka,2022,May,Thursday,12:25,Serious,5,Cycle,10,4,Clear,Urban Road,Dry,Dark,Police Checkpost,33,19,Valid,No,Intersection
Uttar Pradesh,2019,September,Sunday,16:27,Minor,1,Two-Wheeler,7,0,Rainy,State Highway,Wet,Dusk,Signals,69,34,Valid,No,Curve
Puducherry,2019,August,Tuesday,07:39,Fatal,3,Two-Wheeler,8,4,Foggy,Village Road,Wet,Dark,Police Checkpost,38,48,None,Yes,Straight Road
Sikkim,2021,December,Friday,08:34,Fatal,3,Pedestrian,12,1,Clear,State Highway,Damaged,Dark,None,90,25,None,Yes,Bridge
Uttarakhand,2022,November,Tuesday,04:26,Fatal,3,Car,11,3,Clear,Urban Road,Under Construction,Dawn,Signs,105,49,Valid,Yes,Bridge
Madhya Pradesh,2019,August,Saturday,19:32,Minor,4,Bus,13,0,Clear,State Highway,Wet,Dawn,Signals,100,43,None,No,Intersection
Mizoram,2021,March,Thursday,09:07,Serious,4,Bus,13,4,Clear,Village Road,Damaged,Daylight,Signals,89,38,Valid,No,Intersection
Jharkhand,2019,March,Wednesday,06:55,Fatal,5,Bus,13,3,Rainy,State Highway,Damaged,Daylight,None,72,56,Valid,Yes,Straight Road
Gujarat,2020,June,Sunday,06:31,Serious,4,Pedestrian,15,0,Foggy,National Highway,Damaged,Daylight,Signals,114,34,None,No,Straight Road
Odisha,2020,July,Monday,17:16,Serious,4,Cycle,13,5,Rainy,Village Road,Under Construction,Dark,None,98,37,Valid,Yes,Straight Road
Kerala,2021,October,Saturday,02:44,Serious,5,Auto-Rickshaw,9,4,Clear,Urban Road,Dry,Daylight,Signs,32,40,Expired,Yes,Bridge
Uttarakhand,2018,September,Wednesday,08:30,Fatal,2,Cycle,6,2,Rainy,Village Road,Wet,Daylight,Signals,50,52,None,Yes,Curve
Andhra Pradesh,2020,June,Monday,06:29,Minor,2,Truck,5,4,Clear,Village Road,Under Construction,Dark,Signs,45,48,Valid,No,Curve
Meghalaya,2018,July,Friday,22:27,Serious,5,Two-Wheeler,15,0,Clear,Village Road,Under Construction,Dusk,None,99,58,Valid,No,Straight Road
Uttar Pradesh,2019,October,Tuesday,19:45,Fatal,3,Auto-Rickshaw,10,3,Clear,National Highway,Wet,Dusk,Signals,70,47,Expired,Yes,Bridge
Gujarat,2023,September,Thursday,14:25,Minor,2,Auto-Rickshaw,7,5,Rainy,National Highway,Wet,Dark,Police Checkpost,35,38,None,No,Curve
Chhattisgarh,2022,July,Saturday,18:08,Minor,1,Auto-Rickshaw,6,1,Clear,Urban Road,Under Construction,Daylight,Police Checkpost,83,42,Expired,No,Intersection
West Bengal,2022,May,Saturday,13:09,Minor,3,Pedestrian,11,1,Clear,State Highway,Under Construction,Dark,Signs,89,49,Valid,No,Curve
Meghalaya,2020,October,Sunday,02:04,Serious,4,Auto-Rickshaw,5,3,Clear,Urban Road,Dry,Dark,Signals,30,35,None,Yes,Bridge
Uttar Pradesh,2021,October,Friday,23:38,Fatal,2,Truck,9,1,Clear,State Highway,Dry,Dawn,Signals,89,36,None,Yes,Intersection
Odisha,2019,June,Tuesday,13:14,Minor,4,Car,13,4,Rainy,State Highway,Under Construction,Dark,Police Checkpost,113,44,Expired,No,Straight Road
Uttarakhand,2022,April,Saturday,13:02,Minor,3,Cycle,9,2,Foggy,National Highway,Wet,Daylight,Signs,66,18,Expired,No,Straight Road
Tamil Nadu,2018,September,Friday,22:57,Fatal,4,Cycle,14,4,Clear,Urban Road,Damaged,Dawn,None,105,40,Valid,Yes,Intersection
Gujarat,2023,July,Saturday,00:44,Fatal,2,Pedestrian,9,5,Stormy,Village Road,Under Construction,Dark,None,77,45,None,Yes,Intersection
Gujarat,2021,May,Tuesday,13:27,Serious,2,Truck,9,4,Rainy,Urban Road,Under Construction,Dusk,None,92,25,None,Yes,Bridge
Mizoram,2023,October,Thursday,22:23,Serious,2,Pedestrian,11,2,Clear,State Highway,Dry,Dawn,None,94,31,None,Yes,Intersection
Tamil Nadu,2023,February,Friday,23:59,Minor,5,Two-Wheeler,12,0,Clear,Urban Road,Wet,Dusk,None,112,39,Valid,No,Bridge
Mizoram,2020,August,Saturday,08:35,Fatal,3,Cycle,10,2,Rainy,National Highway,Under Construction,Dark,Police Checkpost,70,48,Expired,Yes,Curve
Karnataka,2018,March,Friday,13:23,Serious,5,Car,12,0,Clear,State Highway,Damaged,Dark,Signals,81,23,None,No,Straight Road
West Bengal,2023,May,Tuesday,06:17,Serious,5,Car,11,1,Clear,State Highway,Damaged,Dawn,None,70,44,Expired,Yes,Intersection
Karnataka,2023,November,Monday,15:55,Minor,4,Auto-Rickshaw,10,0,Clear,State Highway,Damaged,Dark,Signs,62,42,None,No,Curve
Chhattisgarh,2021,June,Tuesday,07:49,Fatal,1,Auto-Rickshaw,4,0,Rainy,State Highway,Damaged,Dusk,Signals,35,34,None,Yes,Curve
West Bengal,2023,December,Monday,16:26,Minor,1,Pedestrian,9,1,Rainy,Village Road,Under Construction,Dark,Police Checkpost,106,50,Valid,No,Bridge
Puducherry,2022,May,Thursday,01:19,Minor,4,Car,12,2,Rainy,Village Road,Under Construction,Daylight,Police Checkpost,100,19,Expired,No,Straight Road
Uttar Pradesh,2019,March,Wednesday,09:53,Fatal,5,Car,11,4,Clear,State Highway,Under Construction,Dusk,None,64,25,None,Yes,Straight Road
Uttar Pradesh,2023,October,Monday,11:18,Minor,3,Auto-Rickshaw,7,1,Clear,Urban Road,Damaged,Dark,Police Checkpost,32,26,None,No,Curve
Karnataka,2018,July,Tuesday,02:11,Serious,4,Pedestrian,9,3,Rainy,Urban Road,Wet,Dusk,Police Checkpost,47,49,Expired,Yes,Curve
Nagaland,2020,June,Monday,09:50,Minor,2,Pedestrian,11,1,Clear,Village Road,Dry,Daylight,Police Checkpost,117,48,None,No,Bridge
Haryana,2021,April,Saturday,23:06,Serious,3,Cycle,9,0,Rainy,National Highway,Dry,Dusk,Signals,79,35,Valid,No,Curve
Goa,2021,May,Thursday,00:14,Fatal,1,Two-Wheeler,7,2,Stormy,National Highway,Damaged,Dawn,Signals,51,43,Valid,Yes,Straight Road
Uttar Pradesh,2020,June,Friday,21:11,Minor,2,Cycle,6,0,Clear,State Highway,Damaged,Daylight,None,51,27,Expired,No,Bridge
Tamil Nadu,2019,October,Wednesday,02:33,Fatal,2,Two-Wheeler,4,5,Rainy,Village Road,Wet,Daylight,Signs,36,20,None,Yes,Bridge
Delhi,2020,December,Thursday,18:12,Fatal,2,Auto-Rickshaw,8,5,Clear,State Highway,Dry,Dark,Signs,65,35,None,Yes,Intersection
Tamil Nadu,2020,June,Thursday,03:45,Serious,1,Bus,11,0,Clear,National Highway,Under Construction,Dark,Signs,107,43,Expired,Yes,Intersection
Odisha,2020,February,Tuesday,14:05,Serious,4,Cycle,11,4,Clear,State Highway,Under Construction,Dawn,Police Checkpost,93,73,Valid,Yes,Intersection
Gujarat,2020,June,Thursday,01:38,Serious,5,Pedestrian,15,5,Rainy,Urban Road,Dry,Dusk,None,94,41,None,Yes,Bridge
Meghalaya,2020,July,Thursday,23:07,Serious,5,Bus,16,5,Stormy,State Highway,Dry,Daylight,Police Checkpost,115,48,Expired,Yes,Intersection
Tripura,2019,March,Saturday,04:10,Serious,2,Two-Wheeler,8,5,Clear,National Highway,Dry,Daylight,Police Checkpost,50,48,None,Yes,Bridge
Manipur,2022,January,Friday,05:39,Minor,4,Two-Wheeler,11,2,Clear,National Highway,Dry,Dusk,Police Checkpost,69,55,Valid,No,Curve
Assam,2019,September,Sunday,15:22,Minor,1,Bus,11,3,Clear,National Highway,Wet,Dusk,Police Checkpost,112,37,Valid,No,Straight Road
Delhi,2018,July,Saturday,04:43,Fatal,5,Auto-Rickshaw,13,0,Clear,Urban Road,Under Construction,Dawn,Signs,91,51,None,Yes,Intersection
Kerala,2019,July,Friday,22:20,Serious,5,Truck,14,5,Clear,National Highway,Damaged,Daylight,Signs,87,34,Expired,Yes,Curve
Puducherry,2020,November,Monday,02:38,Fatal,1,Cycle,7,3,Clear,Urban Road,Damaged,Dusk,Signals,70,36,Valid,Yes,Intersection
Andhra Pradesh,2022,November,Sunday,01:29,Fatal,4,Car,14,1,Rainy,Village Road,Wet,Dusk,None,104,33,None,Yes,Curve
Uttarakhand,2022,January,Sunday,08:18,Fatal,3,Truck,8,2,Rainy,Urban Road,Dry,Dark,Signals,69,37,Expired,Yes,Straight Road
Tamil Nadu,2023,August,Sunday,01:59,Fatal,2,Bus,7,0,Rainy,Urban Road,Wet,Daylight,Police Checkpost,68,45,None,Yes,Bridge
Punjab,2018,August,Wednesday,15:59,Serious,4,Auto-Rickshaw,13,2,Clear,Urban Road,Damaged,Dusk,None,107,37,None,No,Intersection
Meghalaya,2018,March,Sunday,02:29,Minor,1,Car,5,4,Rainy,Village Road,Damaged,Dark,None,64,42,Expired,No,Bridge
Delhi,2018,April,Saturday,10:52,Fatal,3,Cycle,11,4,Rainy,National Highway,Damaged,Dark,Police Checkpost,81,53,Expired,Yes,Bridge
Telangana,2023,May,Tuesday,12:24,Minor,4,Cycle,8,4,Clear,National Highway,Wet,Dusk,Police Checkpost,57,10,None,No,Bridge
Sikkim,2022,May,Tuesday,16:19,Fatal,1,Two-Wheeler,8,0,Clear,State Highway,Damaged,Dusk,Signs,91,19,Expired,Yes,Bridge
Maharashtra,2021,September,Saturday,20:54,Minor,4,Car,9,2,Rainy,Urban Road,Damaged,Dawn,Signs,72,35,None,No,Bridge
Punjab,2020,March,Sunday,12:49,Minor,1,Two-Wheeler,7,0,Clear,State Highway,Under Construction,Daylight,Signs,78,29,None,No,Intersection
Chandigarh,2023,November,Thursday,05:15,Minor,2,Cycle,10,3,Clear,Village Road,Dry,Dawn,Signals,92,16,Expired,No,Bridge
Uttar Pradesh,2023,July,Monday,03:30,Fatal,5,Pedestrian,10,1,Rainy,Urban Road,Wet,Dusk,Signals,35,52,Valid,Yes,Straight Road
Rajasthan,2022,August,Monday,05:42,Fatal,5,Pedestrian,11,4,Clear,National Highway,Dry,Dawn,Signs,68,30,Valid,Yes,Curve
Madhya Pradesh,2023,January,Monday,13:47,Serious,5,Car,12,1,Rainy,Urban Road,Damaged,Dusk,Police Checkpost,63,8,Valid,No,Intersection
Meghalaya,2019,October,Thursday,01:39,Fatal,2,Cycle,11,5,Stormy,National Highway,Dry,Daylight,Police Checkpost,92,33,None,Yes,Bridge
Telangana,2018,June,Monday,07:38,Fatal,1,Cycle,8,4,Foggy,National Highway,Wet,Dark,Police Checkpost,80,31,Expired,Yes,Intersection
Tripura,2019,July,Monday,16:43,Minor,3,Truck,7,1,Clear,State Highway,Wet,Dusk,Police Checkpost,59,53,Valid,No,Curve
Nagaland,2019,August,Saturday,08:45,Fatal,4,Auto-Rickshaw,15,5,Clear,State Highway,Damaged,Dark,None,115,39,Expired,Yes,Intersection
Manipur,2020,March,Saturday,02:59,Serious,1,Auto-Rickshaw,10,2,Rainy,State Highway,Dry,Dawn,Police Checkpost,109,60,None,Yes,Curve
Gujarat,2019,August,Wednesday,19:09,Fatal,3,Auto-Rickshaw,11,1,Clear,National Highway,Wet,Daylight,Police Checkpost,82,41,Expired,Yes,Intersection
Chandigarh,2020,September,Thursday,02:54,Fatal,2,Cycle,9,3,Clear,Village Road,Damaged,Dawn,Signs,53,27,None,Yes,Intersection
Meghalaya,2020,January,Thursday,03:40,Serious,1,Pedestrian,11,0,Rainy,Village Road,Wet,Dusk,Signs,108,40,None,No,Curve
Himachal Pradesh,2021,May,Saturday,10:24,Minor,2,Pedestrian,10,3,Snowy,Village Road,Dry,Dusk,None,97,31,None,No,Bridge
Puducherry,2019,March,Monday,03:32,Minor,2,Pedestrian,6,4,Clear,Village Road,Wet,Dawn,Signs,47,45,Expired,No,Straight Road
Chhattisgarh,2019,August,Friday,02:18,Fatal,5,Car,11,5,Clear,Village Road,Under Construction,Dusk,Police Checkpost,56,39,Valid,Yes,Bridge
Meghalaya,2020,October,Friday,08:32,Serious,2,Bus,4,4,Clear,National Highway,Under Construction,Dusk,Signs,31,40,Expired,Yes,Curve
Uttarakhand,2022,January,Monday,05:07,Fatal,5,Auto-Rickshaw,11,1,Clear,Village Road,Wet,Daylight,Police Checkpost,53,49,Expired,Yes,Intersection
Tripura,2020,February,Saturday,19:00,Serious,2,Two-Wheeler,7,2,Clear,Urban Road,Dry,Dawn,Police Checkpost,53,36,Valid,No,Bridge
Jammu and Kashmir,2019,June,Wednesday,23:57,Serious,4,Truck,11,3,Clear,National Highway,Under Construction,Dusk,None,61,36,None,No,Bridge
Chhattisgarh,2023,November,Saturday,22:13,Minor,5,Two-Wheeler,14,1,Clear,Village Road,Damaged,Daylight,Signs,111,33,None,No,Straight Road
Arunachal Pradesh,2022,October,Friday,07:30,Minor,5,Bus,12,3,Clear,Village Road,Under Construction,Dark,Signals,87,58,Valid,No,Intersection
Jammu and Kashmir,2018,September,Saturday,01:49,Serious,1,Cycle,6,1,Clear,Urban Road,Damaged,Dark,None,71,59,Expired,Yes,Curve
Madhya Pradesh,2022,February,Friday,10:00,Fatal,3,Cycle,10,4,Rainy,State Highway,Damaged,Dark,Signals,115,35,Expired,Yes,Curve
Rajasthan,2023,September,Sunday,13:57,Serious,1,Car,5,3,Clear,Urban Road,Under Construction,Daylight,None,34,59,Valid,Yes,Bridge
Andhra Pradesh,2023,November,Friday,12:58,Serious,1,Auto-Rickshaw,10,2,Clear,State Highway,Damaged,Dark,Police Checkpost,114,39,Expired,Yes,Intersection
Arunachal Pradesh,2019,May,Friday,17:56,Serious,3,Two-Wheeler,10,1,Clear,Urban Road,Under Construction,Dusk,Police Checkpost,89,43,Valid,Yes,Bridge
Bihar,2022,January,Tuesday,21:49,Fatal,1,Car,9,2,Clear,State Highway,Dry,Daylight,Signs,94,41,Valid,Yes,Intersection
Jammu and Kashmir,2021,March,Tuesday,09:04,Fatal,4,Auto-Rickshaw,9,5,Rainy,State Highway,Wet,Dawn,Signals,31,44,Expired,Yes,Straight Road
Odisha,2022,September,Saturday,03:35,Serious,3,Bus,13,0,Foggy,National Highway,Wet,Dark,Signs,109,34,Valid,Yes,Intersection
Madhya Pradesh,2019,December,Tuesday,07:49,Fatal,1,Car,6,0,Clear,Urban Road,Dry,Daylight,None,49,33,Expired,Yes,Straight Road
West Bengal,2021,February,Saturday,02:03,Serious,5,Car,16,0,Clear,National Highway,Wet,Daylight,None,119,23,Expired,No,Bridge
Gujarat,2022,August,Saturday,06:07,Minor,4,Car,14,3,Clear,State Highway,Under Construction,Daylight,Police Checkpost,114,48,Expired,No,Intersection
Uttarakhand,2022,February,Monday,17:45,Minor,5,Two-Wheeler,12,1,Rainy,National Highway,Damaged,Dark,Police Checkpost,56,41,Valid,No,Curve
Uttarakhand,2023,October,Thursday,18:20,Serious,5,Cycle,16,4,Rainy,Urban Road,Dry,Dark,Signs,120,44,None,Yes,Intersection
Tamil Nadu,2018,October,Sunday,22:21,Minor,1,Car,10,1,Rainy,Village Road,Damaged,Dawn,None,106,35,None,No,Curve
Mizoram,2018,September,Friday,21:23,Minor,2,Truck,7,2,Foggy,National Highway,Wet,Daylight,None,79,36,Valid,No,Straight Road
Tripura,2022,June,Saturday,16:07,Minor,5,Auto-Rickshaw,15,2,Clear,National Highway,Dry,Dark,None,99,47,Expired,No,Straight Road
Nagaland,2023,September,Saturday,10:23,Minor,2,Bus,8,1,Rainy,National Highway,Under Construction,Dark,None,71,53,None,No,Curve
Manipur,2021,May,Tuesday,04:54,Minor,5,Truck,11,0,Clear,National Highway,Wet,Dusk,Police Checkpost,58,39,Valid,No,Intersection
Uttarakhand,2020,June,Saturday,13:07,Minor,4,Car,10,2,Clear,National Highway,Under Construction,Dusk,Signals,54,32,Expired,No,Intersection
Maharashtra,2022,February,Sunday,22:00,Minor,1,Pedestrian,8,0,Rainy,National Highway,Dry,Daylight,None,72,49,Valid,No,Intersection
Karnataka,2020,December,Thursday,13:28,Minor,5,Pedestrian,16,5,Clear,Village Road,Under Construction,Dusk,Signs,115,58,None,No,Curve
Chandigarh,2020,April,Thursday,05:49,Fatal,4,Truck,10,4,Clear,Village Road,Dry,Dusk,Signals,73,43,None,Yes,Curve
Uttarakhand,2023,June,Tuesday,17:54,Serious,2,Auto-Rickshaw,10,3,Clear,State Highway,Wet,Dark,None,85,38,Expired,Yes,Curve
Delhi,2020,January,Friday,09:56,Serious,1,Auto-Rickshaw,5,4,Clear,State Highway,Under Construction,Dawn,Signals,30,38,Expired,Yes,Straight Road
Haryana,2019,June,Wednesday,20:27,Serious,3,Cycle,8,5,Clear,State Highway,Dry,Dark,Police Checkpost,41,53,Valid,Yes,Curve
Tamil Nadu,2022,September,Monday,05:50,Serious,5,Bus,11,4,Clear,Village Road,Damaged,Dark,Signs,64,23,Valid,No,Bridge
Madhya Pradesh,2018,October,Wednesday,03:42,Fatal,1,Pedestrian,7,2,Clear,Urban Road,Under Construction,Dark,Police Checkpost,67,28,Valid,Yes,Straight Road
Goa,2019,October,Tuesday,15:40,Minor,4,Cycle,13,2,Rainy,Village Road,Dry,Dark,Police Checkpost,100,47,Valid,No,Straight Road
Haryana,2023,June,Sunday,09:11,Fatal,5,Pedestrian,14,2,Clear,Village Road,Under Construction,Daylight,Signals,109,62,None,Yes,Curve
Haryana,2021,January,Thursday,08:06,Fatal,3,Car,6,2,Clear,National Highway,Damaged,Dawn,Signals,36,64,None,Yes,Bridge
Himachal Pradesh,2018,January,Saturday,10:39,Fatal,5,Pedestrian,16,1,Rainy,Village Road,Wet,Dusk,Signs,107,51,Expired,Yes,Straight Road
Andhra Pradesh,2020,October,Sunday,11:32,Fatal,5,Car,9,3,Clear,Village Road,Wet,Dusk,None,33,29,Valid,Yes,Straight Road
Sikkim,2019,April,Wednesday,08:09,Minor,1,Auto-Rickshaw,3,0,Rainy,National Highway,Dry,Dark,Police Checkpost,38,34,Valid,No,Curve
Himachal Pradesh,2018,March,Tuesday,14:39,Serious,3,Auto-Rickshaw,12,2,Clear,Urban Road,Dry,Daylight,None,114,56,None,Yes,Intersection
Karnataka,2023,July,Wednesday,21:13,Minor,2,Pedestrian,7,3,Clear,National Highway,Wet,Daylight,Signals,76,46,Valid,No,Bridge
Haryana,2018,October,Wednesday,21:24,Fatal,1,Pedestrian,5,1,Clear,National Highway,Damaged,Dawn,Signs,50,32,Valid,Yes,Curve
Odisha,2022,December,Sunday,23:55,Minor,4,Truck,11,5,Clear,Urban Road,Damaged,Daylight,Signals,65,28,None,No,Curve
Rajasthan,2023,June,Thursday,09:45,Minor,2,Pedestrian,9,5,Rainy,National Highway,Wet,Daylight,Police Checkpost,93,44,Expired,No,Bridge
Delhi,2018,October,Saturday,11:49,Fatal,3,Truck,11,2,Clear,Village Road,Under Construction,Dark,Police Checkpost,83,55,Valid,Yes,Straight Road
Puducherry,2022,October,Wednesday,06:15,Fatal,5,Bus,16,1,Rainy,Village Road,Dry,Dusk,None,114,41,Expired,Yes,Intersection
Gujarat,2018,October,Thursday,22:54,Minor,3,Two-Wheeler,11,0,Clear,State Highway,Wet,Dawn,Signs,112,46,None,No,Bridge
West Bengal,2020,September,Friday,16:52,Serious,2,Car,11,3,Stormy,National Highway,Damaged,Daylight,Police Checkpost,100,54,None,Yes,Straight Road
Madhya Pradesh,2022,April,Wednesday,13:35,Serious,5,Car,11,0,Clear,Village Road,Dry,Dusk,None,66,47,None,Yes,Straight Road
Kerala,2022,February,Monday,16:20,Fatal,1,Truck,9,4,Foggy,Village Road,Damaged,Dawn,Police Checkpost,109,37,None,Yes,Bridge
Jharkhand,2023,January,Monday,05:05,Fatal,5,Two-Wheeler,14,1,Clear,State Highway,Under Construction,Dusk,None,108,23,Valid,Yes,Intersection
Kerala,2019,April,Thursday,07:43,Minor,3,Bus,7,4,Rainy,State Highway,Damaged,Dark,Signs,45,13,None,No,Straight Road
Delhi,2019,February,Tuesday,14:24,Fatal,4,Two-Wheeler,13,2,Clear,Village Road,Dry,Daylight,Signals,88,29,Valid,Yes,Bridge
Bihar,2019,December,Sunday,14:11,Fatal,4,Pedestrian,14,0,Clear,National Highway,Damaged,Dusk,Signals,110,54,None,Yes,Intersection
Bihar,2018,August,Friday,22:19,Minor,5,Bus,9,5,Foggy,National Highway,Wet,Daylight,Police Checkpost,41,52,Expired,No,Intersection
Arunachal Pradesh,2022,November,Wednesday,17:18,Minor,1,Car,8,5,Clear,Urban Road,Damaged,Dark,Signs,102,31,None,No,Straight Road
Assam,2022,January,Thursday,04:19,Fatal,4,Pedestrian,9,5,Clear,National Highway,Wet,Dusk,None,45,54,Expired,Yes,Intersection
Odisha,2021,April,Sunday,04:19,Serious,2,Cycle,7,0,Rainy,Urban Road,Damaged,Dusk,Police Checkpost,65,18,Valid,Yes,Curve
Chhattisgarh,2018,January,Tuesday,08:00,Minor,5,Auto-Rickshaw,10,4,Rainy,Village Road,Dry,Dawn,None,46,47,None,No,Straight Road
Madhya Pradesh,2020,March,Wednesday,05:26,Minor,2,Auto-Rickshaw,6,2,Clear,Urban Road,Damaged,Dusk,Signals,61,39,Valid,No,Straight Road
Andhra Pradesh,2018,January,Thursday,06:38,Serious,4,Car,12,3,Clear,Urban Road,Dry,Dark,Signs,100,41,Valid,Yes,Straight Road
Haryana,2023,April,Sunday,18:53,Fatal,1,Cycle,6,1,Clear,Urban Road,Under Construction,Dusk,Police Checkpost,71,26,Valid,Yes,Straight Road
Delhi,2018,September,Monday,20:44,Fatal,4,Auto-Rickshaw,13,4,Clear,Urban Road,Wet,Dusk,Signals,115,29,Expired,Yes,Bridge
Jammu and Kashmir,2019,March,Thursday,03:48,Minor,4,Truck,12,5,Clear,Urban Road,Damaged,Dark,Signs,91,41,Expired,No,Bridge
Goa,2019,January,Thursday,18:07,Minor,1,Truck,10,3,Rainy,Village Road,Wet,Dawn,None,97,50,Valid,No,Curve
Telangana,2020,July,Wednesday,21:14,Fatal,2,Auto-Rickshaw,10,0,Clear,State Highway,Damaged,Daylight,Signals,100,54,Valid,Yes,Bridge
Telangana,2021,November,Sunday,23:02,Minor,3,Truck,9,0,Clear,Urban Road,Damaged,Dawn,None,65,61,None,No,Straight Road
West Bengal,2018,October,Wednesday,15:22,Fatal,4,Truck,6,2,Clear,Village Road,Under Construction,Dusk,Police Checkpost,35,12,None,Yes,Bridge
West Bengal,2018,October,Wednesday,10:22,Serious,2,Car,9,1,Stormy,Village Road,Damaged,Dusk,None,86,22,Valid,Yes,Curve
Tamil Nadu,2022,November,Tuesday,15:07,Minor,2,Cycle,8,2,Rainy,National Highway,Under Construction,Dusk,Signs,70,53,Valid,No,Bridge
Odisha,2022,June,Sunday,19:06,Fatal,1,Truck,10,2,Foggy,Village Road,Under Construction,Dawn,Signs,113,32,Expired,Yes,Straight Road
Delhi,2019,February,Tuesday,07:31,Minor,3,Car,9,5,Clear,Urban Road,Wet,Daylight,None,55,50,None,No,Intersection
Jammu and Kashmir,2022,February,Sunday,22:42,Minor,1,Bus,11,2,Clear,Urban Road,Damaged,Dawn,Police Checkpost,114,28,Valid,No,Curve
Himachal Pradesh,2022,August,Tuesday,04:41,Fatal,4,Auto-Rickshaw,12,0,Rainy,Village Road,Dry,Daylight,Signs,100,37,None,Yes,Curve
Arunachal Pradesh,2021,June,Thursday,05:27,Serious,2,Truck,9,2,Clear,Urban Road,Dry,Dark,Police Checkpost,81,20,None,Yes,Bridge
Jammu and Kashmir,2021,June,Tuesday,03:23,Minor,5,Two-Wheeler,10,4,Clear,Urban Road,Wet,Dark,Signals,53,33,Valid,No,Curve
Uttar Pradesh,2023,February,Tuesday,03:27,Fatal,4,Bus,13,1,Rainy,Urban Road,Wet,Dark,Signals,93,48,Expired,Yes,Curve
Manipur,2019,March,Friday,20:41,Fatal,3,Auto-Rickshaw,8,3,Rainy,National Highway,Under Construction,Dark,Signals,52,33,Expired,Yes,Intersection
Sikkim,2020,August,Monday,21:02,Fatal,3,Car,13,2,Foggy,State Highway,Dry,Dusk,None,101,54,Expired,Yes,Straight Road
Puducherry,2023,March,Sunday,22:16,Minor,5,Pedestrian,15,0,Clear,Urban Road,Wet,Daylight,Signs,99,33,None,No,Intersection
Haryana,2021,July,Thursday,01:55,Fatal,4,Auto-Rickshaw,12,0,Clear,Urban Road,Wet,Daylight,Police Checkpost,111,29,Expired,Yes,Straight Road
Odisha,2022,December,Friday,10:02,Minor,1,Bus,5,0,Clear,National Highway,Under Construction,Dawn,Signs,59,46,Expired,No,Intersection
Jammu and Kashmir,2021,December,Tuesday,17:17,Minor,1,Cycle,4,4,Clear,National Highway,Wet,Daylight,Police Checkpost,43,22,None,No,Straight Road
Meghalaya,2022,November,Tuesday,18:10,Fatal,4,Truck,8,4,Clear,State Highway,Damaged,Dusk,Signs,46,33,Expired,Yes,Straight Road
Rajasthan,2022,December,Thursday,10:15,Serious,1,Pedestrian,11,0,Clear,Village Road,Damaged,Dusk,None,115,24,Expired,Yes,Straight Road
Jammu and Kashmir,2022,March,Wednesday,09:02,Fatal,3,Two-Wheeler,13,4,Clear,State Highway,Dry,Dark,None,108,49,None,Yes,Straight Road
Gujarat,2019,March,Saturday,17:47,Minor,4,Auto-Rickshaw,11,3,Clear,State Highway,Wet,Dusk,Police Checkpost,84,51,None,No,Intersection
Telangana,2023,September,Wednesday,18:29,Minor,3,Cycle,9,1,Rainy,Urban Road,Dry,Daylight,Signs,79,13,None,No,Curve
Bihar,2022,May,Wednesday,02:56,Minor,5,Two-Wheeler,16,1,Rainy,State Highway,Under Construction,Daylight,Police Checkpost,114,43,Valid,No,Intersection
Delhi,2023,January,Wednesday,05:29,Fatal,2,Truck,8,4,Clear,Urban Road,Damaged,Daylight,Signals,60,7,Valid,Yes,Straight Road
Tamil Nadu,2019,March,Thursday,13:32,Serious,3,Truck,11,2,Rainy,National Highway,Dry,Daylight,None,107,31,Expired,Yes,Intersection
West Bengal,2019,May,Thursday,17:46,Serious,3,Truck,7,4,Rainy,National Highway,Dry,Dawn,Signs,36,37,Expired,No,Curve
Chhattisgarh,2019,August,Tuesday,07:23,Fatal,2,Two-Wheeler,10,2,Clear,State Highway,Under Construction,Dusk,Signals,91,38,Valid,Yes,Intersection
Bihar,2020,March,Tuesday,09:11,Minor,3,Two-Wheeler,11,1,Clear,Village Road,Damaged,Dawn,Signals,88,19,None,No,Intersection
Rajasthan,2021,February,Wednesday,21:36,Serious,3,Truck,8,0,Clear,National Highway,Damaged,Daylight,None,50,33,Expired,Yes,Straight Road
Uttarakhand,2023,July,Sunday,10:04,Fatal,2,Two-Wheeler,11,1,Foggy,National Highway,Under Construction,Daylight,Signs,108,51,None,Yes,Bridge
Haryana,2023,February,Saturday,01:53,Fatal,1,Truck,5,3,Clear,State Highway,Damaged,Dawn,Signals,52,59,Valid,Yes,Bridge
Jammu and Kashmir,2021,November,Wednesday,13:23,Serious,3,Bus,8,2,Clear,Village Road,Dry,Dark,Signs,49,55,Expired,No,Straight Road
Meghalaya,2022,May,Wednesday,06:27,Minor,5,Bus,15,3,Clear,State Highway,Wet,Dawn,Signs,120,42,Expired,No,Intersection
Maharashtra,2022,January,Tuesday,02:02,Serious,2,Auto-Rickshaw,5,0,Clear,State Highway,Damaged,Dawn,Signs,32,47,Expired,Yes,Straight Road
Uttarakhand,2018,March,Sunday,10:16,Minor,3,Car,10,4,Rainy,State Highway,Wet,Dark,Police Checkpost,76,63,Expired,No,Intersection
Chandigarh,2023,August,Monday,09:59,Fatal,1,Truck,7,3,Rainy,Village Road,Under Construction,Dark,Signs,65,49,Valid,Yes,Bridge
Kerala,2019,December,Friday,19:36,Serious,5,Truck,9,4,Clear,Urban Road,Damaged,Dark,Signs,44,40,None,Yes,Curve
Himachal Pradesh,2021,December,Friday,12:01,Minor,1,Auto-Rickshaw,4,3,Clear,State Highway,Damaged,Dusk,None,30,40,None,No,Straight Road
Delhi,2023,February,Wednesday,11:56,Minor,3,Bus,13,5,Rainy,Village Road,Under Construction,Dark,Signs,100,39,Valid,No,Intersection
Jharkhand,2023,November,Wednesday,05:03,Fatal,1,Bus,10,0,Clear,State Highway,Dry,Daylight,Signals,118,56,None,Yes,Curve
Meghalaya,2018,June,Friday,22:52,Minor,4,Bus,13,3,Clear,National Highway,Under Construction,Dawn,Signals,119,32,Valid,No,Curve
Bihar,2021,March,Saturday,03:00,Minor,4,Two-Wheeler,11,2,Clear,State Highway,Damaged,Dark,Signs,72,18,Expired,No,Straight Road
Meghalaya,2020,December,Sunday,02:40,Fatal,5,Auto-Rickshaw,13,4,Rainy,Urban Road,Wet,Daylight,Signals,99,82,Expired,Yes,Curve
Chhattisgarh,2020,September,Friday,03:24,Fatal,1,Car,9,0,Clear,Urban Road,Wet,Dawn,Police Checkpost,107,39,None,Yes,Straight Road
Tripura,2018,December,Tuesday,20:47,Fatal,5,Car,10,0,Rainy,National Highway,Dry,Daylight,Signals,33,40,Expired,Yes,Bridge
Bihar,2023,August,Wednesday,02:07,Fatal,3,Pedestrian,12,2,Clear,Urban Road,Under Construction,Dark,Police Checkpost,118,47,Valid,Yes,Straight Road
Uttarakhand,2021,February,Monday,10:47,Minor,5,Cycle,10,4,Clear,Urban Road,Dry,Daylight,Signs,78,31,Expired,No,Intersection
Tamil Nadu,2021,January,Sunday,01:15,Fatal,5,Truck,12,3,Clear,National Highway,Wet,Dark,Signs,74,49,Expired,Yes,Intersection
Uttarakhand,2018,July,Sunday,10:12,Serious,3,Car,10,0,Clear,Urban Road,Under Construction,Daylight,None,86,33,None,Yes,Intersection
Meghalaya,2021,January,Thursday,19:34,Fatal,2,Two-Wheeler,5,5,Rainy,National Highway,Dry,Dark,Signs,47,53,Valid,Yes,Intersection
Meghalaya,2023,June,Sunday,20:54,Fatal,1,Cycle,5,2,Rainy,Urban Road,Under Construction,Daylight,Signs,60,42,Expired,Yes,Bridge
Arunachal Pradesh,2020,September,Monday,07:19,Fatal,5,Cycle,10,3,Foggy,National Highway,Under Construction,Daylight,None,40,38,None,Yes,Bridge
